order_id,customer_id,order_date,order_time,day_of_week,week_number,month,season,dish_name,dish_category,quantity_ordered,price_per_item,total_price,payment_method,dine_in_or_takeaway,preparation_time_minutes,table_number,promotion_applied,weather_condition,special_event_or_holiday,customer_rating,ingredient_name,ingredient_quantity_used_kg,current_stock_available_kg,stock_reorder_level_kg,stock_status,estimated_food_waste_kg,order_status,restaurant_branch,peak_hour_flag,delivery_time_minutes,repeat_customer_flag,orders_this_week,total_qty_this_week,rush_day_for_dish,branch_rush_day,dayofweek,age_group,loyalty_tier,dish_category_enc,day_of_week_enc,season_enc,weather_condition_enc,dine_in_or_takeaway_enc,promotion_applied_enc,restaurant_branch_enc,lag_1week_qty,rolling_7day_avg
ORD-10858,CUST-1359,2024-01-01,16:40,Monday,1,1,Winter,Spaghetti Carbonara,Pasta,2,13.49,26.98,Online,Dine-In,15,25.0,No,Snowy,New Year's Day,,Spaghetti,0.3587,113.94,19.95,Adequate,0.0587,Cancelled,Mall Branch,0,,Yes,3,4,Friday,Sunday,0,18-24,Silver,0,0,0,0,0,0,0,,2.0
ORD-10252,CUST-1125,2024-01-01,19:19,Monday,1,1,Winter,Spaghetti Carbonara,Pasta,1,13.49,13.49,Digital Wallet,Dine-In,17,24.0,No,Cold,New Year's Day,5.0,Spaghetti,0.1796,54.47,24.42,Adequate,0.0124,Completed,Downtown,1,,No,3,4,Friday,Saturday,0,55+,Platinum,0,0,0,1,0,0,1,,1.5
ORD-10502,CUST-1418,2024-01-02,18:27,Tuesday,1,1,Winter,Tomato Soup,Soups,5,6.49,32.45,Credit Card,Dine-In,10,7.0,No,Cold,,5.0,Tomatoes,1.715,102.67,33.58,Adequate,0.0946,Completed,Suburbs,1,,Yes,2,8,Saturday,Sunday,1,25-34,Gold,1,1,0,1,0,0,2,,5.0
ORD-10449,CUST-1296,2024-01-02,18:36,Tuesday,1,1,Winter,Cheesecake,Desserts,1,5.09,5.09,Digital Wallet,Takeaway,5,,Yes,Snowy,,4.0,Cream Cheese,0.1238,33.89,24.89,Adequate,0.0341,Pending,Mall Branch,1,21.0,No,1,1,Saturday,Sunday,1,18-24,Bronze,2,1,0,0,1,1,0,,1.0
ORD-10861,CUST-1286,2024-01-02,18:36,Tuesday,1,1,Winter,Classic Burger,Burgers,5,8.99,44.95,Digital Wallet,Dine-In,11,14.0,No,Rainy,,3.0,Beef Patty,0.9251,96.3,33.58,Adequate,0.0533,Completed,Suburbs,1,,Yes,4,11,Monday,Sunday,1,25-34,Bronze,3,1,0,2,0,0,2,,5.0
ORD-10687,CUST-1382,2024-01-03,11:38,Wednesday,1,1,Winter,Classic Burger,Burgers,2,8.99,17.98,Online,Takeaway,12,,No,Cold,,5.0,Beef Patty,0.3531,112.4,23.95,Adequate,0.054,Completed,Suburbs,1,21.0,No,4,11,Monday,Sunday,2,45-54,Bronze,3,2,0,1,1,0,2,,3.5
ORD-10138,CUST-1426,2024-01-03,12:11,Wednesday,1,1,Winter,Shawarma Wrap,Wraps,3,9.99,29.97,Digital Wallet,Dine-In,8,6.0,No,Cloudy,,2.0,Chicken Breast,0.6201,50.39,26.19,Adequate,0.0178,Completed,Airport,1,,No,2,6,Sunday,Saturday,2,45-54,Silver,4,2,0,3,0,0,3,,3.0
ORD-10874,CUST-1380,2024-01-04,11:11,Thursday,1,1,Winter,Iced Coffee,Beverages,1,4.49,4.49,Online,Dine-In,2,13.0,No,Rainy,,4.0,Coffee Beans,0.0175,57.91,20.86,Adequate,0.0117,Completed,Mall Branch,1,,Yes,1,1,Sunday,Sunday,3,18-24,Gold,5,3,0,2,0,0,0,,1.0
ORD-10037,CUST-1287,2024-01-04,11:16,Thursday,1,1,Winter,Tomato Soup,Soups,3,6.49,19.47,Online,Dine-In,12,19.0,No,Cold,,2.0,Tomatoes,1.0448,74.99,31.51,Adequate,0.0275,Completed,City Center,1,,No,2,8,Saturday,Saturday,3,18-24,Silver,1,3,0,1,0,0,4,,4.0
ORD-10848,CUST-1351,2024-01-04,17:38,Thursday,1,1,Winter,Double Cheeseburger,Burgers,1,11.49,11.49,Cash,Dine-In,13,29.0,No,Cloudy,,1.0,Beef Patty,0.3451,86.04,26.53,Adequate,0.0345,Completed,Suburbs,0,,Yes,1,1,Sunday,Sunday,3,35-44,Gold,3,3,0,3,0,0,2,,1.0
ORD-10194,CUST-1498,2024-01-05,11:08,Friday,1,1,Winter,Veggie Burger,Burgers,2,9.49,18.98,Digital Wallet,Takeaway,12,,No,Snowy,,5.0,Veggie Patty,0.347,38.31,34.72,Adequate,0.0301,Completed,Suburbs,1,60.0,No,2,3,Saturday,Sunday,4,55+,Gold,3,4,0,0,1,0,2,,2.0
ORD-10338,CUST-1413,2024-01-05,17:01,Friday,1,1,Winter,Hot Coffee,Beverages,3,2.97,8.91,Online,Dine-In,4,24.0,Yes,Cold,,5.0,Coffee Beans,0.0564,29.83,30.67,Low Stock,0.054,Completed,Suburbs,0,,Yes,1,3,Saturday,Sunday,4,45-54,Platinum,5,4,0,1,0,1,2,,3.0
ORD-10195,CUST-1338,2024-01-06,19:00,Saturday,1,1,Winter,Greek Salad,Salads,3,8.49,25.47,Credit Card,Dine-In,6,24.0,No,Cold,,5.0,Cucumber,0.3666,24.24,23.97,Adequate,0.0334,Pending,City Center,1,,Yes,1,3,Saturday,Saturday,5,18-24,Silver,7,5,0,1,0,0,4,,3.0
ORD-10857,CUST-1290,2024-01-06,18:28,Saturday,1,1,Winter,Pepperoni Pizza,Pizza,1,14.49,14.49,Digital Wallet,Dine-In,16,24.0,No,Cold,,4.0,Pizza Dough,0.2741,32.57,28.15,Adequate,0.0393,Completed,Mall Branch,1,,Yes,1,1,Sunday,Sunday,5,45-54,Gold,6,5,0,1,0,0,0,,1.0
ORD-10102,CUST-1041,2024-01-06,15:50,Saturday,1,1,Winter,Mushroom Soup,Soups,5,6.99,34.95,Debit Card,Takeaway,11,,No,Cold,,2.0,Mushrooms,1.4357,67.01,18.84,Adequate,0.1699,Pending,Suburbs,0,41.0,No,1,5,Sunday,Sunday,5,18-24,Bronze,1,5,0,1,1,0,2,,5.0
ORD-10684,CUST-1244,2024-01-06,15:37,Saturday,1,1,Winter,Shawarma Wrap,Wraps,3,9.99,29.97,Debit Card,Takeaway,12,,No,Snowy,,4.0,Chicken Breast,0.6236,85.25,22.72,Adequate,0.0524,Pending,Downtown,0,27.0,Yes,2,6,Sunday,Saturday,5,35-44,Platinum,4,5,0,0,1,0,1,,3.0
ORD-10048,CUST-1054,2024-01-06,12:18,Saturday,1,1,Winter,Classic Burger,Burgers,3,8.99,26.97,Digital Wallet,Takeaway,8,,No,Snowy,,3.0,Beef Patty,0.5414,101.52,20.35,Adequate,0.0542,Pending,City Center,1,31.0,No,4,11,Monday,Saturday,5,35-44,Platinum,3,5,0,0,1,0,4,,3.3333333333333335
ORD-10141,CUST-1471,2024-01-06,11:18,Saturday,1,1,Winter,Margherita Pizza,Pizza,3,11.04,33.12,Debit Card,Takeaway,21,,Yes,Cold,,4.0,Pizza Dough,0.8136,87.35,17.15,Adequate,0.0595,Completed,City Center,1,33.0,No,1,3,Saturday,Saturday,5,18-24,Bronze,6,5,0,1,1,1,4,,3.0
ORD-10299,CUST-1222,2024-01-07,13:30,Sunday,1,1,Winter,Spaghetti Carbonara,Pasta,1,13.49,13.49,Cash,Dine-In,16,21.0,No,Cold,,4.0,Spaghetti,0.1826,52.4,30.13,Adequate,0.007,Completed,Downtown,1,,Yes,3,4,Friday,Saturday,6,55+,Gold,0,6,0,1,0,0,1,,1.3333333333333333
ORD-10340,CUST-1475,2024-01-07,17:54,Sunday,1,1,Winter,Lemonade,Beverages,1,2.97,2.97,Debit Card,Dine-In,3,2.0,Yes,Cloudy,,5.0,Lemons,0.0935,111.52,29.77,Adequate,0.0387,Completed,Downtown,0,,Yes,1,1,Sunday,Saturday,6,55+,Gold,5,6,0,3,0,1,1,,1.0
ORD-10611,CUST-1348,2024-01-08,09:33,Monday,2,1,Winter,Lamb Biryani,Rice Dishes,1,14.02,14.02,Debit Card,Takeaway,21,,Yes,Cold,,5.0,Basmati Rice,0.3067,68.91,20.95,Adequate,0.0189,Completed,Downtown,0,29.0,Yes,2,3,Saturday,Saturday,0,55+,Silver,8,0,0,1,1,1,1,,1.0
ORD-10665,CUST-1311,2024-01-08,15:10,Monday,2,1,Winter,Lamb Biryani,Rice Dishes,2,16.49,32.98,Debit Card,Takeaway,29,,No,Cloudy,,4.0,Basmati Rice,0.6101,49.58,34.21,Adequate,0.034,Completed,City Center,0,43.0,Yes,2,3,Saturday,Saturday,0,25-34,Gold,8,0,0,3,1,0,4,,1.5
ORD-10711,CUST-1153,2024-01-08,15:30,Monday,2,1,Winter,Mushroom Soup,Soups,1,6.99,6.99,Credit Card,Dine-In,8,13.0,No,Cloudy,,5.0,Mushrooms,0.302,66.93,25.37,Adequate,0.0199,Pending,Suburbs,0,,No,1,1,Sunday,Sunday,0,55+,Silver,1,0,0,3,0,0,2,,3.0
ORD-10482,CUST-1141,2024-01-08,16:37,Monday,2,1,Winter,Chocolate Lava Cake,Desserts,5,6.99,34.95,Digital Wallet,Takeaway,10,,No,Cold,,1.0,Chocolate,0.3565,91.92,32.69,Adequate,0.055,Completed,City Center,0,60.0,No,2,6,Friday,Saturday,0,55+,Bronze,2,0,0,1,1,0,4,,5.0
ORD-10242,CUST-1335,2024-01-08,18:05,Monday,2,1,Winter,Tomato Soup,Soups,1,6.49,6.49,Debit Card,Takeaway,9,,No,Cloudy,,4.0,Tomatoes,0.3618,59.55,29.36,Adequate,0.0369,Completed,Mall Branch,1,24.0,No,2,3,Saturday,Sunday,0,35-44,Gold,1,0,0,3,1,0,0,,3.0
ORD-10333,CUST-1438,2024-01-08,19:15,Monday,2,1,Winter,Hot Coffee,Beverages,1,3.49,3.49,Cash,Takeaway,3,,No,Snowy,,4.0,Coffee Beans,0.0182,117.75,15.07,Adequate,0.0319,Completed,Mall Branch,1,55.0,No,1,1,Saturday,Sunday,0,25-34,Bronze,5,0,0,0,1,0,0,,2.0
ORD-10386,CUST-1493,2024-01-09,11:05,Tuesday,2,1,Winter,Veggie Burger,Burgers,4,9.49,37.96,Cash,Dine-In,12,28.0,No,Snowy,,5.0,Veggie Patty,0.6718,50.27,16.57,Adequate,0.0716,Completed,Mall Branch,1,,Yes,3,9,Saturday,Sunday,1,18-24,Platinum,3,1,0,0,0,0,0,,3.0
ORD-10135,CUST-1248,2024-01-09,19:33,Tuesday,2,1,Winter,French Fries,Sides,2,3.99,7.98,Debit Card,Takeaway,6,,No,Cloudy,,5.0,Potatoes,0.4382,76.73,32.97,Adequate,0.0652,Completed,Suburbs,1,40.0,No,3,7,Saturday,Sunday,1,55+,Platinum,9,1,0,3,1,0,2,,2.0
ORD-10987,CUST-1475,2024-01-10,19:49,Wednesday,2,1,Winter,Shawarma Wrap,Wraps,1,9.99,9.99,Credit Card,Dine-In,7,11.0,No,Rainy,,4.0,Chicken Breast,0.2073,93.62,27.59,Adequate,0.0368,Completed,Suburbs,1,,Yes,1,1,Sunday,Sunday,2,55+,Gold,4,2,0,2,0,0,2,,2.3333333333333335
ORD-10537,CUST-1276,2024-01-10,16:27,Wednesday,2,1,Winter,Margherita Pizza,Pizza,1,11.04,11.04,Online,Takeaway,20,,Yes,Cloudy,,5.0,Pizza Dough,0.2889,71.68,20.69,Adequate,0.0195,Completed,Suburbs,0,27.0,Yes,1,1,Saturday,Sunday,2,25-34,Platinum,6,2,0,3,1,1,2,,2.0
ORD-10053,CUST-1401,2024-01-10,15:05,Wednesday,2,1,Winter,Veggie Burger,Burgers,4,8.07,32.28,Cash,Dine-In,13,15.0,Yes,Cold,,4.0,Veggie Patty,0.6951,65.24,16.34,Adequate,0.0361,Completed,Suburbs,0,,No,3,9,Saturday,Sunday,2,35-44,Platinum,3,2,0,1,0,1,2,,3.3333333333333335
ORD-10118,CUST-1073,2024-01-10,16:12,Wednesday,2,1,Winter,Spaghetti Carbonara,Pasta,2,13.49,26.98,Credit Card,Dine-In,13,11.0,No,Snowy,,,Spaghetti,0.3716,113.8,28.53,Adequate,0.085,Cancelled,Downtown,0,,No,2,4,Friday,Saturday,2,18-24,Platinum,0,2,0,0,0,0,1,,1.5
ORD-10519,CUST-1440,2024-01-11,09:20,Thursday,2,1,Winter,Double Cheeseburger,Burgers,1,11.49,11.49,Cash,Dine-In,10,4.0,No,Snowy,,3.0,Beef Patty,0.3471,33.57,17.73,Adequate,0.0397,Completed,City Center,0,,Yes,3,4,Sunday,Saturday,3,35-44,Gold,3,3,0,0,0,0,4,,1.0
ORD-10496,CUST-1254,2024-01-11,11:00,Thursday,2,1,Winter,Classic Burger,Burgers,1,8.99,8.99,Cash,Takeaway,10,,No,Cold,,,Beef Patty,0.1786,54.69,23.8,Adequate,0.0133,Cancelled,Airport,1,47.0,Yes,4,8,Monday,Saturday,3,45-54,Platinum,3,3,0,1,1,0,3,,2.75
ORD-10306,CUST-1366,2024-01-11,16:57,Thursday,2,1,Winter,Double Cheeseburger,Burgers,1,9.77,9.77,Debit Card,Dine-In,14,27.0,Yes,Cold,,4.0,Beef Patty,0.3507,118.4,15.69,Adequate,0.0322,Completed,Airport,0,,No,3,4,Sunday,Saturday,3,25-34,Bronze,3,3,0,1,0,1,3,,1.0
ORD-10355,CUST-1344,2024-01-12,13:24,Friday,2,1,Winter,Spaghetti Carbonara,Pasta,2,13.49,26.98,Online,Dine-In,15,1.0,No,Rainy,,4.0,Spaghetti,0.3727,46.83,18.65,Adequate,0.0422,Completed,Airport,1,,Yes,2,4,Friday,Saturday,4,55+,Silver,0,4,0,2,0,0,3,,1.6
ORD-10581,CUST-1422,2024-01-12,18:04,Friday,2,1,Winter,Classic Burger,Burgers,1,8.99,8.99,Debit Card,Takeaway,8,,No,Rainy,,5.0,Beef Patty,0.18,79.16,22.98,Adequate,0.008,Completed,City Center,1,43.0,Yes,4,8,Monday,Saturday,4,55+,Bronze,3,4,0,2,1,0,4,,2.4
ORD-10588,CUST-1230,2024-01-12,19:16,Friday,2,1,Winter,Classic Burger,Burgers,3,8.99,26.97,Cash,Takeaway,13,,No,Cloudy,,5.0,Beef Patty,0.5152,77.96,20.14,Adequate,0.0678,Pending,Airport,1,36.0,No,4,8,Monday,Saturday,4,18-24,Platinum,3,4,0,3,1,0,3,,2.5
ORD-10935,CUST-1285,2024-01-13,10:04,Saturday,2,1,Winter,Tomato Soup,Soups,2,6.49,12.98,Debit Card,Dine-In,8,19.0,No,Cold,,3.0,Tomatoes,0.7078,83.37,24.36,Adequate,0.0527,Completed,Airport,0,,Yes,2,3,Saturday,Saturday,5,25-34,Gold,1,5,0,1,0,0,3,,2.75
ORD-10511,CUST-1420,2024-01-13,10:30,Saturday,2,1,Winter,French Fries,Sides,2,3.99,7.98,Cash,Dine-In,7,23.0,No,Cold,,,Potatoes,0.4612,73.74,17.09,Adequate,0.0145,Completed,Airport,0,,No,3,7,Saturday,Saturday,5,35-44,Silver,9,5,0,1,0,0,3,,2.0
ORD-10232,CUST-1441,2024-01-13,13:52,Saturday,2,1,Winter,Chocolate Lava Cake,Desserts,1,6.99,6.99,Debit Card,Dine-In,10,1.0,No,Cold,,3.0,Chocolate,0.0678,63.11,16.05,Adequate,0.024,Completed,Suburbs,1,,No,2,6,Friday,Sunday,5,18-24,Bronze,2,5,0,1,0,0,2,,3.0
ORD-10389,CUST-1449,2024-01-13,15:20,Saturday,2,1,Winter,Onion Rings,Sides,1,4.49,4.49,Online,Takeaway,9,,No,Cold,,4.0,Onions,0.1836,42.7,27.92,Adequate,0.0214,Completed,Airport,0,25.0,No,1,1,Sunday,Saturday,5,35-44,Bronze,9,5,0,1,1,0,3,,1.0
ORD-10487,CUST-1317,2024-01-13,22:27,Saturday,2,1,Winter,French Fries,Sides,3,3.99,11.97,Debit Card,Dine-In,8,29.0,No,Rainy,,4.0,Potatoes,0.6878,117.9,15.68,Adequate,0.0711,Completed,City Center,0,,No,3,7,Saturday,Saturday,5,45-54,Gold,9,5,0,2,0,0,4,,2.3333333333333335
ORD-10107,CUST-1476,2024-01-14,13:49,Sunday,2,1,Winter,Classic Burger,Burgers,3,8.99,26.97,Cash,Takeaway,10,,No,Cloudy,,3.0,Beef Patty,0.5631,83.39,27.64,Adequate,0.0701,Pending,City Center,1,46.0,No,4,8,Monday,Saturday,6,35-44,Platinum,3,6,0,3,1,0,4,,2.5714285714285716
ORD-10974,CUST-1453,2024-01-14,22:58,Sunday,2,1,Winter,Veggie Burger,Burgers,1,9.49,9.49,Digital Wallet,Dine-In,9,2.0,No,Cold,,4.0,Veggie Patty,0.1755,111.96,20.03,Adequate,0.0265,Completed,Suburbs,0,,No,3,9,Saturday,Sunday,6,35-44,Platinum,3,6,0,1,0,0,2,,2.75
ORD-10708,CUST-1441,2024-01-14,13:38,Sunday,2,1,Winter,Chicken Biryani,Rice Dishes,4,13.99,55.96,Credit Card,Takeaway,24,,No,Cloudy,,,Basmati Rice,1.1752,41.25,28.94,Adequate,0.0817,Cancelled,City Center,1,50.0,Yes,1,4,Friday,Saturday,6,18-24,Bronze,8,6,0,3,1,0,4,,4.0
ORD-10322,CUST-1170,2024-01-14,19:09,Sunday,2,1,Winter,Double Cheeseburger,Burgers,2,9.77,19.54,Online,Dine-In,15,25.0,Yes,Cold,,,Beef Patty,0.7012,68.16,23.2,Adequate,0.0716,Cancelled,City Center,1,,Yes,3,4,Sunday,Saturday,6,45-54,Platinum,3,6,0,1,0,1,4,,1.25
ORD-10864,CUST-1139,2024-01-15,12:04,Monday,3,1,Winter,Tomato Soup,Soups,3,6.49,19.47,Cash,Takeaway,8,,No,Cloudy,,4.0,Tomatoes,1.0396,44.78,27.15,Adequate,0.0423,Completed,Suburbs,1,36.0,Yes,1,3,Saturday,Sunday,0,25-34,Silver,1,0,0,3,1,0,2,,2.8
ORD-10328,CUST-1143,2024-01-15,20:42,Monday,3,1,Winter,Chocolate Lava Cake,Desserts,1,6.99,6.99,Digital Wallet,Dine-In,10,5.0,No,Cold,,2.0,Chocolate,0.069,69.83,29.77,Adequate,0.0059,Completed,City Center,1,,Yes,1,1,Friday,Saturday,0,18-24,Platinum,2,0,0,1,0,0,4,,2.3333333333333335
ORD-10136,CUST-1075,2024-01-16,11:16,Tuesday,3,1,Winter,Spaghetti Carbonara,Pasta,1,13.49,13.49,Credit Card,Takeaway,15,,No,Cold,,3.0,Spaghetti,0.1732,22.49,33.62,Low Stock,0.0375,Completed,Airport,1,42.0,No,1,1,Friday,Saturday,1,45-54,Gold,0,1,0,1,1,0,3,,1.5
ORD-10373,CUST-1479,2024-01-17,15:40,Wednesday,3,1,Winter,BBQ Chicken Pizza,Pizza,2,15.99,31.98,Credit Card,Dine-In,24,9.0,No,Cloudy,,,Pizza Dough,0.5607,35.17,23.88,Adequate,0.0337,Completed,Suburbs,0,,Yes,1,2,Monday,Sunday,2,45-54,Gold,6,2,0,3,0,0,2,,2.0
ORD-10045,CUST-1094,2024-01-18,17:24,Thursday,3,1,Winter,Mushroom Soup,Soups,1,6.99,6.99,Credit Card,Dine-In,11,13.0,No,Cold,,,Mushrooms,0.2922,42.53,32.15,Adequate,0.0518,Cancelled,Suburbs,0,,No,1,1,Sunday,Sunday,3,25-34,Platinum,1,3,0,1,0,0,2,,2.3333333333333335
ORD-10390,CUST-1497,2024-01-18,17:39,Thursday,3,1,Winter,Penne Arrabbiata,Pasta,2,10.19,20.38,Credit Card,Takeaway,15,,Yes,Cold,,4.0,Penne Pasta,0.3609,108.13,19.84,Adequate,0.0471,Pending,Airport,0,33.0,Yes,1,2,Saturday,Saturday,3,18-24,Gold,0,3,0,1,1,1,3,,2.0
ORD-10154,CUST-1091,2024-01-19,13:03,Friday,3,1,Winter,Greek Salad,Salads,2,8.49,16.98,Debit Card,Dine-In,6,9.0,No,Cloudy,,4.0,Cucumber,0.2485,36.29,30.59,Adequate,0.0184,Completed,Downtown,1,,No,2,3,Saturday,Saturday,4,55+,Gold,7,4,0,3,0,0,1,,2.5
ORD-10721,CUST-1300,2024-01-19,11:43,Friday,3,1,Winter,Caesar Salad,Salads,3,8.99,26.97,Cash,Dine-In,6,16.0,No,Cloudy,,5.0,Romaine Lettuce,0.7533,83.63,25.38,Adequate,0.0705,Completed,Mall Branch,1,,Yes,1,3,Tuesday,Sunday,4,45-54,Platinum,7,4,0,3,0,0,0,,3.0
ORD-10756,CUST-1343,2024-01-19,17:55,Friday,3,1,Winter,Shawarma Wrap,Wraps,1,9.99,9.99,Online,Dine-In,9,24.0,No,Cold,,5.0,Chicken Breast,0.1993,42.79,32.72,Adequate,0.0366,Completed,Suburbs,0,,No,1,1,Sunday,Sunday,4,55+,Bronze,4,4,0,1,0,0,2,,2.0
ORD-10198,CUST-1026,2024-01-20,13:22,Saturday,3,1,Winter,Greek Salad,Salads,1,8.49,8.49,Digital Wallet,Dine-In,7,1.0,No,Cold,,4.0,Cucumber,0.1249,30.08,18.7,Adequate,0.0167,Completed,Airport,1,,No,2,3,Saturday,Saturday,5,25-34,Bronze,7,5,0,1,0,0,3,,2.0
ORD-10590,CUST-1261,2024-01-21,18:08,Sunday,3,1,Winter,Onion Rings,Sides,1,3.82,3.82,Debit Card,Dine-In,8,28.0,Yes,Snowy,,,Onions,0.1857,72.87,30.4,Adequate,0.0407,Cancelled,Suburbs,1,,No,1,1,Sunday,Sunday,6,25-34,Gold,9,6,0,0,0,1,2,,1.0
ORD-10823,CUST-1130,2024-01-21,18:09,Sunday,3,1,Winter,Hot Coffee,Beverages,3,3.49,10.47,Digital Wallet,Dine-In,2,24.0,No,Cold,,,Coffee Beans,0.0556,84.22,15.31,Adequate,0.0797,Pending,Downtown,1,,Yes,2,7,Saturday,Saturday,6,35-44,Gold,5,6,0,1,0,0,1,,2.3333333333333335
ORD-10653,CUST-1054,2024-01-21,10:59,Sunday,3,1,Winter,Hot Coffee,Beverages,4,2.97,11.88,Debit Card,Dine-In,4,27.0,Yes,Rainy,,1.0,Coffee Beans,0.0685,24.81,21.96,Adequate,0.0863,Completed,Mall Branch,0,,Yes,2,7,Saturday,Sunday,6,35-44,Platinum,5,6,0,2,0,1,0,,2.75
ORD-10940,CUST-1309,2024-01-21,17:24,Sunday,3,1,Winter,Classic Burger,Burgers,3,8.99,26.97,Credit Card,Takeaway,12,,No,Cold,,2.0,Beef Patty,0.5485,72.93,25.37,Adequate,0.0298,Completed,Suburbs,0,32.0,Yes,1,3,Monday,Sunday,6,25-34,Silver,3,6,0,1,1,0,2,5.0,2.2857142857142856
ORD-10560,CUST-1172,2024-01-22,10:53,Monday,4,1,Winter,Chicken Biryani,Rice Dishes,1,13.99,13.99,Online,Takeaway,27,,No,Snowy,,4.0,Basmati Rice,0.2943,23.25,21.6,Adequate,0.0239,Pending,Downtown,0,58.0,Yes,1,1,Friday,Saturday,0,35-44,Bronze,8,0,0,0,1,0,1,,2.5
ORD-10298,CUST-1248,2024-01-22,17:20,Monday,4,1,Winter,Spaghetti Carbonara,Pasta,2,13.49,26.98,Cash,Takeaway,17,,No,Cold,,4.0,Spaghetti,0.3765,79.76,17.41,Adequate,0.0719,Pending,Mall Branch,0,40.0,Yes,5,7,Friday,Sunday,0,55+,Platinum,0,0,0,1,1,0,0,,1.5714285714285714
ORD-10533,CUST-1313,2024-01-22,17:32,Monday,4,1,Winter,BBQ Chicken Pizza,Pizza,2,15.99,31.98,Cash,Takeaway,24,,No,Cold,,4.0,Pizza Dough,0.5801,38.04,31.05,Adequate,0.0297,Pending,Suburbs,0,60.0,No,2,5,Monday,Sunday,0,55+,Gold,6,0,0,1,1,0,2,,2.0
ORD-10870,CUST-1488,2024-01-22,17:32,Monday,4,1,Winter,Shawarma Wrap,Wraps,2,9.99,19.98,Digital Wallet,Takeaway,8,,No,Cold,,4.0,Chicken Breast,0.4025,74.42,16.88,Adequate,0.0282,Completed,Mall Branch,0,43.0,Yes,2,4,Sunday,Sunday,0,18-24,Gold,4,0,0,1,1,0,0,,2.0
ORD-10185,CUST-1444,2024-01-22,18:16,Monday,4,1,Winter,Ice Cream Sundae,Desserts,4,5.49,21.96,Digital Wallet,Takeaway,4,,No,Cold,,2.0,Ice Cream,0.7039,54.22,26.71,Adequate,0.1142,Completed,Downtown,1,26.0,Yes,2,7,Wednesday,Saturday,0,18-24,Bronze,2,0,0,1,1,0,1,,4.0
ORD-10468,CUST-1207,2024-01-22,18:21,Monday,4,1,Winter,BBQ Chicken Pizza,Pizza,3,15.99,47.97,Credit Card,Dine-In,19,28.0,No,Cloudy,,5.0,Pizza Dough,0.8564,40.82,18.87,Adequate,0.1069,Completed,Airport,1,,Yes,2,5,Monday,Saturday,0,35-44,Silver,6,0,0,3,0,0,3,,2.3333333333333335
ORD-10580,CUST-1371,2024-01-22,18:36,Monday,4,1,Winter,Hot Coffee,Beverages,3,3.49,10.47,Debit Card,Dine-In,4,12.0,No,Cold,,4.0,Coffee Beans,0.0532,72.53,34.17,Adequate,0.084,Completed,Airport,1,,Yes,5,10,Saturday,Saturday,0,55+,Bronze,5,0,0,1,0,0,3,,2.8
ORD-10043,CUST-1023,2024-01-22,19:46,Monday,4,1,Winter,Classic Burger,Burgers,1,7.64,7.64,Cash,Dine-In,10,3.0,Yes,Snowy,,4.0,Beef Patty,0.1878,26.9,33.68,Low Stock,0.0193,Completed,Downtown,1,,No,3,5,Monday,Saturday,0,35-44,Bronze,3,0,0,0,0,1,1,2.0,2.142857142857143
ORD-10623,CUST-1016,2024-01-22,21:18,Monday,4,1,Winter,Spaghetti Carbonara,Pasta,1,11.47,11.47,Digital Wallet,Dine-In,15,19.0,Yes,Rainy,,2.0,Spaghetti,0.1816,75.06,19.18,Adequate,0.0271,Completed,City Center,1,,No,5,7,Friday,Saturday,0,45-54,Gold,0,0,0,2,0,1,4,2.0,1.4285714285714286
ORD-10797,CUST-1292,2024-01-23,16:17,Tuesday,4,1,Winter,Classic Burger,Burgers,1,8.99,8.99,Digital Wallet,Takeaway,10,,No,Cold,,,Beef Patty,0.1761,61.49,29.8,Adequate,0.0178,Cancelled,Mall Branch,0,41.0,No,3,5,Monday,Sunday,1,35-44,Bronze,3,1,0,1,1,0,0,3.0,1.8571428571428572
ORD-10976,CUST-1062,2024-01-23,17:31,Tuesday,4,1,Winter,Hot Coffee,Beverages,2,3.49,6.98,Debit Card,Dine-In,3,9.0,No,Snowy,,,Coffee Beans,0.0348,80.81,25.08,Adequate,0.0534,Completed,Suburbs,0,,Yes,5,10,Saturday,Sunday,1,25-34,Platinum,5,1,0,0,0,0,2,,2.6666666666666665
ORD-10836,CUST-1102,2024-01-24,18:37,Wednesday,4,1,Winter,Hot Coffee,Beverages,2,3.49,6.98,Credit Card,Dine-In,3,19.0,No,Cold,,4.0,Coffee Beans,0.0344,117.93,24.09,Adequate,0.0636,Completed,Mall Branch,1,,Yes,5,10,Saturday,Sunday,2,35-44,Silver,5,2,0,1,0,0,0,,2.5714285714285716
ORD-10162,CUST-1202,2024-01-24,16:28,Wednesday,4,1,Winter,Double Cheeseburger,Burgers,2,11.49,22.98,Digital Wallet,Dine-In,16,25.0,No,Rainy,,4.0,Beef Patty,0.7336,114.78,29.63,Adequate,0.0214,Pending,Suburbs,0,,Yes,3,8,Sunday,Sunday,2,35-44,Silver,3,2,0,2,0,0,2,,1.4
ORD-10698,CUST-1459,2024-01-24,13:54,Wednesday,4,1,Winter,Classic Burger,Burgers,3,7.64,22.92,Debit Card,Dine-In,12,24.0,Yes,Cold,,2.0,Beef Patty,0.5408,57.15,23.27,Adequate,0.1159,Completed,Downtown,1,,No,3,5,Monday,Saturday,2,55+,Silver,3,2,0,1,0,1,1,1.0,2.142857142857143
ORD-10660,CUST-1462,2024-01-24,11:04,Wednesday,4,1,Winter,Margherita Pizza,Pizza,2,12.99,25.98,Debit Card,Takeaway,20,,No,Cloudy,,2.0,Pizza Dough,0.5553,51.89,32.64,Adequate,0.046,Completed,Suburbs,1,55.0,Yes,2,3,Saturday,Sunday,2,45-54,Bronze,6,2,0,3,1,0,2,,2.0
ORD-10129,CUST-1427,2024-01-24,10:38,Wednesday,4,1,Winter,Mushroom Soup,Soups,1,6.99,6.99,Credit Card,Dine-In,8,26.0,No,Cloudy,,4.0,Mushrooms,0.3014,52.16,34.29,Adequate,0.0258,Pending,City Center,0,,No,1,1,Sunday,Saturday,2,55+,Bronze,1,2,0,3,0,0,4,,2.0
ORD-10374,CUST-1386,2024-01-24,11:53,Wednesday,4,1,Winter,Double Cheeseburger,Burgers,4,11.49,45.96,Digital Wallet,Dine-In,10,22.0,No,Cold,,3.0,Beef Patty,1.4709,30.8,19.27,Adequate,0.0678,Pending,Mall Branch,1,,Yes,3,8,Sunday,Sunday,2,18-24,Platinum,3,2,0,1,0,0,0,,1.8333333333333333
ORD-10314,CUST-1045,2024-01-25,08:36,Thursday,4,1,Winter,Spaghetti Carbonara,Pasta,1,13.49,13.49,Online,Takeaway,16,,No,Cloudy,,4.0,Spaghetti,0.1796,36.85,32.07,Adequate,0.0236,Completed,Airport,0,47.0,Yes,5,7,Friday,Saturday,3,35-44,Silver,0,3,0,3,1,0,3,1.0,1.4285714285714286
ORD-10509,CUST-1085,2024-01-25,10:37,Thursday,4,1,Winter,Spaghetti Carbonara,Pasta,2,13.49,26.98,Credit Card,Takeaway,12,,No,Snowy,,4.0,Spaghetti,0.3604,61.1,25.5,Adequate,0.058,Completed,City Center,0,44.0,Yes,5,7,Friday,Saturday,3,18-24,Platinum,0,3,0,0,1,0,4,1.0,1.5714285714285714
ORD-10292,CUST-1036,2024-01-25,12:05,Thursday,4,1,Winter,Hot Coffee,Beverages,1,2.97,2.97,Online,Takeaway,2,,Yes,Snowy,,5.0,Coffee Beans,0.0182,53.09,28.3,Adequate,0.007,Completed,Suburbs,1,59.0,Yes,5,10,Saturday,Sunday,3,25-34,Platinum,5,3,0,0,1,1,2,3.0,2.2857142857142856
ORD-10112,CUST-1207,2024-01-25,22:55,Thursday,4,1,Winter,French Fries,Sides,2,3.99,7.98,Online,Takeaway,5,,No,Rainy,,,Potatoes,0.4504,58.04,21.26,Adequate,0.065,Cancelled,City Center,0,47.0,No,4,7,Saturday,Saturday,3,35-44,Silver,9,3,0,2,1,0,4,,2.25
ORD-10760,CUST-1033,2024-01-26,16:07,Friday,4,1,Winter,Chocolate Lava Cake,Desserts,1,5.94,5.94,Credit Card,Dine-In,13,7.0,Yes,Rainy,,5.0,Chocolate,0.0734,25.17,27.45,Low Stock,0.0207,Completed,City Center,0,,No,1,1,Friday,Saturday,4,35-44,Silver,2,4,0,2,0,1,4,,2.0
ORD-10737,CUST-1299,2024-01-26,19:49,Friday,4,1,Winter,Tomato Soup,Soups,2,6.49,12.98,Online,Dine-In,11,27.0,No,Cold,,1.0,Tomatoes,0.721,70.49,32.55,Adequate,0.0528,Completed,City Center,1,,Yes,1,2,Saturday,Saturday,4,45-54,Bronze,1,4,0,1,0,0,4,,2.6666666666666665
ORD-10359,CUST-1145,2024-01-27,13:02,Saturday,4,1,Winter,Shawarma Wrap,Wraps,2,9.99,19.98,Credit Card,Takeaway,10,,No,Cold,,4.0,Chicken Breast,0.3954,82.0,29.33,Adequate,0.0774,Completed,Suburbs,1,26.0,Yes,2,4,Sunday,Sunday,5,55+,Silver,4,5,0,1,1,0,2,,2.0
ORD-10008,CUST-1209,2024-01-27,13:20,Saturday,4,1,Winter,French Fries,Sides,1,3.99,3.99,Credit Card,Dine-In,7,22.0,No,Cloudy,,4.0,Potatoes,0.2182,114.04,28.55,Adequate,0.0192,Completed,Mall Branch,1,,No,4,7,Saturday,Sunday,5,18-24,Gold,9,5,0,3,0,0,0,,2.0
ORD-10208,CUST-1497,2024-01-27,15:30,Saturday,4,1,Winter,Ice Cream Sundae,Desserts,3,5.49,16.47,Credit Card,Takeaway,4,,No,Cloudy,,,Ice Cream,0.5347,105.7,33.34,Adequate,0.0535,Completed,Airport,0,27.0,No,2,7,Wednesday,Saturday,5,18-24,Gold,2,5,0,3,1,0,3,,3.5
ORD-10131,CUST-1056,2024-01-27,15:37,Saturday,4,1,Winter,Spaghetti Carbonara,Pasta,1,13.49,13.49,Digital Wallet,Dine-In,12,25.0,No,Cold,,5.0,Spaghetti,0.1778,42.07,24.42,Adequate,0.0362,Completed,Mall Branch,0,,No,5,7,Friday,Sunday,5,45-54,Silver,0,5,0,1,0,0,0,2.0,1.4285714285714286
ORD-10592,CUST-1478,2024-01-27,17:19,Saturday,4,1,Winter,Hot Coffee,Beverages,2,3.49,6.98,Credit Card,Dine-In,2,8.0,No,Cold,,,Coffee Beans,0.0362,40.65,29.73,Adequate,0.0958,Cancelled,Downtown,0,,Yes,5,10,Saturday,Saturday,5,25-34,Silver,5,5,0,1,0,0,1,1.0,2.4285714285714284
ORD-10460,CUST-1390,2024-01-28,19:02,Sunday,4,1,Winter,Margherita Pizza,Pizza,1,11.04,11.04,Credit Card,Dine-In,18,12.0,Yes,Cold,,,Pizza Dough,0.2937,89.83,23.09,Adequate,0.0397,Cancelled,City Center,1,,Yes,2,3,Saturday,Saturday,6,35-44,Silver,6,6,0,1,0,1,4,,1.75
ORD-10443,CUST-1487,2024-01-28,18:19,Sunday,4,1,Winter,Double Cheeseburger,Burgers,2,9.77,19.54,Online,Takeaway,13,,Yes,Cloudy,,5.0,Beef Patty,0.6949,58.98,20.12,Adequate,0.0243,Completed,Suburbs,1,54.0,Yes,3,8,Sunday,Sunday,6,35-44,Gold,3,6,0,3,1,1,2,,1.8571428571428572
ORD-10981,CUST-1117,2024-01-28,17:41,Sunday,4,1,Winter,French Fries,Sides,3,3.99,11.97,Online,Takeaway,5,,No,Cold,,,Potatoes,0.6781,29.16,17.51,Adequate,0.0849,Cancelled,City Center,0,34.0,Yes,4,7,Saturday,Saturday,6,18-24,Bronze,9,6,0,1,1,0,4,,2.1666666666666665
ORD-10284,CUST-1473,2024-01-28,11:40,Sunday,4,1,Winter,French Fries,Sides,1,3.99,3.99,Debit Card,Takeaway,8,,No,Cold,,5.0,Potatoes,0.2307,118.71,31.53,Adequate,0.0066,Completed,Airport,1,27.0,Yes,4,7,Saturday,Saturday,6,25-34,Bronze,9,6,0,1,1,0,3,,2.0
ORD-10123,CUST-1408,2024-01-29,10:30,Monday,5,1,Winter,French Fries,Sides,2,3.99,7.98,Digital Wallet,Takeaway,7,,No,Rainy,,5.0,Potatoes,0.4523,66.89,25.25,Adequate,0.0395,Completed,City Center,0,54.0,No,1,2,Saturday,Saturday,0,18-24,Platinum,9,0,0,2,1,0,4,2.0,2.0
ORD-10124,CUST-1465,2024-01-29,12:39,Monday,5,1,Winter,Pepperoni Pizza,Pizza,4,12.32,49.28,Online,Dine-In,15,6.0,Yes,Cloudy,,4.0,Pizza Dough,1.0933,90.08,24.7,Adequate,0.068,Completed,Mall Branch,1,,No,2,6,Sunday,Sunday,0,35-44,Bronze,6,0,0,3,0,1,0,,2.5
ORD-10564,CUST-1275,2024-01-29,13:07,Monday,5,1,Winter,Caesar Salad,Salads,2,8.99,17.98,Digital Wallet,Takeaway,7,,No,Cloudy,,2.0,Romaine Lettuce,0.5245,93.83,27.0,Adequate,0.0554,Completed,Suburbs,1,35.0,No,1,2,Tuesday,Sunday,0,55+,Silver,7,0,0,3,1,0,2,,2.5
ORD-10205,CUST-1240,2024-01-29,19:09,Monday,5,1,Winter,Tomato Soup,Soups,2,5.52,11.04,Cash,Dine-In,12,10.0,Yes,Snowy,,5.0,Tomatoes,0.6851,35.59,32.62,Adequate,0.0626,Completed,Downtown,1,,No,1,2,Saturday,Saturday,0,25-34,Gold,1,0,0,0,0,1,1,,2.5714285714285716
ORD-10559,CUST-1048,2024-01-30,15:02,Tuesday,5,1,Winter,Mushroom Soup,Soups,3,6.99,20.97,Digital Wallet,Dine-In,13,11.0,No,Cloudy,,5.0,Mushrooms,0.9296,51.27,28.69,Adequate,0.0183,Completed,Airport,0,,Yes,2,8,Sunday,Saturday,1,18-24,Silver,1,1,0,3,0,0,3,,2.2
ORD-10321,CUST-1136,2024-01-31,08:59,Wednesday,5,1,Winter,Margherita Pizza,Pizza,1,12.99,12.99,Debit Card,Takeaway,17,,No,Cold,,4.0,Pizza Dough,0.274,26.49,27.12,Low Stock,0.0275,Completed,City Center,0,26.0,Yes,3,6,Saturday,Saturday,2,35-44,Gold,6,2,0,1,1,0,4,,1.6
ORD-10882,CUST-1176,2024-01-31,16:08,Wednesday,5,1,Winter,Spaghetti Carbonara,Pasta,3,13.49,40.47,Debit Card,Dine-In,12,28.0,No,Cold,,3.0,Spaghetti,0.5502,89.93,34.16,Adequate,0.0349,Pending,Mall Branch,0,,No,2,4,Friday,Sunday,2,18-24,Silver,0,2,0,1,0,0,0,2.0,1.5714285714285714
ORD-10257,CUST-1299,2024-01-31,16:19,Wednesday,5,1,Winter,BBQ Chicken Pizza,Pizza,1,15.99,15.99,Credit Card,Dine-In,22,20.0,No,Cloudy,,4.0,Pizza Dough,0.287,48.39,29.88,Adequate,0.0372,Completed,Downtown,0,,No,1,1,Monday,Saturday,2,45-54,Bronze,6,2,0,3,0,0,1,,2.0
ORD-10518,CUST-1007,2024-02-01,10:14,Thursday,5,2,Winter,Chicken Biryani,Rice Dishes,2,11.89,23.78,Debit Card,Dine-In,24,26.0,Yes,Cold,,4.0,Basmati Rice,0.5727,87.14,27.62,Adequate,0.0311,Completed,Downtown,0,,No,1,2,Friday,Saturday,3,18-24,Silver,8,3,0,1,0,1,1,,2.3333333333333335
ORD-10224,CUST-1226,2024-02-01,17:34,Thursday,5,2,Winter,Margherita Pizza,Pizza,3,12.99,38.97,Digital Wallet,Dine-In,22,17.0,No,Snowy,,,Pizza Dough,0.8765,91.26,24.37,Adequate,0.0828,Cancelled,City Center,0,,No,3,6,Saturday,Saturday,3,18-24,Gold,6,3,0,0,0,0,4,,1.8333333333333333
ORD-10339,CUST-1089,2024-02-01,17:36,Thursday,5,2,Winter,Shawarma Wrap,Wraps,1,9.99,9.99,Digital Wallet,Takeaway,7,,No,Cloudy,,,Chicken Breast,0.2,98.83,21.28,Adequate,0.0319,Cancelled,Airport,0,29.0,No,2,3,Sunday,Saturday,3,45-54,Gold,4,3,0,3,1,0,3,,1.8571428571428572
ORD-10439,CUST-1059,2024-02-02,13:24,Friday,5,2,Winter,Pepperoni Pizza,Pizza,2,14.49,28.98,Credit Card,Dine-In,22,29.0,No,Cold,,4.0,Pizza Dough,0.5344,33.4,25.16,Adequate,0.044,Completed,City Center,1,,Yes,2,6,Sunday,Saturday,4,35-44,Silver,6,4,0,1,0,0,4,,2.3333333333333335
ORD-10725,CUST-1210,2024-02-02,11:11,Friday,5,2,Winter,Hot Coffee,Beverages,3,3.49,10.47,Cash,Takeaway,3,,No,Cold,,,Coffee Beans,0.0523,69.0,26.82,Adequate,0.0399,Cancelled,Mall Branch,1,47.0,Yes,1,3,Saturday,Sunday,4,18-24,Platinum,5,4,0,1,1,0,0,3.0,2.4285714285714284
ORD-10283,CUST-1144,2024-02-03,20:36,Saturday,5,2,Winter,Shawarma Wrap,Wraps,2,9.99,19.98,Digital Wallet,Dine-In,7,7.0,No,Cloudy,,3.0,Chicken Breast,0.3962,57.71,24.81,Adequate,0.0325,Completed,Suburbs,1,,Yes,2,3,Sunday,Sunday,5,35-44,Silver,4,5,0,3,0,0,2,3.0,1.7142857142857142
ORD-10016,CUST-1020,2024-02-03,19:36,Saturday,5,2,Winter,Falafel Wrap,Wraps,1,8.49,8.49,Credit Card,Takeaway,11,,No,Rainy,,,Chickpeas,0.1396,85.15,33.32,Adequate,0.0284,Cancelled,Mall Branch,1,56.0,No,1,1,Monday,Sunday,5,18-24,Silver,4,5,0,2,1,0,0,,1.0
ORD-10837,CUST-1077,2024-02-03,13:20,Saturday,5,2,Winter,Margherita Pizza,Pizza,2,12.99,25.98,Digital Wallet,Takeaway,15,,No,Cold,,,Pizza Dough,0.5794,99.09,33.06,Adequate,0.0867,Cancelled,Mall Branch,1,35.0,Yes,3,6,Saturday,Sunday,5,35-44,Gold,6,5,0,1,1,0,0,,1.8571428571428572
ORD-10506,CUST-1097,2024-02-03,17:48,Saturday,5,2,Winter,Veggie Burger,Burgers,2,9.49,18.98,Online,Takeaway,11,,No,Rainy,,3.0,Veggie Patty,0.3483,86.5,24.42,Adequate,0.0422,Pending,City Center,0,49.0,No,2,4,Saturday,Saturday,5,35-44,Silver,3,5,0,2,1,0,4,,2.6
ORD-10079,CUST-1137,2024-02-04,09:54,Sunday,5,2,Winter,Veggie Burger,Burgers,2,9.49,18.98,Digital Wallet,Takeaway,13,,No,Cloudy,,5.0,Veggie Patty,0.3269,60.03,24.13,Adequate,0.0695,Pending,Mall Branch,0,59.0,No,2,4,Saturday,Sunday,6,35-44,Silver,3,6,0,3,1,0,0,,2.5
ORD-10901,CUST-1109,2024-02-04,13:01,Sunday,5,2,Winter,Mushroom Soup,Soups,5,5.94,29.7,Debit Card,Takeaway,12,,Yes,Rainy,,4.0,Mushrooms,1.4375,108.56,15.11,Adequate,0.0551,Completed,Downtown,1,48.0,Yes,2,8,Sunday,Saturday,6,45-54,Silver,1,6,0,2,1,1,1,,2.6666666666666665
ORD-10210,CUST-1352,2024-02-04,13:48,Sunday,5,2,Winter,Spaghetti Carbonara,Pasta,1,13.49,13.49,Cash,Dine-In,16,18.0,No,Rainy,,,Spaghetti,0.1774,89.29,22.78,Adequate,0.0454,Cancelled,Suburbs,1,,No,2,4,Friday,Sunday,6,35-44,Platinum,0,6,0,2,0,0,2,1.0,1.5714285714285714
ORD-10598,CUST-1063,2024-02-05,16:37,Monday,6,2,Winter,Lamb Biryani,Rice Dishes,3,16.49,49.47,Debit Card,Dine-In,26,10.0,No,Cloudy,,4.0,Basmati Rice,0.9016,41.68,33.78,Adequate,0.0189,Completed,Downtown,0,,Yes,1,3,Saturday,Saturday,0,55+,Bronze,8,0,0,3,0,0,1,,2.0
ORD-10290,CUST-1476,2024-02-05,19:30,Monday,6,2,Winter,Spaghetti Carbonara,Pasta,1,11.47,11.47,Debit Card,Takeaway,12,,Yes,Cold,,4.0,Spaghetti,0.1885,114.66,26.34,Adequate,0.036,Completed,Downtown,1,43.0,Yes,2,2,Friday,Saturday,0,35-44,Platinum,0,0,0,1,1,1,1,2.0,1.4285714285714286
ORD-10586,CUST-1478,2024-02-06,17:57,Tuesday,6,2,Winter,French Fries,Sides,1,3.39,3.39,Digital Wallet,Dine-In,5,3.0,Yes,Snowy,,3.0,Potatoes,0.2304,111.77,29.96,Adequate,0.0056,Completed,Suburbs,0,,Yes,1,1,Saturday,Sunday,1,25-34,Silver,9,1,0,0,0,1,2,2.0,1.8571428571428572
ORD-10884,CUST-1346,2024-02-07,10:41,Wednesday,6,2,Winter,Pepperoni Pizza,Pizza,1,14.49,14.49,Debit Card,Dine-In,16,25.0,No,Rainy,,4.0,Pizza Dough,0.2738,72.53,30.52,Adequate,0.011,Completed,City Center,0,,Yes,2,4,Sunday,Saturday,2,18-24,Silver,6,2,0,2,0,0,4,,2.0
ORD-10040,CUST-1244,2024-02-07,08:35,Wednesday,6,2,Winter,Ice Cream Sundae,Desserts,1,5.49,5.49,Online,Takeaway,3,,No,Cloudy,,4.0,Ice Cream,0.1826,110.79,16.79,Adequate,0.0237,Completed,Airport,0,50.0,No,1,1,Wednesday,Saturday,2,35-44,Platinum,2,2,0,3,1,0,3,,2.6666666666666665
ORD-10119,CUST-1159,2024-02-07,16:17,Wednesday,6,2,Winter,Veggie Burger,Burgers,3,9.49,28.47,Digital Wallet,Dine-In,8,3.0,No,Snowy,,4.0,Veggie Patty,0.486,110.33,16.01,Adequate,0.024,Completed,Mall Branch,0,,No,1,3,Saturday,Sunday,2,55+,Silver,3,2,0,0,0,0,0,,2.5714285714285716
ORD-10783,CUST-1420,2024-02-09,22:47,Friday,6,2,Winter,Double Cheeseburger,Burgers,2,11.49,22.98,Credit Card,Takeaway,16,,No,Snowy,,,Beef Patty,0.7452,72.96,20.14,Adequate,0.0987,Cancelled,Airport,0,33.0,Yes,3,7,Sunday,Saturday,4,35-44,Silver,3,4,0,0,1,0,3,1.0,2.0
ORD-10202,CUST-1157,2024-02-09,13:45,Friday,6,2,Winter,Double Cheeseburger,Burgers,1,11.49,11.49,Cash,Takeaway,14,,No,Cloudy,,2.0,Beef Patty,0.3646,32.31,31.5,Adequate,0.0154,Completed,Airport,1,30.0,No,3,7,Sunday,Saturday,4,55+,Gold,3,4,0,3,1,0,3,1.0,2.0
ORD-10767,CUST-1324,2024-02-10,16:30,Saturday,6,2,Winter,Margherita Pizza,Pizza,1,12.99,12.99,Credit Card,Dine-In,16,3.0,No,Cloudy,,3.0,Pizza Dough,0.2894,72.42,31.82,Adequate,0.016,Completed,City Center,0,,No,2,4,Saturday,Saturday,5,55+,Silver,6,5,0,3,0,0,4,3.0,1.5714285714285714
ORD-10270,CUST-1401,2024-02-10,16:19,Saturday,6,2,Winter,Penne Arrabbiata,Pasta,1,11.99,11.99,Cash,Takeaway,16,,No,Cold,,,Penne Pasta,0.1716,107.2,33.27,Adequate,0.0182,Completed,Suburbs,0,21.0,Yes,1,1,Saturday,Sunday,5,35-44,Platinum,0,5,0,1,1,0,2,,1.5
ORD-10671,CUST-1024,2024-02-10,16:00,Saturday,6,2,Winter,Tomato Soup,Soups,2,6.49,12.98,Debit Card,Dine-In,12,21.0,No,Cloudy,,3.0,Tomatoes,0.6801,23.06,30.05,Low Stock,0.0645,Completed,Airport,0,,Yes,1,2,Saturday,Saturday,5,55+,Gold,1,5,0,3,0,0,3,5.0,2.142857142857143
ORD-10673,CUST-1359,2024-02-10,12:05,Saturday,6,2,Winter,Spaghetti Carbonara,Pasta,1,11.47,11.47,Credit Card,Dine-In,15,7.0,Yes,Cloudy,,4.0,Spaghetti,0.1731,50.69,33.35,Adequate,0.0077,Completed,Suburbs,1,,Yes,2,2,Friday,Sunday,5,18-24,Silver,0,5,0,3,0,1,2,1.0,1.4285714285714286
ORD-10549,CUST-1215,2024-02-11,11:03,Sunday,6,2,Winter,Hot Coffee,Beverages,2,3.49,6.98,Cash,Dine-In,4,29.0,No,Rainy,,4.0,Coffee Beans,0.0371,28.94,16.16,Adequate,0.0137,Pending,Mall Branch,1,,No,1,2,Saturday,Sunday,6,45-54,Gold,5,6,0,2,0,0,0,4.0,2.142857142857143
ORD-10856,CUST-1222,2024-02-11,16:16,Sunday,6,2,Winter,Pepperoni Pizza,Pizza,3,14.49,43.47,Digital Wallet,Dine-In,17,30.0,No,Cloudy,,3.0,Pizza Dough,0.8191,67.67,20.55,Adequate,0.0233,Completed,Suburbs,0,,Yes,2,4,Sunday,Sunday,6,55+,Gold,6,6,0,3,0,0,2,,2.2
ORD-10547,CUST-1035,2024-02-11,17:07,Sunday,6,2,Winter,Double Cheeseburger,Burgers,4,9.77,39.08,Online,Takeaway,14,,Yes,Snowy,,3.0,Beef Patty,1.3724,23.27,23.03,Adequate,0.1205,Completed,Downtown,0,22.0,Yes,3,7,Sunday,Saturday,6,55+,Silver,3,6,0,0,1,1,1,1.0,2.4285714285714284
ORD-10541,CUST-1149,2024-02-11,19:52,Sunday,6,2,Winter,Margherita Pizza,Pizza,3,12.99,38.97,Credit Card,Takeaway,21,,No,Rainy,,4.0,Pizza Dough,0.863,106.97,19.07,Adequate,0.1042,Completed,Airport,1,53.0,Yes,2,4,Saturday,Saturday,6,55+,Gold,6,6,0,2,1,0,3,1.0,1.8571428571428572
ORD-10627,CUST-1140,2024-02-12,17:19,Monday,7,2,Winter,Spaghetti Carbonara,Pasta,1,13.49,13.49,Digital Wallet,Dine-In,16,24.0,No,Rainy,,,Spaghetti,0.1792,49.59,31.35,Adequate,0.0174,Cancelled,Suburbs,0,,Yes,1,1,Friday,Sunday,0,35-44,Platinum,0,0,0,2,0,0,2,1.0,1.4285714285714286
ORD-10081,CUST-1493,2024-02-13,17:06,Tuesday,7,2,Winter,Penne Arrabbiata,Pasta,1,11.99,11.99,Cash,Takeaway,13,,No,Snowy,,4.0,Penne Pasta,0.1828,65.62,21.82,Adequate,0.0346,Completed,Mall Branch,0,58.0,No,2,3,Saturday,Sunday,1,18-24,Platinum,0,1,0,0,1,0,0,,1.3333333333333333
ORD-10245,CUST-1084,2024-02-13,18:56,Tuesday,7,2,Winter,Onion Rings,Sides,2,4.49,8.98,Digital Wallet,Dine-In,8,21.0,No,Rainy,,3.0,Onions,0.3763,57.13,27.09,Adequate,0.0247,Completed,City Center,1,,No,1,2,Sunday,Saturday,1,18-24,Gold,9,1,0,2,0,0,4,,1.3333333333333333
ORD-10634,CUST-1391,2024-02-14,17:40,Wednesday,7,2,Winter,Ice Cream Sundae,Desserts,1,4.67,4.67,Online,Dine-In,3,9.0,Yes,Cold,Valentine's Day,4.0,Ice Cream,0.1801,51.69,27.51,Adequate,0.0195,Completed,Suburbs,0,,Yes,1,1,Wednesday,Sunday,2,35-44,Platinum,2,2,0,1,0,1,2,,2.25
ORD-10951,CUST-1150,2024-02-15,08:31,Thursday,7,2,Winter,Hot Coffee,Beverages,2,2.97,5.94,Cash,Dine-In,3,16.0,Yes,Cold,,4.0,Coffee Beans,0.0343,63.65,33.87,Adequate,0.0273,Pending,Airport,0,,Yes,1,2,Saturday,Saturday,3,55+,Platinum,5,3,0,1,0,1,3,3.0,2.0
ORD-10313,CUST-1001,2024-02-16,14:15,Friday,7,2,Winter,Chicken Biryani,Rice Dishes,1,11.89,11.89,Cash,Dine-In,24,4.0,Yes,Cold,,4.0,Basmati Rice,0.3105,64.62,19.64,Adequate,0.0299,Completed,City Center,1,,No,1,1,Friday,Saturday,4,55+,Bronze,8,4,0,1,0,1,4,,2.0
ORD-10367,CUST-1457,2024-02-16,20:25,Friday,7,2,Winter,Chocolate Lava Cake,Desserts,2,6.99,13.98,Debit Card,Dine-In,12,14.0,No,Cloudy,,,Chocolate,0.1339,64.28,28.54,Adequate,0.0419,Cancelled,City Center,1,,Yes,1,2,Friday,Saturday,4,55+,Platinum,2,4,0,3,0,0,4,,2.0
ORD-10486,CUST-1075,2024-02-16,08:04,Friday,7,2,Winter,BBQ Chicken Pizza,Pizza,1,15.99,15.99,Debit Card,Takeaway,25,,No,Cold,,5.0,Pizza Dough,0.2868,86.13,32.06,Adequate,0.0075,Pending,Airport,0,45.0,Yes,2,3,Monday,Saturday,4,45-54,Gold,6,4,0,1,1,0,3,,1.8
ORD-10288,CUST-1237,2024-02-16,11:25,Friday,7,2,Winter,Penne Arrabbiata,Pasta,2,11.99,23.98,Credit Card,Dine-In,17,13.0,No,Cloudy,,4.0,Penne Pasta,0.3494,41.7,18.82,Adequate,0.0562,Completed,City Center,1,,No,2,3,Saturday,Saturday,4,25-34,Silver,0,4,0,3,0,0,4,,1.5
ORD-10230,CUST-1448,2024-02-17,10:31,Saturday,7,2,Winter,Lamb Biryani,Rice Dishes,2,16.49,32.98,Online,Dine-In,26,28.0,No,Cloudy,,,Basmati Rice,0.5716,98.18,18.92,Adequate,0.0577,Pending,Downtown,0,,No,2,7,Saturday,Saturday,5,25-34,Silver,8,5,0,3,0,0,1,,2.0
ORD-10234,CUST-1440,2024-02-17,11:39,Saturday,7,2,Winter,French Fries,Sides,1,3.99,3.99,Debit Card,Dine-In,5,17.0,No,Cloudy,,4.0,Potatoes,0.2103,91.45,20.18,Adequate,0.0287,Completed,Mall Branch,1,,Yes,1,1,Saturday,Sunday,5,35-44,Gold,9,5,0,3,0,0,0,3.0,1.5714285714285714
ORD-10309,CUST-1385,2024-02-17,19:04,Saturday,7,2,Winter,Lamb Biryani,Rice Dishes,5,14.02,70.1,Debit Card,Dine-In,26,21.0,Yes,Snowy,,5.0,Basmati Rice,1.486,95.24,15.86,Adequate,0.0298,Completed,Airport,1,,No,2,7,Saturday,Saturday,5,25-34,Platinum,8,5,0,0,0,1,3,,2.6
ORD-10618,CUST-1411,2024-02-18,09:45,Sunday,7,2,Winter,Double Cheeseburger,Burgers,4,11.49,45.96,Debit Card,Takeaway,12,,No,Cold,,4.0,Beef Patty,1.4074,35.23,27.95,Adequate,0.0751,Completed,Downtown,0,23.0,Yes,1,4,Sunday,Saturday,6,25-34,Bronze,3,6,0,1,1,0,1,2.0,2.7142857142857144
ORD-10250,CUST-1452,2024-02-18,18:11,Sunday,7,2,Winter,BBQ Chicken Pizza,Pizza,2,15.99,31.98,Debit Card,Takeaway,24,,No,Cold,,4.0,Pizza Dough,0.5468,68.99,26.57,Adequate,0.0415,Completed,Suburbs,1,37.0,Yes,2,3,Monday,Sunday,6,35-44,Gold,6,6,0,1,1,0,2,,1.8333333333333333
ORD-10752,CUST-1307,2024-02-19,17:49,Monday,8,2,Winter,Shawarma Wrap,Wraps,5,9.99,49.95,Credit Card,Takeaway,11,,No,Cloudy,,,Chicken Breast,1.0255,83.91,16.14,Adequate,0.2757,Cancelled,Downtown,0,36.0,Yes,1,5,Sunday,Saturday,0,35-44,Bronze,4,0,0,3,1,0,1,3.0,2.0
ORD-10100,CUST-1327,2024-02-19,16:37,Monday,8,2,Winter,French Fries,Sides,2,3.99,7.98,Digital Wallet,Dine-In,7,17.0,No,Rainy,,4.0,Potatoes,0.428,28.96,21.16,Adequate,0.0209,Completed,City Center,0,,No,2,6,Saturday,Saturday,0,25-34,Gold,9,0,0,2,0,0,4,2.0,1.5714285714285714
ORD-10863,CUST-1310,2024-02-20,08:55,Tuesday,8,2,Winter,Hot Coffee,Beverages,2,2.97,5.94,Online,Takeaway,2,,Yes,Cloudy,,,Coffee Beans,0.0351,63.71,21.97,Adequate,0.1042,Cancelled,City Center,0,39.0,Yes,1,2,Saturday,Saturday,1,18-24,Bronze,5,1,0,3,1,1,4,2.0,2.0
ORD-10558,CUST-1439,2024-02-21,12:43,Wednesday,8,2,Winter,Caesar Salad,Salads,2,8.99,17.98,Cash,Takeaway,5,,No,Snowy,,,Romaine Lettuce,0.4844,99.75,29.5,Adequate,0.0279,Cancelled,Airport,1,59.0,Yes,1,2,Tuesday,Saturday,2,55+,Bronze,7,2,0,0,1,0,3,,2.3333333333333335
ORD-10517,CUST-1473,2024-02-21,16:36,Wednesday,8,2,Winter,Classic Burger,Burgers,2,8.99,17.98,Credit Card,Dine-In,9,9.0,No,Snowy,,5.0,Beef Patty,0.3555,68.22,26.61,Adequate,0.035,Completed,Downtown,0,,Yes,2,3,Monday,Saturday,2,25-34,Bronze,3,2,0,0,0,0,1,1.0,2.2857142857142856
ORD-10178,CUST-1200,2024-02-21,19:10,Wednesday,8,2,Winter,Iced Coffee,Beverages,2,3.82,7.64,Cash,Dine-In,4,24.0,Yes,Cloudy,,1.0,Coffee Beans,0.0348,55.81,19.33,Adequate,0.0473,Completed,Airport,1,,No,1,2,Sunday,Saturday,2,35-44,Bronze,5,2,0,3,0,1,3,,1.5
ORD-10446,CUST-1242,2024-02-22,20:46,Thursday,8,2,Winter,Classic Burger,Burgers,1,8.99,8.99,Credit Card,Dine-In,9,27.0,No,Cloudy,,1.0,Beef Patty,0.1786,82.55,21.32,Adequate,0.0215,Pending,Mall Branch,1,,Yes,2,3,Monday,Sunday,3,35-44,Silver,3,3,0,3,0,0,0,3.0,2.0
ORD-10483,CUST-1234,2024-02-22,19:13,Thursday,8,2,Winter,Penne Arrabbiata,Pasta,1,10.19,10.19,Cash,Takeaway,13,,Yes,Cold,,,Penne Pasta,0.1874,76.99,23.1,Adequate,0.0264,Completed,City Center,1,34.0,No,2,2,Saturday,Saturday,3,25-34,Platinum,0,3,0,1,1,1,4,,1.4
ORD-10317,CUST-1066,2024-02-22,20:16,Thursday,8,2,Winter,Lamb Biryani,Rice Dishes,2,16.49,32.98,Digital Wallet,Takeaway,30,,No,Rainy,,5.0,Basmati Rice,0.5877,25.31,24.3,Adequate,0.071,Completed,Downtown,1,49.0,Yes,1,2,Saturday,Saturday,3,25-34,Silver,8,3,0,2,1,0,1,,2.5
ORD-10019,CUST-1123,2024-02-23,17:50,Friday,8,2,Winter,Margherita Pizza,Pizza,1,12.99,12.99,Digital Wallet,Dine-In,19,22.0,No,Snowy,,3.0,Pizza Dough,0.2789,86.68,32.98,Adequate,0.0287,Completed,Airport,0,,No,1,1,Saturday,Saturday,4,45-54,Bronze,6,4,0,0,0,0,3,2.0,1.7142857142857142
ORD-10728,CUST-1322,2024-02-23,13:09,Friday,8,2,Winter,Chicken Biryani,Rice Dishes,4,13.99,55.96,Digital Wallet,Takeaway,26,,No,Snowy,,3.0,Basmati Rice,1.1535,20.77,34.2,Low Stock,0.0882,Pending,Airport,1,45.0,No,1,4,Friday,Saturday,4,35-44,Platinum,8,4,0,0,1,0,3,,2.4
ORD-10798,CUST-1021,2024-02-23,13:22,Friday,8,2,Winter,Cheesecake,Desserts,4,5.99,23.96,Credit Card,Dine-In,3,17.0,No,Cold,,4.0,Cream Cheese,0.4601,108.43,22.69,Adequate,0.158,Completed,Suburbs,1,,Yes,1,4,Saturday,Sunday,4,35-44,Bronze,2,4,0,1,0,0,2,,2.5
ORD-10918,CUST-1441,2024-02-24,13:41,Saturday,8,2,Winter,Penne Arrabbiata,Pasta,1,10.19,10.19,Cash,Takeaway,16,,Yes,Cold,,5.0,Penne Pasta,0.1854,27.55,27.1,Adequate,0.0367,Completed,City Center,1,46.0,Yes,2,2,Saturday,Saturday,5,18-24,Bronze,0,5,0,1,1,1,4,,1.3333333333333333
ORD-10268,CUST-1276,2024-02-25,11:11,Sunday,8,2,Winter,Double Cheeseburger,Burgers,2,11.49,22.98,Debit Card,Dine-In,11,5.0,No,Cloudy,,5.0,Beef Patty,0.7314,40.17,18.27,Adequate,0.0755,Completed,Mall Branch,1,,No,2,3,Sunday,Sunday,6,25-34,Platinum,3,6,0,3,0,0,0,2.0,2.7142857142857144
ORD-10092,CUST-1246,2024-02-25,16:39,Sunday,8,2,Winter,French Fries,Sides,4,3.99,15.96,Online,Takeaway,8,,No,Cold,,4.0,Potatoes,0.9149,97.49,27.98,Adequate,0.0719,Completed,Downtown,0,25.0,No,2,6,Saturday,Saturday,6,55+,Bronze,9,6,0,1,1,0,1,1.0,2.0
ORD-10626,CUST-1209,2024-02-25,17:51,Sunday,8,2,Winter,Double Cheeseburger,Burgers,1,9.77,9.77,Cash,Takeaway,16,,Yes,Cloudy,,4.0,Beef Patty,0.3734,76.79,29.89,Adequate,0.0253,Completed,Downtown,0,56.0,Yes,2,3,Sunday,Saturday,6,18-24,Gold,3,6,0,3,1,1,1,4.0,2.2857142857142856
ORD-10425,CUST-1270,2024-02-25,19:46,Sunday,8,2,Winter,Ice Cream Sundae,Desserts,1,5.49,5.49,Cash,Takeaway,5,,No,Cloudy,,5.0,Ice Cream,0.1783,109.57,24.86,Adequate,0.0065,Completed,Downtown,1,24.0,No,1,1,Wednesday,Saturday,6,45-54,Silver,2,6,0,3,1,0,1,,2.0
ORD-10600,CUST-1241,2024-02-26,16:54,Monday,9,2,Winter,Spaghetti Carbonara,Pasta,4,13.49,53.96,Online,Dine-In,18,24.0,No,Cloudy,,,Spaghetti,0.7349,99.99,17.83,Adequate,0.1777,Cancelled,Airport,0,,No,1,4,Friday,Saturday,0,35-44,Silver,0,0,0,3,0,0,3,2.0,1.7142857142857142
ORD-10408,CUST-1091,2024-02-26,17:47,Monday,9,2,Winter,Falafel Wrap,Wraps,3,8.49,25.47,Online,Takeaway,9,,No,Snowy,,,Chickpeas,0.416,57.7,31.42,Adequate,0.052,Cancelled,Airport,0,31.0,Yes,2,4,Monday,Saturday,0,55+,Gold,4,0,0,0,1,0,3,,2.0
ORD-10833,CUST-1004,2024-02-27,22:47,Tuesday,9,2,Winter,Caesar Salad,Salads,1,8.99,8.99,Debit Card,Takeaway,6,,No,Snowy,,4.0,Romaine Lettuce,0.2414,92.07,33.34,Adequate,0.0229,Completed,Suburbs,0,40.0,Yes,1,1,Tuesday,Sunday,1,55+,Bronze,7,1,0,0,1,0,2,,2.0
ORD-10649,CUST-1227,2024-02-28,09:03,Wednesday,9,2,Winter,Hot Coffee,Beverages,1,2.97,2.97,Online,Dine-In,3,15.0,Yes,Rainy,,,Coffee Beans,0.0179,25.41,20.72,Adequate,0.0311,Cancelled,Mall Branch,0,,No,1,1,Saturday,Sunday,2,35-44,Platinum,5,2,0,2,0,1,0,2.0,1.8571428571428572
ORD-10972,CUST-1371,2024-02-28,09:21,Wednesday,9,2,Winter,Onion Rings,Sides,3,4.49,13.47,Digital Wallet,Dine-In,9,30.0,No,Cold,,5.0,Onions,0.5458,57.15,30.93,Adequate,0.0876,Pending,Airport,0,,Yes,1,3,Sunday,Saturday,2,55+,Bronze,9,2,0,1,0,0,3,,1.75
ORD-10934,CUST-1327,2024-02-29,16:03,Thursday,9,2,Winter,Classic Burger,Burgers,2,8.99,17.98,Digital Wallet,Takeaway,14,,No,Cloudy,,2.0,Beef Patty,0.3531,28.07,32.93,Low Stock,0.0606,Completed,Airport,0,23.0,Yes,2,3,Monday,Saturday,3,25-34,Gold,3,3,0,3,1,0,3,3.0,1.8571428571428572
ORD-10406,CUST-1464,2024-03-01,10:24,Friday,9,3,Spring,Falafel Wrap,Wraps,1,7.22,7.22,Digital Wallet,Takeaway,8,,Yes,Cloudy,,,Chickpeas,0.142,77.56,27.62,Adequate,0.0239,Cancelled,City Center,0,31.0,Yes,2,4,Monday,Saturday,4,55+,Silver,4,4,1,3,1,1,4,,1.6666666666666667
ORD-10650,CUST-1070,2024-03-02,16:57,Saturday,9,3,Spring,Pepperoni Pizza,Pizza,2,14.49,28.98,Cash,Dine-In,21,11.0,No,Windy,,,Pizza Dough,0.5595,21.31,26.36,Low Stock,0.1008,Cancelled,Airport,0,,Yes,2,6,Sunday,Saturday,5,55+,Gold,6,5,1,5,0,0,3,,2.1666666666666665
ORD-10357,CUST-1201,2024-03-02,19:21,Saturday,9,3,Spring,Shawarma Wrap,Wraps,1,8.49,8.49,Credit Card,Takeaway,9,,Yes,Cloudy,,4.0,Chicken Breast,0.2066,40.23,19.33,Adequate,0.0267,Completed,Airport,1,33.0,Yes,1,1,Sunday,Saturday,5,18-24,Silver,4,5,1,3,1,1,3,1.0,2.0
ORD-10557,CUST-1023,2024-03-02,10:12,Saturday,9,3,Spring,Pepperoni Pizza,Pizza,4,14.49,57.96,Online,Takeaway,20,,No,Sunny,,,Pizza Dough,1.0895,93.83,33.14,Adequate,0.0808,Cancelled,Suburbs,0,56.0,Yes,2,6,Sunday,Sunday,5,35-44,Bronze,6,5,1,4,1,0,2,,2.4285714285714284
ORD-10983,CUST-1463,2024-03-03,09:19,Sunday,9,3,Spring,BBQ Chicken Pizza,Pizza,2,13.59,27.18,Online,Dine-In,23,16.0,Yes,Sunny,,5.0,Pizza Dough,0.5612,33.06,30.37,Adequate,0.0375,Completed,Airport,0,,Yes,1,2,Monday,Saturday,6,18-24,Gold,6,6,1,4,0,1,3,,1.8571428571428572
ORD-10762,CUST-1332,2024-03-03,12:14,Sunday,9,3,Spring,Chocolate Lava Cake,Desserts,1,6.99,6.99,Online,Dine-In,12,16.0,No,Sunny,,4.0,Chocolate,0.0713,53.81,34.82,Adequate,0.0251,Completed,Airport,1,,Yes,1,1,Friday,Saturday,6,25-34,Platinum,2,6,1,4,0,0,3,,1.8333333333333333
ORD-10217,CUST-1466,2024-03-03,13:36,Sunday,9,3,Spring,Classic Burger,Burgers,1,8.99,8.99,Cash,Dine-In,8,1.0,No,Rainy,,5.0,Beef Patty,0.1871,111.8,15.78,Adequate,0.0214,Completed,Downtown,1,,No,2,3,Monday,Saturday,6,55+,Gold,3,6,1,2,0,0,1,3.0,1.5714285714285714
ORD-10585,CUST-1100,2024-03-04,11:57,Monday,10,3,Spring,Margherita Pizza,Pizza,1,11.04,11.04,Credit Card,Takeaway,15,,Yes,Rainy,,4.0,Pizza Dough,0.2715,25.4,16.26,Adequate,0.0116,Completed,Airport,1,25.0,Yes,2,2,Saturday,Saturday,0,55+,Platinum,6,0,1,2,1,1,3,1.0,1.7142857142857142
ORD-10476,CUST-1112,2024-03-04,12:20,Monday,10,3,Spring,Greek Salad,Salads,2,8.49,16.98,Cash,Dine-In,7,25.0,No,Rainy,,5.0,Cucumber,0.2353,104.64,27.7,Adequate,0.0255,Completed,Downtown,1,,No,1,2,Saturday,Saturday,0,35-44,Bronze,7,0,1,2,0,0,1,,2.0
ORD-10530,CUST-1302,2024-03-05,08:17,Tuesday,10,3,Spring,Chicken Biryani,Rice Dishes,4,13.99,55.96,Digital Wallet,Dine-In,27,20.0,No,Cloudy,,,Basmati Rice,1.1511,92.63,26.08,Adequate,0.1324,Completed,Airport,0,,No,3,7,Friday,Saturday,1,55+,Bronze,8,1,1,3,0,0,3,,2.6666666666666665
ORD-10098,CUST-1287,2024-03-05,22:54,Tuesday,10,3,Spring,Falafel Wrap,Wraps,2,8.49,16.98,Digital Wallet,Dine-In,7,9.0,No,Rainy,,,Chickpeas,0.2853,26.0,31.28,Low Stock,0.0415,Pending,Downtown,0,,Yes,1,2,Monday,Saturday,1,18-24,Silver,4,1,1,2,0,0,1,,1.75
ORD-10403,CUST-1260,2024-03-06,08:44,Wednesday,10,3,Spring,Lemonade,Beverages,2,3.49,6.98,Digital Wallet,Takeaway,3,,No,Cloudy,,5.0,Lemons,0.1736,98.65,22.42,Adequate,0.0311,Completed,City Center,0,39.0,Yes,1,2,Sunday,Saturday,2,55+,Platinum,5,2,1,3,1,0,4,,1.5
ORD-10412,CUST-1436,2024-03-06,11:10,Wednesday,10,3,Spring,Chicken Biryani,Rice Dishes,2,13.99,27.98,Debit Card,Dine-In,22,3.0,No,Rainy,,4.0,Basmati Rice,0.6204,96.35,27.23,Adequate,0.039,Completed,City Center,1,,Yes,3,7,Friday,Saturday,2,55+,Bronze,8,2,1,2,0,0,4,,2.5714285714285716
ORD-10892,CUST-1438,2024-03-07,10:42,Thursday,10,3,Spring,Shawarma Wrap,Wraps,1,9.99,9.99,Debit Card,Dine-In,10,3.0,No,Sunny,,,Chicken Breast,0.2073,83.27,20.44,Adequate,0.0527,Cancelled,Mall Branch,0,,Yes,1,1,Sunday,Sunday,3,25-34,Bronze,4,3,1,4,0,0,0,1.0,2.0
ORD-10774,CUST-1310,2024-03-07,15:21,Thursday,10,3,Spring,Hot Coffee,Beverages,1,3.49,3.49,Cash,Takeaway,2,,No,Rainy,,2.0,Coffee Beans,0.0188,54.57,33.67,Adequate,0.036,Completed,Mall Branch,0,28.0,No,1,1,Saturday,Sunday,3,18-24,Bronze,5,3,1,2,1,0,0,1.0,1.8571428571428572
ORD-10238,CUST-1332,2024-03-08,20:59,Friday,10,3,Spring,Lamb Biryani,Rice Dishes,1,14.02,14.02,Digital Wallet,Dine-In,25,22.0,Yes,Sunny,,3.0,Basmati Rice,0.2934,97.3,19.65,Adequate,0.0067,Completed,City Center,1,,No,1,1,Saturday,Saturday,4,25-34,Platinum,8,4,1,4,0,1,4,,2.2857142857142856
ORD-10211,CUST-1489,2024-03-09,18:38,Saturday,10,3,Spring,Spaghetti Carbonara,Pasta,1,13.49,13.49,Digital Wallet,Takeaway,15,,No,Sunny,,1.0,Spaghetti,0.18,106.78,28.99,Adequate,0.0194,Completed,Airport,1,56.0,No,1,1,Friday,Saturday,5,25-34,Bronze,0,5,1,4,1,0,3,1.0,1.7142857142857142
ORD-10819,CUST-1487,2024-03-09,17:55,Saturday,10,3,Spring,Margherita Pizza,Pizza,1,12.99,12.99,Cash,Dine-In,21,19.0,No,Rainy,,5.0,Pizza Dough,0.2921,90.17,17.79,Adequate,0.0115,Completed,Mall Branch,0,,Yes,2,2,Saturday,Sunday,5,35-44,Gold,6,5,1,2,0,0,0,1.0,1.7142857142857142
ORD-10716,CUST-1463,2024-03-09,17:43,Saturday,10,3,Spring,Penne Arrabbiata,Pasta,2,11.99,23.98,Online,Takeaway,14,,No,Rainy,,,Penne Pasta,0.3757,32.39,23.46,Adequate,0.0691,Completed,Downtown,0,41.0,No,2,3,Saturday,Saturday,5,18-24,Gold,0,5,1,2,1,0,1,,1.4285714285714286
ORD-10956,CUST-1333,2024-03-09,16:02,Saturday,10,3,Spring,Chocolate Lava Cake,Desserts,1,6.99,6.99,Online,Dine-In,13,2.0,No,Sunny,,2.0,Chocolate,0.0718,65.51,15.27,Adequate,0.0158,Completed,Suburbs,0,,No,1,1,Friday,Sunday,5,45-54,Silver,2,5,1,4,0,0,2,,1.7142857142857142
ORD-10773,CUST-1126,2024-03-10,10:17,Sunday,10,3,Spring,BBQ Chicken Pizza,Pizza,3,15.99,47.97,Debit Card,Dine-In,16,28.0,No,Windy,,5.0,Pizza Dough,0.8491,66.56,17.79,Adequate,0.0467,Pending,City Center,0,,Yes,1,3,Monday,Saturday,6,18-24,Bronze,6,6,1,5,0,0,4,2.0,2.0
ORD-10604,CUST-1472,2024-03-10,11:25,Sunday,10,3,Spring,Chicken Biryani,Rice Dishes,1,13.99,13.99,Credit Card,Dine-In,24,11.0,No,Windy,,4.0,Basmati Rice,0.3069,98.1,21.82,Adequate,0.0329,Completed,Suburbs,1,,Yes,3,7,Friday,Sunday,6,25-34,Silver,8,6,1,5,0,0,2,4.0,2.142857142857143
ORD-10820,CUST-1184,2024-03-10,19:00,Sunday,10,3,Spring,Pepperoni Pizza,Pizza,2,14.49,28.98,Credit Card,Dine-In,20,13.0,No,Sunny,,5.0,Pizza Dough,0.572,85.42,16.85,Adequate,0.0142,Completed,City Center,1,,Yes,1,2,Sunday,Saturday,6,35-44,Platinum,6,6,1,4,0,0,4,1.0,2.5714285714285716
ORD-10122,CUST-1036,2024-03-10,20:53,Sunday,10,3,Spring,Penne Arrabbiata,Pasta,1,11.99,11.99,Digital Wallet,Dine-In,15,1.0,No,Rainy,,5.0,Penne Pasta,0.1885,33.58,17.74,Adequate,0.0363,Completed,Suburbs,1,,No,2,3,Saturday,Sunday,6,25-34,Platinum,0,6,1,2,0,0,2,2.0,1.2857142857142858
ORD-10927,CUST-1087,2024-03-11,08:57,Monday,11,3,Spring,Margherita Pizza,Pizza,2,12.99,25.98,Digital Wallet,Takeaway,19,,No,Sunny,,,Pizza Dough,0.5675,110.69,28.67,Adequate,0.0802,Cancelled,Suburbs,0,33.0,No,4,11,Saturday,Sunday,0,18-24,Silver,6,0,1,4,1,0,2,3.0,1.5714285714285714
ORD-10755,CUST-1377,2024-03-11,16:37,Monday,11,3,Spring,Margherita Pizza,Pizza,1,11.04,11.04,Digital Wallet,Dine-In,20,22.0,Yes,Cloudy,,4.0,Pizza Dough,0.2805,53.61,33.52,Adequate,0.0066,Pending,City Center,0,,Yes,4,11,Saturday,Saturday,0,45-54,Bronze,6,0,1,3,0,1,4,2.0,1.4285714285714286
ORD-10193,CUST-1222,2024-03-11,17:52,Monday,11,3,Spring,Lamb Biryani,Rice Dishes,1,16.49,16.49,Cash,Dine-In,25,26.0,No,Rainy,,3.0,Basmati Rice,0.2887,31.0,25.97,Adequate,0.0274,Completed,Airport,0,,No,1,1,Saturday,Saturday,0,55+,Gold,8,0,1,2,0,0,3,1.0,2.2857142857142856
ORD-10263,CUST-1090,2024-03-12,17:29,Tuesday,11,3,Spring,Cheesecake,Desserts,1,5.99,5.99,Online,Dine-In,5,21.0,No,Sunny,,4.0,Cream Cheese,0.1172,73.22,21.82,Adequate,0.0158,Completed,Airport,0,,Yes,1,1,Saturday,Saturday,1,55+,Bronze,2,1,1,4,0,0,3,,2.0
ORD-10168,CUST-1477,2024-03-12,17:38,Tuesday,11,3,Spring,Shawarma Wrap,Wraps,1,8.49,8.49,Online,Dine-In,11,9.0,Yes,Sunny,,4.0,Chicken Breast,0.1938,87.8,34.84,Adequate,0.0139,Completed,Airport,0,,No,2,4,Sunday,Saturday,1,45-54,Silver,4,1,1,4,0,1,3,2.0,1.8571428571428572
ORD-10239,CUST-1064,2024-03-12,19:23,Tuesday,11,3,Spring,Margherita Pizza,Pizza,4,12.99,51.96,Cash,Takeaway,22,,No,Rainy,,,Pizza Dough,1.1668,91.63,33.38,Adequate,0.2022,Cancelled,Airport,1,53.0,Yes,4,11,Saturday,Saturday,1,25-34,Bronze,6,1,1,2,1,0,3,1.0,1.8571428571428572
ORD-10405,CUST-1113,2024-03-12,19:59,Tuesday,11,3,Spring,Greek Salad,Salads,1,8.49,8.49,Digital Wallet,Takeaway,5,,No,Windy,,3.0,Cucumber,0.1188,52.39,18.77,Adequate,0.0089,Pending,Suburbs,1,29.0,Yes,1,1,Saturday,Sunday,1,18-24,Gold,7,1,1,5,1,0,2,,1.8
ORD-10713,CUST-1353,2024-03-13,12:53,Wednesday,11,3,Spring,Onion Rings,Sides,2,4.49,8.98,Online,Takeaway,5,,No,Cloudy,,,Onions,0.3736,82.02,24.58,Adequate,0.0742,Cancelled,Airport,1,38.0,Yes,1,2,Sunday,Saturday,2,18-24,Bronze,9,2,1,3,1,0,3,,1.8
ORD-10714,CUST-1079,2024-03-14,17:29,Thursday,11,3,Spring,Falafel Wrap,Wraps,1,7.22,7.22,Credit Card,Takeaway,11,,Yes,Cloudy,,2.0,Chickpeas,0.1352,103.34,27.98,Adequate,0.0382,Completed,Airport,0,41.0,No,1,1,Monday,Saturday,3,45-54,Silver,4,3,1,3,1,1,3,,1.6
ORD-10179,CUST-1049,2024-03-14,09:00,Thursday,11,3,Spring,BBQ Chicken Pizza,Pizza,1,15.99,15.99,Debit Card,Dine-In,21,29.0,No,Cloudy,,,Pizza Dough,0.2863,24.4,25.25,Low Stock,0.0345,Cancelled,Mall Branch,0,,No,1,1,Monday,Sunday,3,55+,Bronze,6,3,1,3,0,0,0,2.0,1.8571428571428572
ORD-10009,CUST-1099,2024-03-14,12:30,Thursday,11,3,Spring,Shawarma Wrap,Wraps,3,9.99,29.97,Cash,Takeaway,7,,No,Cloudy,,,Chicken Breast,0.5997,44.4,28.12,Adequate,0.1354,Cancelled,Suburbs,1,56.0,No,2,4,Sunday,Sunday,3,25-34,Gold,4,3,1,3,1,0,2,2.0,2.0
ORD-10958,CUST-1331,2024-03-15,12:28,Friday,11,3,Spring,Pepperoni Pizza,Pizza,1,14.49,14.49,Digital Wallet,Takeaway,15,,No,Rainy,,2.0,Pizza Dough,0.2885,32.99,24.04,Adequate,0.0296,Pending,Mall Branch,1,54.0,Yes,1,1,Sunday,Sunday,4,18-24,Platinum,6,4,1,2,1,0,0,4.0,2.142857142857143
ORD-10265,CUST-1378,2024-03-15,12:53,Friday,11,3,Spring,Spaghetti Carbonara,Pasta,1,13.49,13.49,Digital Wallet,Dine-In,17,18.0,No,Sunny,,4.0,Spaghetti,0.1729,44.31,21.51,Adequate,0.0258,Completed,Airport,1,,No,1,1,Friday,Saturday,4,45-54,Platinum,0,4,1,4,0,0,3,3.0,1.4285714285714286
ORD-10829,CUST-1234,2024-03-15,15:29,Friday,11,3,Spring,Classic Burger,Burgers,3,8.99,26.97,Digital Wallet,Dine-In,9,14.0,No,Windy,,4.0,Beef Patty,0.5657,53.64,24.59,Adequate,0.079,Completed,Suburbs,0,,Yes,1,3,Monday,Sunday,4,25-34,Platinum,3,4,1,5,0,0,2,1.0,1.8571428571428572
ORD-10566,CUST-1089,2024-03-16,12:43,Saturday,11,3,Spring,Double Cheeseburger,Burgers,3,11.49,34.47,Digital Wallet,Dine-In,11,10.0,No,Cloudy,,3.0,Beef Patty,1.0505,80.1,34.81,Adequate,0.1082,Completed,City Center,1,,Yes,1,3,Sunday,Saturday,5,45-54,Gold,3,5,1,3,0,0,4,2.0,2.4285714285714284
ORD-10982,CUST-1145,2024-03-16,15:03,Saturday,11,3,Spring,French Fries,Sides,4,3.99,15.96,Online,Takeaway,8,,No,Cloudy,,5.0,Potatoes,0.8979,66.38,17.88,Adequate,0.1243,Completed,Downtown,0,35.0,Yes,3,7,Saturday,Saturday,5,55+,Silver,9,5,1,3,1,0,1,3.0,2.142857142857143
ORD-10491,CUST-1435,2024-03-16,18:08,Saturday,11,3,Spring,Margherita Pizza,Pizza,4,12.99,51.96,Online,Dine-In,22,9.0,No,Cloudy,,5.0,Pizza Dough,1.1186,70.56,34.3,Adequate,0.1589,Completed,Suburbs,1,,No,4,11,Saturday,Sunday,5,18-24,Gold,6,5,1,3,0,0,2,3.0,2.0
ORD-10069,CUST-1025,2024-03-16,18:46,Saturday,11,3,Spring,Mango Smoothie,Beverages,2,5.49,10.98,Online,Dine-In,4,4.0,No,Cloudy,,4.0,Mango,0.3944,62.76,20.89,Adequate,0.024,Completed,Downtown,1,,No,1,2,Saturday,Saturday,5,18-24,Gold,5,5,1,3,0,0,1,,2.0
ORD-10115,CUST-1309,2024-03-17,10:36,Sunday,11,3,Spring,French Fries,Sides,2,3.99,7.98,Online,Dine-In,7,23.0,No,Cloudy,St. Patrick's Day,4.0,Potatoes,0.4553,45.97,26.5,Adequate,0.0749,Pending,City Center,0,,No,3,7,Saturday,Saturday,6,25-34,Silver,9,6,1,3,0,0,4,1.0,2.2857142857142856
ORD-10538,CUST-1254,2024-03-17,18:34,Sunday,11,3,Spring,French Fries,Sides,1,3.99,3.99,Cash,Dine-In,5,22.0,No,Windy,St. Patrick's Day,5.0,Potatoes,0.2287,111.93,17.79,Adequate,0.0323,Completed,Airport,1,,Yes,3,7,Saturday,Saturday,6,45-54,Platinum,9,6,1,5,0,0,3,2.0,2.142857142857143
ORD-10388,CUST-1002,2024-03-18,19:30,Monday,12,3,Spring,Cheesecake,Desserts,2,5.99,11.98,Credit Card,Takeaway,3,,No,Cloudy,,5.0,Cream Cheese,0.2324,88.88,29.34,Adequate,0.0195,Completed,City Center,1,37.0,Yes,1,2,Saturday,Saturday,0,25-34,Platinum,2,0,1,3,1,0,4,,2.0
ORD-10499,CUST-1169,2024-03-18,17:38,Monday,12,3,Spring,Shawarma Wrap,Wraps,1,9.99,9.99,Digital Wallet,Takeaway,7,,No,Cloudy,,,Chicken Breast,0.1966,46.87,21.84,Adequate,0.0518,Cancelled,Downtown,0,50.0,Yes,3,5,Sunday,Saturday,0,18-24,Bronze,4,0,1,3,1,0,1,1.0,2.0
ORD-10429,CUST-1330,2024-03-18,18:48,Monday,12,3,Spring,French Fries,Sides,1,3.99,3.99,Credit Card,Takeaway,8,,No,Sunny,,5.0,Potatoes,0.2154,75.8,30.35,Adequate,0.0393,Completed,Suburbs,1,42.0,No,1,1,Saturday,Sunday,0,55+,Bronze,9,0,1,4,1,0,2,1.0,2.142857142857143
ORD-10106,CUST-1145,2024-03-19,20:16,Tuesday,12,3,Spring,Spaghetti Carbonara,Pasta,2,13.49,26.98,Debit Card,Dine-In,12,2.0,No,Sunny,,5.0,Spaghetti,0.3422,118.44,19.3,Adequate,0.064,Completed,Airport,1,,No,1,2,Friday,Saturday,1,55+,Silver,0,1,1,4,0,0,3,1.0,1.5714285714285714
ORD-10398,CUST-1045,2024-03-19,11:59,Tuesday,12,3,Spring,Mushroom Soup,Soups,1,6.99,6.99,Cash,Dine-In,8,9.0,No,Cloudy,,4.0,Mushrooms,0.3069,112.46,32.21,Adequate,0.0198,Completed,Mall Branch,1,,Yes,1,1,Sunday,Sunday,1,35-44,Silver,1,1,1,3,0,0,0,,2.4285714285714284
ORD-10746,CUST-1206,2024-03-20,17:13,Wednesday,12,3,Spring,Margherita Pizza,Pizza,5,12.99,64.95,Cash,Takeaway,15,,No,Cloudy,,5.0,Pizza Dough,1.4394,78.15,20.19,Adequate,0.0661,Completed,Airport,0,52.0,No,1,5,Saturday,Saturday,2,45-54,Gold,6,2,1,3,1,0,3,1.0,2.5714285714285716
ORD-10988,CUST-1458,2024-03-20,19:19,Wednesday,12,3,Spring,Shawarma Wrap,Wraps,3,9.99,29.97,Online,Dine-In,8,25.0,No,Rainy,,4.0,Chicken Breast,0.6069,55.11,16.77,Adequate,0.096,Completed,Airport,1,,Yes,3,5,Sunday,Saturday,2,18-24,Bronze,4,2,1,2,0,0,3,2.0,2.142857142857143
ORD-10570,CUST-1426,2024-03-21,11:20,Thursday,12,3,Spring,Greek Salad,Salads,4,7.22,28.88,Debit Card,Takeaway,8,,Yes,Sunny,,4.0,Cucumber,0.4862,104.3,33.06,Adequate,0.1415,Completed,Downtown,1,24.0,Yes,2,6,Saturday,Saturday,3,45-54,Silver,7,3,1,4,1,1,1,,2.1666666666666665
ORD-10413,CUST-1080,2024-03-21,19:41,Thursday,12,3,Spring,Greek Salad,Salads,2,8.49,16.98,Digital Wallet,Dine-In,5,8.0,No,Sunny,,,Cucumber,0.2387,26.12,18.47,Adequate,0.0435,Completed,City Center,1,,No,2,6,Saturday,Saturday,3,25-34,Silver,7,3,1,4,0,0,4,,2.142857142857143
ORD-10395,CUST-1429,2024-03-22,10:00,Friday,12,3,Spring,Onion Rings,Sides,1,3.82,3.82,Online,Takeaway,8,,Yes,Rainy,,,Onions,0.1754,83.72,34.18,Adequate,0.032,Cancelled,Airport,0,46.0,Yes,1,1,Sunday,Saturday,4,25-34,Platinum,9,4,1,2,1,1,3,,1.6666666666666667
ORD-10912,CUST-1312,2024-03-22,17:15,Friday,12,3,Spring,Double Cheeseburger,Burgers,2,9.77,19.54,Debit Card,Dine-In,11,1.0,Yes,Rainy,,,Beef Patty,0.7197,45.85,15.49,Adequate,0.0899,Cancelled,Mall Branch,0,,Yes,1,2,Sunday,Sunday,4,45-54,Gold,3,4,1,2,0,1,0,2.0,2.4285714285714284
ORD-10402,CUST-1434,2024-03-23,11:52,Saturday,12,3,Spring,Classic Burger,Burgers,2,7.64,15.28,Debit Card,Takeaway,14,,Yes,Cloudy,,,Beef Patty,0.3566,57.39,29.38,Adequate,0.0598,Cancelled,Suburbs,1,43.0,Yes,1,2,Monday,Sunday,5,55+,Silver,3,5,1,3,1,1,2,1.0,2.0
ORD-10691,CUST-1404,2024-03-23,18:49,Saturday,12,3,Spring,Hot Coffee,Beverages,1,3.49,3.49,Digital Wallet,Takeaway,2,,No,Rainy,,5.0,Coffee Beans,0.0172,105.56,31.21,Adequate,0.0387,Completed,Downtown,1,32.0,Yes,1,1,Saturday,Saturday,5,35-44,Bronze,5,5,1,2,1,0,1,2.0,1.7142857142857142
ORD-10729,CUST-1378,2024-03-24,11:43,Sunday,12,3,Spring,Pepperoni Pizza,Pizza,3,14.49,43.47,Cash,Takeaway,20,,No,Cloudy,,,Pizza Dough,0.8236,105.62,28.05,Adequate,0.0896,Completed,Downtown,1,41.0,Yes,1,3,Sunday,Saturday,6,45-54,Platinum,6,6,1,3,1,0,1,2.0,2.2857142857142856
ORD-10383,CUST-1255,2024-03-24,16:15,Sunday,12,3,Spring,Shawarma Wrap,Wraps,1,9.99,9.99,Cash,Takeaway,12,,No,Rainy,,3.0,Chicken Breast,0.1942,37.24,32.34,Adequate,0.0252,Completed,City Center,0,55.0,Yes,3,5,Sunday,Saturday,6,25-34,Bronze,4,6,1,2,1,0,4,5.0,1.5714285714285714
ORD-10090,CUST-1165,2024-03-26,16:50,Tuesday,13,3,Spring,Spaghetti Carbonara,Pasta,2,13.49,26.98,Credit Card,Dine-In,15,21.0,No,Sunny,,4.0,Spaghetti,0.3721,46.33,25.89,Adequate,0.0558,Completed,Airport,0,,No,1,2,Friday,Saturday,1,25-34,Silver,0,1,1,4,0,0,3,1.0,1.7142857142857142
ORD-10442,CUST-1318,2024-03-26,18:28,Tuesday,13,3,Spring,Classic Burger,Burgers,1,8.99,8.99,Credit Card,Dine-In,12,1.0,No,Rainy,,4.0,Beef Patty,0.1859,107.33,34.39,Adequate,0.0095,Pending,City Center,1,,No,1,1,Monday,Saturday,1,45-54,Silver,3,1,1,2,0,0,4,3.0,1.7142857142857142
ORD-10018,CUST-1253,2024-03-26,09:47,Tuesday,13,3,Spring,Chicken Biryani,Rice Dishes,4,13.99,55.96,Online,Takeaway,25,,No,Sunny,,5.0,Basmati Rice,1.2444,107.42,23.81,Adequate,0.0221,Pending,Airport,0,29.0,No,3,7,Friday,Saturday,1,18-24,Gold,8,1,1,4,1,0,3,1.0,2.5714285714285716
ORD-10824,CUST-1130,2024-03-26,11:07,Tuesday,13,3,Spring,Chicken Biryani,Rice Dishes,1,13.99,13.99,Credit Card,Takeaway,22,,No,Cloudy,,,Basmati Rice,0.2901,111.91,32.33,Adequate,0.0439,Cancelled,Downtown,1,42.0,Yes,3,7,Friday,Saturday,1,35-44,Gold,8,1,1,3,1,0,1,2.0,2.4285714285714284
ORD-10980,CUST-1175,2024-03-27,19:27,Wednesday,13,3,Spring,Shawarma Wrap,Wraps,1,9.99,9.99,Digital Wallet,Dine-In,8,6.0,No,Windy,,5.0,Chicken Breast,0.2017,76.96,28.89,Adequate,0.0288,Completed,City Center,1,,Yes,1,1,Sunday,Saturday,2,45-54,Platinum,4,2,1,5,0,0,4,1.0,1.5714285714285714
ORD-10291,CUST-1170,2024-03-28,15:27,Thursday,13,3,Spring,BBQ Chicken Pizza,Pizza,1,15.99,15.99,Credit Card,Takeaway,23,,No,Rainy,,5.0,Pizza Dough,0.2663,77.37,21.05,Adequate,0.0183,Completed,City Center,0,25.0,No,2,3,Monday,Saturday,3,45-54,Platinum,6,3,1,2,1,0,4,3.0,1.5714285714285714
ORD-10923,CUST-1107,2024-03-28,16:50,Thursday,13,3,Spring,French Fries,Sides,1,3.99,3.99,Credit Card,Dine-In,8,16.0,No,Windy,,3.0,Potatoes,0.2126,83.72,30.88,Adequate,0.0158,Pending,City Center,0,,Yes,1,1,Saturday,Saturday,3,45-54,Silver,9,3,1,5,0,0,4,1.0,2.142857142857143
ORD-10363,CUST-1008,2024-03-28,20:51,Thursday,13,3,Spring,Iced Coffee,Beverages,3,4.49,13.47,Cash,Takeaway,3,,No,Rainy,,5.0,Coffee Beans,0.0557,105.52,26.48,Adequate,0.022,Completed,Downtown,1,32.0,Yes,1,3,Sunday,Saturday,3,55+,Silver,5,3,1,2,1,0,1,,2.0
ORD-10845,CUST-1303,2024-03-29,10:59,Friday,13,3,Spring,BBQ Chicken Pizza,Pizza,2,15.99,31.98,Online,Takeaway,24,,No,Sunny,,5.0,Pizza Dough,0.5614,99.31,25.4,Adequate,0.0651,Pending,Suburbs,0,50.0,Yes,2,3,Monday,Sunday,4,25-34,Platinum,6,4,1,4,1,0,2,1.0,1.7142857142857142
ORD-10796,CUST-1421,2024-03-29,12:15,Friday,13,3,Spring,Chicken Biryani,Rice Dishes,2,13.99,27.98,Digital Wallet,Dine-In,22,2.0,No,Cloudy,,5.0,Basmati Rice,0.6164,52.27,32.92,Adequate,0.0492,Completed,Airport,1,,Yes,3,7,Friday,Saturday,4,55+,Silver,8,4,1,3,0,0,3,1.0,2.5714285714285716
ORD-10031,CUST-1259,2024-03-29,17:05,Friday,13,3,Spring,Lamb Biryani,Rice Dishes,1,16.49,16.49,Cash,Dine-In,25,26.0,No,Rainy,,4.0,Basmati Rice,0.3144,45.37,15.32,Adequate,0.0134,Completed,Suburbs,0,,No,1,1,Saturday,Sunday,4,45-54,Silver,8,4,1,2,0,0,2,2.0,2.142857142857143
ORD-10712,CUST-1306,2024-03-29,20:55,Friday,13,3,Spring,Margherita Pizza,Pizza,1,12.99,12.99,Credit Card,Dine-In,22,12.0,No,Sunny,,4.0,Pizza Dough,0.2856,116.6,33.18,Adequate,0.0194,Completed,Downtown,1,,Yes,2,3,Saturday,Saturday,4,45-54,Silver,6,4,1,4,0,0,1,1.0,2.5714285714285716
ORD-10259,CUST-1446,2024-03-30,22:50,Saturday,13,3,Spring,Margherita Pizza,Pizza,2,12.99,25.98,Online,Takeaway,22,,No,Sunny,,4.0,Pizza Dough,0.5324,23.23,28.54,Low Stock,0.0704,Pending,Downtown,0,41.0,Yes,2,3,Saturday,Saturday,5,35-44,Gold,6,5,1,4,1,0,1,1.0,2.7142857142857144
ORD-10628,CUST-1493,2024-03-31,12:47,Sunday,13,3,Spring,Ice Cream Sundae,Desserts,2,4.67,9.34,Digital Wallet,Takeaway,4,,Yes,Cloudy,,,Ice Cream,0.3426,36.78,30.18,Adequate,0.0264,Completed,Suburbs,1,45.0,Yes,1,2,Wednesday,Sunday,6,18-24,Platinum,2,6,1,3,1,1,2,,2.0
ORD-10088,CUST-1460,2024-04-01,17:21,Monday,14,4,Spring,BBQ Chicken Pizza,Pizza,2,15.99,31.98,Debit Card,Dine-In,22,3.0,No,Cloudy,Easter Weekend,4.0,Pizza Dough,0.5708,35.24,26.34,Adequate,0.0218,Completed,Airport,0,,No,3,6,Monday,Saturday,0,18-24,Silver,6,0,1,3,0,0,3,1.0,1.8571428571428572
ORD-10073,CUST-1063,2024-04-01,20:45,Monday,14,4,Spring,Margherita Pizza,Pizza,1,12.99,12.99,Digital Wallet,Dine-In,20,30.0,No,Rainy,Easter Weekend,,Pizza Dough,0.2764,79.4,18.55,Adequate,0.0239,Cancelled,Mall Branch,1,,No,2,2,Saturday,Sunday,0,55+,Bronze,6,0,1,2,0,0,0,2.0,2.5714285714285716
ORD-10606,CUST-1059,2024-04-02,18:40,Tuesday,14,4,Spring,Shawarma Wrap,Wraps,1,9.99,9.99,Digital Wallet,Dine-In,7,9.0,No,Sunny,,,Chicken Breast,0.2053,60.37,24.3,Adequate,0.0075,Cancelled,Suburbs,1,,Yes,2,3,Sunday,Sunday,1,35-44,Silver,4,1,1,4,0,0,2,1.0,1.5714285714285714
ORD-10304,CUST-1175,2024-04-02,20:41,Tuesday,14,4,Spring,Chicken Biryani,Rice Dishes,3,13.99,41.97,Online,Dine-In,20,2.0,No,Cloudy,,4.0,Basmati Rice,0.8857,83.27,29.9,Adequate,0.1176,Completed,City Center,1,,No,4,7,Friday,Saturday,1,45-54,Platinum,8,1,1,3,0,0,4,4.0,2.4285714285714284
ORD-10722,CUST-1226,2024-04-04,11:43,Thursday,14,4,Spring,Caesar Salad,Salads,3,8.99,26.97,Online,Dine-In,6,8.0,No,Sunny,,4.0,Romaine Lettuce,0.7481,102.48,21.05,Adequate,0.0477,Completed,City Center,1,,Yes,1,3,Tuesday,Saturday,3,18-24,Gold,7,3,1,4,0,0,4,,2.2
ORD-10890,CUST-1128,2024-04-04,08:56,Thursday,14,4,Spring,Pepperoni Pizza,Pizza,1,14.49,14.49,Credit Card,Dine-In,20,12.0,No,Windy,,5.0,Pizza Dough,0.2865,73.55,23.81,Adequate,0.0192,Completed,Airport,0,,Yes,1,1,Sunday,Saturday,3,55+,Platinum,6,3,1,5,0,0,3,1.0,2.2857142857142856
ORD-10895,CUST-1067,2024-04-04,17:50,Thursday,14,4,Spring,Falafel Wrap,Wraps,2,8.49,16.98,Debit Card,Dine-In,9,11.0,No,Cloudy,,3.0,Chickpeas,0.2926,46.71,29.93,Adequate,0.0336,Completed,Airport,0,,No,2,4,Monday,Saturday,3,18-24,Silver,4,3,1,3,0,0,3,,1.6666666666666667
ORD-10453,CUST-1383,2024-04-05,21:05,Friday,14,4,Spring,Chicken Biryani,Rice Dishes,2,11.89,23.78,Cash,Takeaway,26,,Yes,Rainy,,,Basmati Rice,0.6101,38.33,24.06,Adequate,0.0524,Cancelled,Suburbs,1,26.0,No,4,7,Friday,Sunday,4,18-24,Bronze,8,4,1,2,1,1,2,4.0,2.142857142857143
ORD-10152,CUST-1059,2024-04-05,20:56,Friday,14,4,Spring,Chicken Biryani,Rice Dishes,1,13.99,13.99,Debit Card,Dine-In,27,9.0,No,Rainy,,4.0,Basmati Rice,0.3074,112.62,20.66,Adequate,0.034,Completed,Airport,1,,Yes,4,7,Friday,Saturday,4,35-44,Silver,8,4,1,2,0,0,3,2.0,2.0
ORD-10417,CUST-1277,2024-04-05,18:38,Friday,14,4,Spring,Chocolate Lava Cake,Desserts,1,6.99,6.99,Cash,Dine-In,11,21.0,No,Cloudy,,4.0,Chocolate,0.0709,53.95,32.44,Adequate,0.0104,Completed,Suburbs,1,,Yes,2,3,Friday,Sunday,4,45-54,Platinum,2,4,1,3,0,0,2,5.0,1.1428571428571428
ORD-10147,CUST-1440,2024-04-05,17:11,Friday,14,4,Spring,French Fries,Sides,1,3.99,3.99,Cash,Takeaway,8,,No,Sunny,,4.0,Potatoes,0.2288,60.7,22.27,Adequate,0.038,Pending,Downtown,0,23.0,No,2,6,Saturday,Saturday,4,35-44,Gold,9,4,1,4,1,0,1,2.0,2.0
ORD-10226,CUST-1381,2024-04-05,15:42,Friday,14,4,Spring,Falafel Wrap,Wraps,2,8.49,16.98,Cash,Dine-In,11,27.0,No,Sunny,,5.0,Chickpeas,0.2716,68.05,20.79,Adequate,0.0445,Completed,City Center,0,,No,2,4,Monday,Saturday,4,55+,Silver,4,4,1,4,0,0,4,,1.7142857142857142
ORD-10463,CUST-1380,2024-04-05,09:33,Friday,14,4,Spring,Chocolate Lava Cake,Desserts,2,5.94,11.88,Credit Card,Dine-In,15,14.0,Yes,Rainy,,4.0,Chocolate,0.139,45.74,15.18,Adequate,0.0559,Completed,Suburbs,0,,Yes,2,3,Friday,Sunday,4,18-24,Gold,2,4,1,2,0,1,2,1.0,1.2857142857142858
ORD-10936,CUST-1331,2024-04-06,12:50,Saturday,14,4,Spring,Margherita Pizza,Pizza,1,12.99,12.99,Credit Card,Dine-In,20,11.0,No,Sunny,,4.0,Pizza Dough,0.2848,57.07,34.48,Adequate,0.0394,Pending,Downtown,1,,Yes,2,2,Saturday,Saturday,5,18-24,Platinum,6,5,1,4,0,0,1,1.0,2.5714285714285716
ORD-10260,CUST-1407,2024-04-06,18:07,Saturday,14,4,Spring,Onion Rings,Sides,1,4.49,4.49,Debit Card,Dine-In,7,8.0,No,Sunny,,4.0,Onions,0.1792,90.91,30.05,Adequate,0.0153,Completed,Downtown,1,,No,1,1,Sunday,Saturday,5,25-34,Gold,9,5,1,4,0,0,1,,1.5714285714285714
ORD-10360,CUST-1044,2024-04-06,18:29,Saturday,14,4,Spring,BBQ Chicken Pizza,Pizza,2,15.99,31.98,Debit Card,Dine-In,24,23.0,No,Cloudy,,3.0,Pizza Dough,0.5589,52.08,29.94,Adequate,0.0539,Completed,Airport,1,,No,3,6,Monday,Saturday,5,18-24,Platinum,6,5,1,3,0,0,3,2.0,1.8571428571428572
ORD-10984,CUST-1349,2024-04-06,18:53,Saturday,14,4,Spring,BBQ Chicken Pizza,Pizza,2,15.99,31.98,Cash,Takeaway,19,,No,Rainy,,2.0,Pizza Dough,0.5555,73.47,25.35,Adequate,0.0482,Completed,Suburbs,1,36.0,Yes,3,6,Monday,Sunday,5,55+,Bronze,6,5,1,2,1,0,2,2.0,1.8571428571428572
ORD-10734,CUST-1341,2024-04-06,22:31,Saturday,14,4,Spring,Chicken Biryani,Rice Dishes,1,13.99,13.99,Debit Card,Takeaway,24,,No,Rainy,,,Basmati Rice,0.3046,50.69,25.74,Adequate,0.0366,Cancelled,Airport,0,59.0,No,4,7,Friday,Saturday,5,25-34,Gold,8,5,1,2,1,0,3,1.0,2.0
ORD-10452,CUST-1450,2024-04-07,10:08,Sunday,14,4,Spring,Shawarma Wrap,Wraps,2,9.99,19.98,Digital Wallet,Dine-In,7,24.0,No,Rainy,,,Chicken Breast,0.388,110.41,26.36,Adequate,0.0484,Cancelled,Mall Branch,0,,Yes,2,3,Sunday,Sunday,6,18-24,Gold,4,6,1,2,0,0,0,1.0,1.7142857142857142
ORD-10521,CUST-1213,2024-04-07,13:10,Sunday,14,4,Spring,Spaghetti Carbonara,Pasta,1,13.49,13.49,Debit Card,Dine-In,13,30.0,No,Sunny,,4.0,Spaghetti,0.1749,60.43,26.63,Adequate,0.0151,Completed,Airport,1,,Yes,1,1,Friday,Saturday,6,45-54,Platinum,0,6,1,4,0,0,3,1.0,1.7142857142857142
ORD-10381,CUST-1379,2024-04-07,13:14,Sunday,14,4,Spring,Hot Coffee,Beverages,1,3.49,3.49,Digital Wallet,Takeaway,3,,No,Windy,,5.0,Coffee Beans,0.018,48.66,33.1,Adequate,0.0396,Completed,Suburbs,1,60.0,No,1,1,Saturday,Sunday,6,35-44,Silver,5,6,1,5,1,0,2,3.0,1.4285714285714286
ORD-10793,CUST-1041,2024-04-07,17:06,Sunday,14,4,Spring,Double Cheeseburger,Burgers,1,9.77,9.77,Credit Card,Takeaway,14,,Yes,Cloudy,,,Beef Patty,0.3694,38.72,34.66,Adequate,0.0375,Completed,Airport,0,32.0,Yes,1,1,Sunday,Saturday,6,18-24,Bronze,3,6,1,3,1,1,3,1.0,2.4285714285714284
ORD-10925,CUST-1455,2024-04-07,19:34,Sunday,14,4,Spring,French Fries,Sides,5,3.99,19.95,Debit Card,Dine-In,5,23.0,No,Windy,,4.0,Potatoes,1.1267,21.79,23.39,Low Stock,0.0802,Completed,Mall Branch,1,,No,2,6,Saturday,Sunday,6,45-54,Gold,9,6,1,5,0,0,0,4.0,2.142857142857143
ORD-10441,CUST-1457,2024-04-08,21:07,Monday,15,4,Spring,Iced Coffee,Beverages,1,4.49,4.49,Online,Dine-In,4,24.0,No,Rainy,,3.0,Coffee Beans,0.0187,22.13,34.36,Low Stock,0.0395,Completed,Airport,1,,Yes,1,1,Sunday,Saturday,0,55+,Platinum,5,0,1,2,0,0,3,,1.75
ORD-10873,CUST-1332,2024-04-08,14:38,Monday,15,4,Spring,Mushroom Soup,Soups,1,6.99,6.99,Cash,Dine-In,13,21.0,No,Rainy,,,Mushrooms,0.3013,73.97,22.22,Adequate,0.0225,Completed,Airport,1,,Yes,1,1,Sunday,Saturday,0,25-34,Platinum,1,0,1,2,0,0,3,5.0,1.8571428571428572
ORD-10916,CUST-1230,2024-04-08,12:46,Monday,15,4,Spring,Pepperoni Pizza,Pizza,1,12.32,12.32,Debit Card,Takeaway,15,,Yes,Sunny,,4.0,Pizza Dough,0.2794,63.47,15.64,Adequate,0.0373,Completed,City Center,1,30.0,Yes,1,1,Sunday,Saturday,0,18-24,Platinum,6,0,1,4,1,1,4,3.0,2.0
ORD-10225,CUST-1062,2024-04-08,10:38,Monday,15,4,Spring,Double Cheeseburger,Burgers,1,11.49,11.49,Credit Card,Dine-In,14,2.0,No,Windy,,,Beef Patty,0.3686,25.3,19.1,Adequate,0.0433,Cancelled,City Center,0,,Yes,1,1,Sunday,Saturday,0,25-34,Platinum,3,0,1,5,0,0,4,4.0,2.0
ORD-10794,CUST-1034,2024-04-08,08:30,Monday,15,4,Spring,Margherita Pizza,Pizza,2,12.99,25.98,Debit Card,Takeaway,19,,No,Cloudy,,,Pizza Dough,0.5644,36.97,29.09,Adequate,0.0588,Cancelled,Airport,0,47.0,Yes,1,2,Saturday,Saturday,0,45-54,Gold,6,0,1,3,1,0,3,4.0,2.2857142857142856
ORD-10753,CUST-1151,2024-04-09,15:12,Tuesday,15,4,Spring,French Fries,Sides,1,3.99,3.99,Credit Card,Takeaway,6,,No,Windy,,5.0,Potatoes,0.2136,33.81,16.83,Adequate,0.0093,Completed,Airport,0,50.0,Yes,1,1,Saturday,Saturday,1,55+,Bronze,9,1,1,5,1,0,3,4.0,1.7142857142857142
ORD-10975,CUST-1358,2024-04-10,09:44,Wednesday,15,4,Spring,Shawarma Wrap,Wraps,1,9.99,9.99,Credit Card,Dine-In,7,5.0,No,Cloudy,,,Chicken Breast,0.195,115.37,33.02,Adequate,0.0389,Cancelled,City Center,0,,Yes,2,5,Sunday,Saturday,2,35-44,Bronze,4,2,1,3,0,0,4,3.0,1.4285714285714286
ORD-10929,CUST-1407,2024-04-12,14:58,Friday,15,4,Spring,Classic Burger,Burgers,2,8.99,17.98,Cash,Dine-In,9,13.0,No,Sunny,,4.0,Beef Patty,0.3504,119.48,30.37,Adequate,0.0375,Completed,Airport,1,,Yes,1,2,Monday,Saturday,4,25-34,Gold,3,4,1,4,0,0,3,2.0,1.7142857142857142
ORD-10965,CUST-1298,2024-04-12,17:24,Friday,15,4,Spring,Chicken Biryani,Rice Dishes,3,13.99,41.97,Debit Card,Takeaway,19,,No,Cloudy,,4.0,Basmati Rice,0.9016,43.19,33.26,Adequate,0.0716,Completed,Suburbs,0,58.0,Yes,1,3,Friday,Sunday,4,55+,Bronze,8,4,1,3,1,0,2,4.0,1.8571428571428572
ORD-10571,CUST-1397,2024-04-12,17:47,Friday,15,4,Spring,Falafel Wrap,Wraps,4,8.49,33.96,Credit Card,Dine-In,8,21.0,No,Sunny,,5.0,Chickpeas,0.5554,70.82,16.33,Adequate,0.1548,Pending,Downtown,0,,Yes,1,4,Monday,Saturday,4,25-34,Platinum,4,4,1,4,0,0,1,1.0,2.142857142857143
ORD-10423,CUST-1314,2024-04-13,16:56,Saturday,15,4,Spring,Shawarma Wrap,Wraps,4,9.99,39.96,Online,Dine-In,7,28.0,No,Rainy,,4.0,Chicken Breast,0.8075,81.3,26.51,Adequate,0.1112,Completed,City Center,0,,No,2,5,Sunday,Saturday,5,55+,Gold,4,5,1,2,0,0,4,1.0,1.8571428571428572
ORD-10795,CUST-1182,2024-04-13,17:15,Saturday,15,4,Spring,BBQ Chicken Pizza,Pizza,3,15.99,47.97,Cash,Takeaway,25,,No,Sunny,,,Pizza Dough,0.85,116.38,23.51,Adequate,0.0826,Cancelled,Suburbs,0,53.0,No,1,3,Monday,Sunday,5,45-54,Bronze,6,5,1,4,1,0,2,3.0,1.8571428571428572
ORD-10411,CUST-1390,2024-04-14,10:08,Sunday,15,4,Spring,Penne Arrabbiata,Pasta,2,11.99,23.98,Digital Wallet,Dine-In,13,22.0,No,Cloudy,,4.0,Penne Pasta,0.3582,50.95,33.82,Adequate,0.037,Completed,City Center,0,,No,2,6,Saturday,Saturday,6,35-44,Silver,0,6,1,3,0,0,4,1.0,1.4285714285714286
ORD-10718,CUST-1223,2024-04-14,17:47,Sunday,15,4,Spring,Penne Arrabbiata,Pasta,4,11.99,47.96,Debit Card,Takeaway,16,,No,Sunny,,4.0,Penne Pasta,0.7314,68.86,18.08,Adequate,0.0509,Completed,Suburbs,0,26.0,No,2,6,Saturday,Sunday,6,25-34,Gold,0,6,1,4,1,0,2,1.0,1.8571428571428572
ORD-10775,CUST-1442,2024-04-15,11:45,Monday,16,4,Spring,Hot Coffee,Beverages,2,3.49,6.98,Credit Card,Takeaway,4,,No,Rainy,,3.0,Coffee Beans,0.0346,118.64,21.93,Adequate,0.0588,Completed,City Center,1,58.0,No,3,4,Saturday,Saturday,0,55+,Silver,5,0,1,2,1,0,4,2.0,1.4285714285714286
ORD-10504,CUST-1133,2024-04-16,10:24,Tuesday,16,4,Spring,BBQ Chicken Pizza,Pizza,1,13.59,13.59,Credit Card,Takeaway,24,,Yes,Cloudy,,4.0,Pizza Dough,0.2661,100.17,31.66,Adequate,0.0192,Completed,Airport,0,39.0,Yes,4,9,Monday,Saturday,1,55+,Gold,6,1,1,3,1,1,3,1.0,1.8571428571428572
ORD-10668,CUST-1257,2024-04-16,18:09,Tuesday,16,4,Spring,Classic Burger,Burgers,1,7.64,7.64,Online,Takeaway,12,,Yes,Cloudy,,2.0,Beef Patty,0.1865,76.05,18.26,Adequate,0.0068,Completed,City Center,1,33.0,No,3,4,Monday,Saturday,1,45-54,Bronze,3,1,1,3,1,1,4,1.0,1.7142857142857142
ORD-10159,CUST-1434,2024-04-17,16:46,Wednesday,16,4,Spring,Hot Coffee,Beverages,1,3.49,3.49,Online,Takeaway,2,,No,Rainy,,5.0,Coffee Beans,0.0175,100.91,21.83,Adequate,0.008,Completed,Downtown,0,27.0,No,3,4,Saturday,Saturday,2,55+,Silver,5,2,1,2,1,0,1,2.0,1.2857142857142858
ORD-10377,CUST-1254,2024-04-17,13:55,Wednesday,16,4,Spring,Pepperoni Pizza,Pizza,4,14.49,57.96,Digital Wallet,Takeaway,20,,No,Rainy,,4.0,Pizza Dough,1.0656,99.05,21.21,Adequate,0.0886,Completed,Mall Branch,1,47.0,Yes,1,4,Sunday,Sunday,2,45-54,Platinum,6,2,1,2,1,0,0,2.0,2.2857142857142856
ORD-10921,CUST-1268,2024-04-18,12:49,Thursday,16,4,Spring,Onion Rings,Sides,1,4.49,4.49,Digital Wallet,Dine-In,8,15.0,No,Sunny,,4.0,Onions,0.1868,25.38,34.94,Low Stock,0.0095,Completed,Airport,1,,No,2,6,Sunday,Saturday,3,35-44,Platinum,9,3,1,4,0,0,3,1.0,1.5714285714285714
ORD-10086,CUST-1320,2024-04-18,13:05,Thursday,16,4,Spring,Chocolate Lava Cake,Desserts,1,6.99,6.99,Digital Wallet,Dine-In,15,1.0,No,Sunny,,5.0,Chocolate,0.0723,40.56,31.57,Adequate,0.0336,Completed,Suburbs,1,,No,2,2,Friday,Sunday,3,25-34,Bronze,2,3,1,4,0,0,2,1.0,1.2857142857142858
ORD-10997,CUST-1125,2024-04-19,12:26,Friday,16,4,Spring,Classic Burger,Burgers,2,8.99,17.98,Online,Takeaway,14,,No,Cloudy,,,Beef Patty,0.352,91.04,27.77,Adequate,0.0676,Cancelled,Suburbs,1,33.0,Yes,3,4,Monday,Sunday,4,55+,Platinum,3,4,1,3,1,0,2,2.0,1.7142857142857142
ORD-10556,CUST-1426,2024-04-19,12:59,Friday,16,4,Spring,BBQ Chicken Pizza,Pizza,2,15.99,31.98,Digital Wallet,Dine-In,23,14.0,No,Sunny,,4.0,Pizza Dough,0.561,44.03,15.59,Adequate,0.0355,Completed,Airport,1,,Yes,4,9,Monday,Saturday,4,45-54,Silver,6,4,1,4,0,0,3,1.0,2.0
ORD-10911,CUST-1147,2024-04-19,17:34,Friday,16,4,Spring,Cheesecake,Desserts,1,5.99,5.99,Debit Card,Dine-In,5,19.0,No,Cloudy,,3.0,Cream Cheese,0.1182,89.33,16.68,Adequate,0.0389,Pending,Suburbs,0,,Yes,2,4,Saturday,Sunday,4,18-24,Bronze,2,4,1,3,0,0,2,,1.8
ORD-10166,CUST-1490,2024-04-20,11:08,Saturday,16,4,Spring,Onion Rings,Sides,5,4.49,22.45,Debit Card,Dine-In,6,17.0,No,Rainy,,,Onions,0.9122,117.96,29.16,Adequate,0.1973,Cancelled,Airport,1,,No,2,6,Sunday,Saturday,5,45-54,Silver,9,5,1,2,0,0,3,1.0,2.142857142857143
ORD-10970,CUST-1366,2024-04-20,13:13,Saturday,16,4,Spring,BBQ Chicken Pizza,Pizza,3,15.99,47.97,Cash,Dine-In,23,21.0,No,Cloudy,,5.0,Pizza Dough,0.8541,62.28,29.96,Adequate,0.0878,Pending,City Center,1,,Yes,4,9,Monday,Saturday,5,25-34,Bronze,6,5,1,3,0,0,4,2.0,2.142857142857143
ORD-10155,CUST-1211,2024-04-20,15:36,Saturday,16,4,Spring,Classic Burger,Burgers,1,7.64,7.64,Cash,Dine-In,8,14.0,Yes,Cloudy,,4.0,Beef Patty,0.1774,78.56,30.37,Adequate,0.0309,Completed,Airport,0,,Yes,3,4,Monday,Saturday,5,35-44,Bronze,3,5,1,3,0,1,3,1.0,1.7142857142857142
ORD-10075,CUST-1286,2024-04-20,17:35,Saturday,16,4,Spring,Margherita Pizza,Pizza,1,11.04,11.04,Credit Card,Dine-In,20,26.0,Yes,Cloudy,,,Pizza Dough,0.2925,109.96,28.09,Adequate,0.0179,Cancelled,Mall Branch,0,,No,1,1,Saturday,Sunday,5,25-34,Bronze,6,5,1,3,0,1,0,4.0,1.8571428571428572
ORD-10087,CUST-1069,2024-04-20,18:28,Saturday,16,4,Spring,Spaghetti Carbonara,Pasta,3,11.47,34.41,Debit Card,Dine-In,12,8.0,Yes,Cloudy,,,Spaghetti,0.5289,83.4,20.96,Adequate,0.1024,Cancelled,City Center,1,,No,1,3,Friday,Saturday,5,45-54,Bronze,0,5,1,3,0,1,4,1.0,2.0
ORD-10669,CUST-1461,2024-04-20,19:04,Saturday,16,4,Spring,Lemonade,Beverages,1,3.49,3.49,Cash,Dine-In,2,18.0,No,Windy,,5.0,Lemons,0.0881,52.11,32.34,Adequate,0.0303,Completed,Suburbs,1,,Yes,2,2,Sunday,Sunday,5,55+,Bronze,5,5,1,5,0,0,2,,1.3333333333333333
ORD-10012,CUST-1035,2024-04-20,19:50,Saturday,16,4,Spring,Cheesecake,Desserts,3,5.99,17.97,Digital Wallet,Dine-In,5,12.0,No,Sunny,,5.0,Cream Cheese,0.3458,116.08,27.71,Adequate,0.0311,Completed,Suburbs,1,,No,2,4,Saturday,Sunday,5,55+,Silver,2,5,1,4,0,0,2,,2.0
ORD-10531,CUST-1064,2024-04-20,20:45,Saturday,16,4,Spring,Chocolate Lava Cake,Desserts,1,5.94,5.94,Debit Card,Dine-In,13,25.0,Yes,Sunny,,,Chocolate,0.0718,29.56,28.12,Adequate,0.0342,Cancelled,City Center,1,,Yes,2,2,Friday,Saturday,5,25-34,Bronze,2,5,1,4,0,1,4,1.0,1.2857142857142858
ORD-10605,CUST-1487,2024-04-21,18:09,Sunday,16,4,Spring,Lemonade,Beverages,1,2.97,2.97,Online,Dine-In,3,17.0,Yes,Windy,,4.0,Lemons,0.0939,53.89,30.17,Adequate,0.0085,Completed,Downtown,1,,Yes,2,2,Sunday,Saturday,6,35-44,Gold,5,6,1,5,0,1,1,,1.25
ORD-10702,CUST-1320,2024-04-21,17:31,Sunday,16,4,Spring,BBQ Chicken Pizza,Pizza,3,15.99,47.97,Credit Card,Takeaway,17,,No,Cloudy,,4.0,Pizza Dough,0.841,25.37,29.21,Low Stock,0.0535,Completed,Suburbs,0,46.0,Yes,4,9,Monday,Sunday,6,25-34,Bronze,6,6,1,3,1,0,2,2.0,2.2857142857142856
ORD-10302,CUST-1038,2024-04-21,17:10,Sunday,16,4,Spring,Double Cheeseburger,Burgers,1,11.49,11.49,Credit Card,Takeaway,10,,No,Rainy,,4.0,Beef Patty,0.3743,50.21,20.25,Adequate,0.0372,Completed,Downtown,0,43.0,No,1,1,Sunday,Saturday,6,45-54,Bronze,3,6,1,2,1,0,1,4.0,1.5714285714285714
ORD-10163,CUST-1246,2024-04-21,11:47,Sunday,16,4,Spring,Chicken Biryani,Rice Dishes,1,13.99,13.99,Credit Card,Takeaway,26,,No,Cloudy,,5.0,Basmati Rice,0.2993,92.0,27.11,Adequate,0.0273,Completed,Suburbs,1,46.0,Yes,1,1,Friday,Sunday,6,55+,Bronze,8,6,1,3,1,0,2,1.0,1.8571428571428572
ORD-10052,CUST-1273,2024-04-21,11:27,Sunday,16,4,Spring,Caesar Salad,Salads,1,8.99,8.99,Online,Dine-In,5,13.0,No,Cloudy,,5.0,Romaine Lettuce,0.2384,116.84,29.03,Adequate,0.0088,Completed,City Center,1,,No,1,1,Tuesday,Saturday,6,25-34,Platinum,7,6,1,3,0,0,4,,2.0
ORD-10432,CUST-1188,2024-04-21,13:45,Sunday,16,4,Spring,Hot Coffee,Beverages,1,2.97,2.97,Online,Dine-In,2,16.0,Yes,Sunny,,2.0,Coffee Beans,0.0181,83.67,22.27,Adequate,0.014,Completed,Downtown,1,,Yes,3,4,Saturday,Saturday,6,35-44,Silver,5,6,1,4,0,1,1,2.0,1.1428571428571428
ORD-10991,CUST-1428,2024-04-22,15:39,Monday,17,4,Spring,Chocolate Lava Cake,Desserts,3,6.99,20.97,Online,Dine-In,11,6.0,No,Cloudy,,4.0,Chocolate,0.2046,109.79,16.09,Adequate,0.05,Completed,Suburbs,0,,Yes,1,3,Friday,Sunday,0,25-34,Bronze,2,0,1,3,0,0,2,2.0,1.4285714285714286
ORD-10454,CUST-1404,2024-04-22,15:47,Monday,17,4,Spring,Onion Rings,Sides,2,4.49,8.98,Cash,Dine-In,8,11.0,No,Rainy,,4.0,Onions,0.3479,45.68,30.71,Adequate,0.0562,Completed,Airport,0,,No,1,2,Sunday,Saturday,0,35-44,Bronze,9,0,1,2,0,0,3,2.0,2.142857142857143
ORD-10094,CUST-1358,2024-04-22,18:47,Monday,17,4,Spring,Veggie Burger,Burgers,4,8.07,32.28,Cash,Dine-In,9,26.0,Yes,Rainy,,4.0,Veggie Patty,0.7005,81.4,28.69,Adequate,0.0745,Pending,Airport,1,,No,1,4,Saturday,Saturday,0,35-44,Bronze,3,0,1,2,0,1,3,2.0,2.857142857142857
ORD-10099,CUST-1266,2024-04-26,12:41,Friday,17,4,Spring,Spaghetti Carbonara,Pasta,4,13.49,53.96,Cash,Takeaway,13,,No,Cloudy,,3.0,Spaghetti,0.693,43.46,20.03,Adequate,0.0434,Pending,Downtown,1,57.0,No,1,4,Friday,Saturday,4,45-54,Platinum,0,4,1,3,1,0,1,4.0,2.0
ORD-10027,CUST-1236,2024-04-26,16:40,Friday,17,4,Spring,Pepperoni Pizza,Pizza,1,12.32,12.32,Online,Dine-In,23,10.0,Yes,Rainy,,5.0,Pizza Dough,0.2841,117.74,16.81,Adequate,0.0185,Completed,Downtown,0,,No,1,1,Sunday,Saturday,4,35-44,Gold,6,4,1,2,0,1,1,4.0,1.8571428571428572
ORD-10656,CUST-1265,2024-04-26,18:06,Friday,17,4,Spring,Double Cheeseburger,Burgers,1,11.49,11.49,Online,Dine-In,14,23.0,No,Windy,,2.0,Beef Patty,0.351,87.74,32.94,Adequate,0.0284,Completed,City Center,1,,Yes,2,2,Sunday,Saturday,4,18-24,Bronze,3,4,1,5,0,0,4,2.0,1.4285714285714286
ORD-10768,CUST-1225,2024-04-26,19:36,Friday,17,4,Spring,Double Cheeseburger,Burgers,1,11.49,11.49,Digital Wallet,Takeaway,15,,No,Rainy,,5.0,Beef Patty,0.3691,59.95,22.45,Adequate,0.0202,Completed,Suburbs,1,43.0,Yes,2,2,Sunday,Sunday,4,55+,Platinum,3,4,1,2,1,0,2,1.0,1.4285714285714286
ORD-10111,CUST-1450,2024-04-26,20:07,Friday,17,4,Spring,Margherita Pizza,Pizza,3,11.04,33.12,Cash,Dine-In,19,11.0,Yes,Sunny,,4.0,Pizza Dough,0.8108,38.79,17.63,Adequate,0.0786,Pending,Airport,1,,No,2,5,Saturday,Saturday,4,18-24,Gold,6,4,1,4,0,1,3,5.0,1.5714285714285714
ORD-10150,CUST-1212,2024-04-27,18:16,Saturday,17,4,Spring,Margherita Pizza,Pizza,2,12.99,25.98,Online,Dine-In,18,3.0,No,Rainy,,4.0,Pizza Dough,0.5446,114.81,33.46,Adequate,0.0735,Completed,City Center,1,,No,2,5,Saturday,Saturday,5,25-34,Silver,6,5,1,2,0,0,4,1.0,1.7142857142857142
ORD-10066,CUST-1485,2024-04-27,13:37,Saturday,17,4,Spring,Classic Burger,Burgers,3,8.99,26.97,Cash,Dine-In,9,19.0,No,Sunny,,5.0,Beef Patty,0.5423,37.56,15.76,Adequate,0.0782,Completed,Suburbs,1,,No,1,3,Monday,Sunday,5,45-54,Bronze,3,5,1,4,0,0,2,3.0,1.7142857142857142
ORD-10822,CUST-1077,2024-04-27,18:34,Saturday,17,4,Spring,Falafel Wrap,Wraps,2,8.49,16.98,Cash,Takeaway,7,,No,Cloudy,,2.0,Chickpeas,0.2837,71.15,25.54,Adequate,0.0368,Completed,Downtown,1,44.0,No,1,2,Monday,Saturday,5,35-44,Gold,4,5,1,3,1,0,1,3.0,2.0
ORD-10264,CUST-1334,2024-04-28,14:10,Sunday,17,4,Spring,Iced Coffee,Beverages,2,3.82,7.64,Debit Card,Takeaway,3,,Yes,Cloudy,,5.0,Coffee Beans,0.0376,67.2,32.12,Adequate,0.0201,Completed,Mall Branch,1,50.0,No,1,2,Sunday,Sunday,6,18-24,Bronze,5,6,1,3,1,1,0,,1.8
ORD-10301,CUST-1104,2024-04-29,10:18,Monday,18,4,Spring,Chicken Biryani,Rice Dishes,2,13.99,27.98,Online,Takeaway,22,,No,Cloudy,,,Basmati Rice,0.6146,107.42,19.0,Adequate,0.0683,Completed,Downtown,0,45.0,Yes,1,2,Friday,Saturday,0,25-34,Platinum,8,0,1,3,1,0,1,2.0,1.8571428571428572
ORD-10904,CUST-1498,2024-04-29,12:18,Monday,18,4,Spring,Double Cheeseburger,Burgers,1,11.49,11.49,Debit Card,Takeaway,16,,No,Cloudy,,5.0,Beef Patty,0.3705,21.88,25.78,Low Stock,0.0065,Pending,Suburbs,1,59.0,Yes,2,2,Sunday,Sunday,0,55+,Gold,3,0,1,3,1,0,2,3.0,1.1428571428571428
ORD-10235,CUST-1082,2024-04-29,13:26,Monday,18,4,Spring,Lemonade,Beverages,1,3.49,3.49,Online,Dine-In,3,1.0,No,Sunny,,3.0,Lemons,0.0857,80.9,31.16,Adequate,0.0379,Completed,City Center,1,,Yes,1,1,Sunday,Saturday,0,25-34,Bronze,5,0,1,4,0,0,4,,1.2
ORD-10143,CUST-1150,2024-04-29,17:48,Monday,18,4,Spring,Classic Burger,Burgers,3,8.99,26.97,Cash,Takeaway,11,,No,Rainy,,4.0,Beef Patty,0.5567,74.05,15.35,Adequate,0.1074,Completed,Airport,0,32.0,No,3,7,Monday,Saturday,0,55+,Platinum,3,0,1,2,1,0,3,2.0,1.8571428571428572
ORD-10735,CUST-1129,2024-04-30,15:10,Tuesday,18,4,Spring,Classic Burger,Burgers,2,8.99,17.98,Debit Card,Dine-In,13,16.0,No,Rainy,,3.0,Beef Patty,0.3565,105.45,26.78,Adequate,0.0358,Completed,Mall Branch,0,,Yes,3,7,Monday,Sunday,1,55+,Silver,3,1,1,2,0,0,0,1.0,2.0
ORD-10051,CUST-1245,2024-04-30,19:55,Tuesday,18,4,Spring,French Fries,Sides,2,3.99,7.98,Credit Card,Takeaway,7,,No,Rainy,,5.0,Potatoes,0.4503,83.29,34.36,Adequate,0.0363,Completed,Airport,1,32.0,No,4,9,Saturday,Saturday,1,55+,Platinum,9,1,1,2,1,0,3,2.0,1.7142857142857142
ORD-10657,CUST-1367,2024-05-01,11:36,Wednesday,18,5,Spring,Lamb Biryani,Rice Dishes,4,16.49,65.96,Online,Takeaway,24,,No,Rainy,,5.0,Basmati Rice,1.1965,88.31,27.18,Adequate,0.0826,Completed,Airport,1,26.0,Yes,4,11,Saturday,Saturday,2,18-24,Gold,8,2,1,2,1,0,3,3.0,2.2857142857142856
ORD-10120,CUST-1144,2024-05-01,13:31,Wednesday,18,5,Spring,Classic Burger,Burgers,2,8.99,17.98,Cash,Dine-In,10,6.0,No,Windy,,,Beef Patty,0.3627,70.79,23.11,Adequate,0.0685,Cancelled,City Center,1,,No,3,7,Monday,Saturday,2,35-44,Silver,3,2,1,5,0,0,4,2.0,2.0
ORD-10116,CUST-1259,2024-05-02,17:00,Thursday,18,5,Spring,French Fries,Sides,2,3.99,7.98,Cash,Dine-In,6,10.0,No,Sunny,,3.0,Potatoes,0.433,92.44,27.32,Adequate,0.0236,Completed,Airport,0,,Yes,4,9,Saturday,Saturday,3,45-54,Silver,9,3,1,4,0,0,3,1.0,1.8571428571428572
ORD-10161,CUST-1266,2024-05-02,18:08,Thursday,18,5,Spring,Lamb Biryani,Rice Dishes,2,16.49,32.98,Digital Wallet,Dine-In,28,10.0,No,Sunny,,1.0,Basmati Rice,0.6056,44.13,30.48,Adequate,0.0177,Completed,City Center,1,,Yes,4,11,Saturday,Saturday,3,45-54,Platinum,8,3,1,4,0,0,4,2.0,2.2857142857142856
ORD-10826,CUST-1428,2024-05-02,19:59,Thursday,18,5,Spring,French Fries,Sides,4,3.99,15.96,Digital Wallet,Dine-In,7,1.0,No,Cloudy,,5.0,Potatoes,0.879,30.48,27.29,Adequate,0.0605,Completed,Suburbs,1,,No,4,9,Saturday,Sunday,3,25-34,Bronze,9,3,1,3,0,0,2,1.0,2.2857142857142856
ORD-10421,CUST-1335,2024-05-03,16:41,Friday,18,5,Spring,French Fries,Sides,1,3.99,3.99,Credit Card,Takeaway,5,,No,Cloudy,,2.0,Potatoes,0.2208,105.1,29.09,Adequate,0.0337,Completed,City Center,0,34.0,Yes,4,9,Saturday,Saturday,4,35-44,Gold,9,4,1,3,1,0,4,1.0,2.2857142857142856
ORD-10780,CUST-1435,2024-05-03,18:27,Friday,18,5,Spring,Veggie Burger,Burgers,2,9.49,18.98,Debit Card,Dine-In,13,25.0,No,Cloudy,,5.0,Veggie Patty,0.3382,101.46,24.76,Adequate,0.068,Completed,Airport,1,,Yes,2,3,Saturday,Saturday,4,18-24,Gold,3,4,1,3,0,0,3,4.0,2.5714285714285716
ORD-10414,CUST-1111,2024-05-04,16:00,Saturday,18,5,Spring,Shawarma Wrap,Wraps,2,9.99,19.98,Credit Card,Takeaway,7,,No,Sunny,,4.0,Chicken Breast,0.3876,89.58,22.93,Adequate,0.0151,Pending,Airport,0,59.0,Yes,1,2,Sunday,Saturday,5,18-24,Silver,4,5,1,4,1,0,3,3.0,1.7142857142857142
ORD-10004,CUST-1472,2024-05-04,12:12,Saturday,18,5,Spring,Lamb Biryani,Rice Dishes,1,16.49,16.49,Cash,Dine-In,23,28.0,No,Windy,,5.0,Basmati Rice,0.2865,119.93,31.72,Adequate,0.0108,Completed,Downtown,1,,No,4,11,Saturday,Saturday,5,25-34,Silver,8,5,1,5,0,0,1,5.0,1.7142857142857142
ORD-10457,CUST-1381,2024-05-04,10:30,Saturday,18,5,Spring,Mango Smoothie,Beverages,2,5.49,10.98,Cash,Takeaway,4,,No,Cloudy,,4.0,Mango,0.4086,66.79,33.91,Adequate,0.0119,Completed,Downtown,0,53.0,Yes,1,2,Saturday,Saturday,5,55+,Silver,5,5,1,3,1,0,1,,2.0
ORD-10140,CUST-1064,2024-05-05,09:52,Sunday,18,5,Spring,Double Cheeseburger,Burgers,1,11.49,11.49,Cash,Takeaway,11,,No,Sunny,,4.0,Beef Patty,0.3448,97.47,30.15,Adequate,0.0088,Completed,Downtown,0,39.0,No,2,2,Sunday,Saturday,6,25-34,Bronze,3,6,1,4,1,0,1,2.0,1.0
ORD-10607,CUST-1418,2024-05-05,13:18,Sunday,18,5,Spring,Veggie Burger,Burgers,1,9.49,9.49,Online,Takeaway,11,,No,Cloudy,,5.0,Veggie Patty,0.1756,30.52,16.02,Adequate,0.0187,Completed,Suburbs,1,43.0,Yes,2,3,Saturday,Sunday,6,25-34,Gold,3,6,1,3,1,0,2,4.0,2.142857142857143
ORD-10006,CUST-1424,2024-05-05,19:32,Sunday,18,5,Spring,Lamb Biryani,Rice Dishes,4,16.49,65.96,Online,Dine-In,26,14.0,No,Sunny,,,Basmati Rice,1.2165,46.2,29.82,Adequate,0.0985,Completed,Mall Branch,1,,No,4,11,Saturday,Sunday,6,35-44,Gold,8,6,1,4,0,0,0,2.0,2.0
ORD-10806,CUST-1311,2024-05-07,17:22,Tuesday,19,5,Spring,Chicken Biryani,Rice Dishes,1,13.99,13.99,Credit Card,Dine-In,20,25.0,No,Rainy,,1.0,Basmati Rice,0.3114,103.81,29.2,Adequate,0.0214,Completed,Airport,0,,Yes,2,2,Friday,Saturday,1,25-34,Gold,8,1,1,2,0,0,3,3.0,1.5714285714285714
ORD-10068,CUST-1409,2024-05-08,19:50,Wednesday,19,5,Spring,Hot Coffee,Beverages,2,3.49,6.98,Cash,Dine-In,4,3.0,No,Rainy,,4.0,Coffee Beans,0.0345,37.01,22.51,Adequate,0.0759,Pending,Downtown,1,,No,1,2,Saturday,Saturday,2,35-44,Bronze,5,2,1,2,0,0,1,1.0,1.2857142857142858
ORD-10686,CUST-1309,2024-05-09,12:43,Thursday,19,5,Spring,Chicken Biryani,Rice Dishes,1,13.99,13.99,Debit Card,Dine-In,24,20.0,No,Sunny,,4.0,Basmati Rice,0.291,76.29,21.41,Adequate,0.0177,Completed,Downtown,1,,Yes,2,2,Friday,Saturday,3,25-34,Silver,8,3,1,4,0,0,1,2.0,1.4285714285714286
ORD-10484,CUST-1101,2024-05-09,15:31,Thursday,19,5,Spring,Pepperoni Pizza,Pizza,1,14.49,14.49,Online,Dine-In,21,5.0,No,Sunny,,2.0,Pizza Dough,0.2886,80.43,27.5,Adequate,0.0149,Pending,Suburbs,0,,No,3,5,Sunday,Sunday,3,18-24,Gold,6,3,1,4,0,0,2,2.0,1.7142857142857142
ORD-10789,CUST-1257,2024-05-09,18:34,Thursday,19,5,Spring,Pepperoni Pizza,Pizza,2,14.49,28.98,Debit Card,Dine-In,22,23.0,No,Sunny,,5.0,Pizza Dough,0.566,114.96,19.3,Adequate,0.0724,Completed,City Center,1,,Yes,3,5,Sunday,Saturday,3,45-54,Bronze,6,3,1,4,0,0,4,1.0,1.8571428571428572
ORD-10636,CUST-1211,2024-05-11,11:45,Saturday,19,5,Spring,French Fries,Sides,5,3.99,19.95,Cash,Dine-In,5,4.0,No,Cloudy,,4.0,Potatoes,1.0688,39.03,25.17,Adequate,0.0557,Completed,Downtown,1,,Yes,1,5,Saturday,Saturday,5,35-44,Bronze,9,5,1,3,0,0,1,1.0,2.857142857142857
ORD-10619,CUST-1142,2024-05-11,19:25,Saturday,19,5,Spring,Penne Arrabbiata,Pasta,1,11.99,11.99,Cash,Takeaway,17,,No,Windy,,,Penne Pasta,0.1732,61.05,31.91,Adequate,0.0284,Completed,Suburbs,1,28.0,Yes,1,1,Saturday,Sunday,5,35-44,Platinum,0,5,1,5,1,0,2,2.0,1.7142857142857142
ORD-10696,CUST-1273,2024-05-11,22:28,Saturday,19,5,Spring,Lemonade,Beverages,1,3.49,3.49,Cash,Takeaway,3,,No,Windy,,4.0,Lemons,0.0934,100.64,18.91,Adequate,0.0378,Completed,Downtown,0,60.0,Yes,1,1,Sunday,Saturday,5,25-34,Platinum,5,5,1,5,1,0,1,,1.1666666666666667
ORD-10050,CUST-1285,2024-05-12,20:28,Sunday,19,5,Spring,BBQ Chicken Pizza,Pizza,1,13.59,13.59,Digital Wallet,Dine-In,16,15.0,Yes,Cloudy,Mother's Day,1.0,Pizza Dough,0.2815,79.69,30.69,Adequate,0.0152,Completed,Airport,1,,No,1,1,Monday,Saturday,6,25-34,Gold,6,6,1,3,0,1,3,2.0,2.142857142857143
ORD-10507,CUST-1107,2024-05-12,18:48,Sunday,19,5,Spring,Pepperoni Pizza,Pizza,2,14.49,28.98,Cash,Dine-In,20,17.0,No,Rainy,Mother's Day,3.0,Pizza Dough,0.5535,38.18,26.81,Adequate,0.0165,Completed,Downtown,1,,Yes,3,5,Sunday,Saturday,6,45-54,Silver,6,6,1,2,0,0,1,3.0,1.7142857142857142
ORD-10500,CUST-1147,2024-05-12,18:21,Sunday,19,5,Spring,Shawarma Wrap,Wraps,1,9.99,9.99,Cash,Dine-In,12,21.0,No,Cloudy,Mother's Day,4.0,Chicken Breast,0.2046,33.23,24.92,Adequate,0.0277,Completed,Airport,1,,No,2,3,Sunday,Saturday,6,18-24,Bronze,4,6,1,3,0,0,3,1.0,1.7142857142857142
ORD-10905,CUST-1349,2024-05-12,17:14,Sunday,19,5,Spring,Shawarma Wrap,Wraps,2,9.99,19.98,Cash,Dine-In,7,4.0,No,Rainy,Mother's Day,5.0,Chicken Breast,0.3929,22.93,24.89,Low Stock,0.0581,Completed,Downtown,0,,Yes,2,3,Sunday,Saturday,6,55+,Bronze,4,6,1,2,0,0,1,1.0,1.8571428571428572
ORD-10145,CUST-1024,2024-05-12,16:54,Sunday,19,5,Spring,Ice Cream Sundae,Desserts,1,5.49,5.49,Cash,Dine-In,5,9.0,No,Rainy,Mother's Day,5.0,Ice Cream,0.1844,29.2,31.88,Low Stock,0.0168,Completed,City Center,0,,No,1,1,Wednesday,Saturday,6,55+,Gold,2,6,1,2,0,0,4,,1.8571428571428572
ORD-10262,CUST-1446,2024-05-12,17:21,Sunday,19,5,Spring,Lamb Biryani,Rice Dishes,1,16.49,16.49,Credit Card,Takeaway,23,,No,Cloudy,Mother's Day,4.0,Basmati Rice,0.2924,45.61,29.79,Adequate,0.0291,Completed,City Center,0,54.0,Yes,1,1,Saturday,Saturday,6,35-44,Gold,8,6,1,3,1,0,4,1.0,2.0
ORD-10709,CUST-1203,2024-05-13,11:41,Monday,20,5,Spring,Classic Burger,Burgers,3,8.99,26.97,Debit Card,Takeaway,10,,No,Rainy,,4.0,Beef Patty,0.5604,43.7,31.09,Adequate,0.0732,Completed,Airport,1,59.0,No,1,3,Monday,Saturday,0,35-44,Platinum,3,0,1,2,1,0,3,1.0,2.2857142857142856
ORD-10028,CUST-1168,2024-05-13,13:49,Monday,20,5,Spring,BBQ Chicken Pizza,Pizza,2,15.99,31.98,Credit Card,Takeaway,21,,No,Windy,,4.0,Pizza Dough,0.5809,53.34,26.65,Adequate,0.0317,Completed,City Center,1,24.0,No,1,2,Monday,Saturday,0,18-24,Gold,6,0,1,5,1,0,4,2.0,2.142857142857143
ORD-10617,CUST-1009,2024-05-13,20:14,Monday,20,5,Spring,Falafel Wrap,Wraps,1,8.49,8.49,Credit Card,Dine-In,11,19.0,No,Windy,,5.0,Chickpeas,0.1451,99.12,28.78,Adequate,0.0214,Completed,City Center,1,,No,1,1,Monday,Saturday,0,45-54,Platinum,4,0,1,5,0,0,4,1.0,2.0
ORD-10765,CUST-1337,2024-05-13,22:04,Monday,20,5,Spring,Veggie Burger,Burgers,1,8.07,8.07,Debit Card,Takeaway,11,,Yes,Windy,,5.0,Veggie Patty,0.1677,34.19,21.1,Adequate,0.0183,Completed,Downtown,0,49.0,Yes,2,6,Saturday,Saturday,0,25-34,Silver,3,0,1,5,1,1,1,1.0,2.142857142857143
ORD-10513,CUST-1377,2024-05-14,12:10,Tuesday,20,5,Spring,Cheesecake,Desserts,1,5.09,5.09,Cash,Dine-In,4,28.0,Yes,Sunny,,4.0,Cream Cheese,0.1205,78.31,30.94,Adequate,0.0369,Completed,Airport,1,,Yes,2,2,Saturday,Saturday,1,45-54,Bronze,2,1,1,4,0,1,3,,1.8571428571428572
ORD-10868,CUST-1224,2024-05-14,16:03,Tuesday,20,5,Spring,Lamb Biryani,Rice Dishes,1,16.49,16.49,Online,Takeaway,23,,No,Windy,,4.0,Basmati Rice,0.2942,89.23,18.69,Adequate,0.0221,Completed,Mall Branch,0,20.0,No,2,2,Saturday,Sunday,1,25-34,Bronze,8,1,1,5,1,0,0,1.0,2.0
ORD-10249,CUST-1075,2024-05-14,17:26,Tuesday,20,5,Spring,Mushroom Soup,Soups,2,5.94,11.88,Online,Takeaway,11,,Yes,Cloudy,,,Mushrooms,0.5804,24.45,27.17,Low Stock,0.031,Cancelled,Downtown,0,52.0,Yes,2,3,Sunday,Saturday,1,45-54,Gold,1,1,1,3,1,1,1,1.0,2.0
ORD-10142,CUST-1202,2024-05-14,17:43,Tuesday,20,5,Spring,Double Cheeseburger,Burgers,2,11.49,22.98,Online,Dine-In,16,5.0,No,Cloudy,,3.0,Beef Patty,0.6887,117.52,21.77,Adequate,0.0793,Completed,Mall Branch,0,,No,2,5,Sunday,Sunday,1,35-44,Silver,3,1,1,3,0,0,0,1.0,1.1428571428571428
ORD-10024,CUST-1444,2024-05-16,10:35,Thursday,20,5,Spring,Shawarma Wrap,Wraps,2,9.99,19.98,Digital Wallet,Takeaway,8,,No,Cloudy,,4.0,Chicken Breast,0.3941,77.79,19.25,Adequate,0.0693,Pending,Airport,0,47.0,No,2,5,Sunday,Saturday,3,18-24,Bronze,4,3,1,3,1,0,3,1.0,2.0
ORD-10770,CUST-1479,2024-05-16,13:36,Thursday,20,5,Spring,Penne Arrabbiata,Pasta,1,11.99,11.99,Online,Dine-In,13,15.0,No,Sunny,,5.0,Penne Pasta,0.1767,113.75,34.15,Adequate,0.0278,Completed,Mall Branch,1,,Yes,1,1,Saturday,Sunday,3,45-54,Gold,0,3,1,4,0,0,0,1.0,1.7142857142857142
ORD-10962,CUST-1443,2024-05-17,18:05,Friday,20,5,Spring,Lamb Biryani,Rice Dishes,1,16.49,16.49,Credit Card,Takeaway,24,,No,Sunny,,4.0,Basmati Rice,0.2929,98.53,22.69,Adequate,0.0321,Completed,Airport,1,44.0,Yes,2,2,Saturday,Saturday,4,45-54,Platinum,8,4,1,4,1,0,3,1.0,2.0
ORD-10832,CUST-1141,2024-05-17,17:38,Friday,20,5,Spring,Chicken Biryani,Rice Dishes,1,13.99,13.99,Credit Card,Takeaway,28,,No,Sunny,,4.0,Basmati Rice,0.3101,90.22,33.8,Adequate,0.022,Completed,Suburbs,0,40.0,Yes,1,1,Friday,Sunday,4,55+,Bronze,8,4,1,4,1,0,2,1.0,1.4285714285714286
ORD-10692,CUST-1295,2024-05-17,13:36,Friday,20,5,Spring,Double Cheeseburger,Burgers,3,11.49,34.47,Debit Card,Dine-In,14,30.0,No,Windy,,4.0,Beef Patty,1.0343,20.78,15.23,Adequate,0.1145,Completed,Suburbs,1,,Yes,2,5,Sunday,Sunday,4,55+,Silver,3,4,1,5,0,0,2,1.0,1.4285714285714286
ORD-10601,CUST-1049,2024-05-18,11:23,Saturday,20,5,Spring,French Fries,Sides,1,3.99,3.99,Cash,Dine-In,6,17.0,No,Rainy,,,Potatoes,0.2236,96.45,28.93,Adequate,0.0257,Cancelled,City Center,1,,Yes,4,6,Saturday,Saturday,5,55+,Bronze,9,5,1,2,0,0,4,5.0,2.2857142857142856
ORD-10947,CUST-1464,2024-05-18,12:50,Saturday,20,5,Spring,Veggie Burger,Burgers,5,9.49,47.45,Debit Card,Dine-In,8,22.0,No,Cloudy,,4.0,Veggie Patty,0.813,49.66,26.61,Adequate,0.1925,Completed,Mall Branch,1,,Yes,2,6,Saturday,Sunday,5,55+,Silver,3,5,1,3,0,0,0,2.0,2.5714285714285716
ORD-10961,CUST-1201,2024-05-18,16:00,Saturday,20,5,Spring,French Fries,Sides,2,3.99,7.98,Debit Card,Takeaway,5,,No,Sunny,,5.0,Potatoes,0.4272,91.71,30.26,Adequate,0.0136,Completed,Suburbs,0,41.0,Yes,4,6,Saturday,Sunday,5,18-24,Silver,9,5,1,4,1,0,2,1.0,2.4285714285714284
ORD-10485,CUST-1126,2024-05-18,20:38,Saturday,20,5,Spring,French Fries,Sides,1,3.99,3.99,Online,Takeaway,6,,No,Windy,,5.0,Potatoes,0.2212,66.4,24.91,Adequate,0.018,Completed,Suburbs,1,55.0,Yes,4,6,Saturday,Sunday,5,18-24,Bronze,9,5,1,5,1,0,2,2.0,2.2857142857142856
ORD-10337,CUST-1358,2024-05-18,20:55,Saturday,20,5,Spring,Shawarma Wrap,Wraps,3,8.49,25.47,Credit Card,Dine-In,7,24.0,Yes,Rainy,,4.0,Chicken Breast,0.6246,78.07,29.75,Adequate,0.0694,Completed,Suburbs,1,,Yes,2,5,Sunday,Sunday,5,35-44,Bronze,4,5,1,2,0,1,2,2.0,2.142857142857143
ORD-10415,CUST-1146,2024-05-19,10:56,Sunday,20,5,Spring,Mushroom Soup,Soups,1,6.99,6.99,Online,Dine-In,10,29.0,No,Sunny,,5.0,Mushrooms,0.2912,51.85,18.1,Adequate,0.0382,Completed,Airport,0,,No,2,3,Sunday,Saturday,6,18-24,Silver,1,6,1,4,0,0,3,1.0,2.0
ORD-10151,CUST-1405,2024-05-19,11:13,Sunday,20,5,Spring,Cheesecake,Desserts,1,5.99,5.99,Digital Wallet,Dine-In,3,14.0,No,Rainy,,4.0,Cream Cheese,0.1194,44.83,26.66,Adequate,0.0054,Completed,City Center,1,,Yes,2,2,Saturday,Saturday,6,45-54,Silver,2,6,1,2,0,0,4,1.0,1.8571428571428572
ORD-10370,CUST-1089,2024-05-19,11:18,Sunday,20,5,Spring,Chocolate Lava Cake,Desserts,2,6.99,13.98,Online,Dine-In,14,27.0,No,Cloudy,,,Chocolate,0.1356,93.7,34.34,Adequate,0.0423,Cancelled,Suburbs,1,,Yes,1,2,Friday,Sunday,6,45-54,Gold,2,6,1,3,0,0,2,1.0,1.5714285714285714
ORD-10348,CUST-1344,2024-05-19,14:04,Sunday,20,5,Spring,Mango Smoothie,Beverages,1,5.49,5.49,Debit Card,Takeaway,3,,No,Rainy,,,Mango,0.2053,100.72,21.27,Adequate,0.0193,Cancelled,Mall Branch,1,26.0,Yes,1,1,Saturday,Sunday,6,55+,Silver,5,6,1,2,1,0,0,,1.6666666666666667
ORD-10419,CUST-1150,2024-05-19,20:47,Sunday,20,5,Spring,French Fries,Sides,2,3.99,7.98,Online,Dine-In,7,10.0,No,Windy,,5.0,Potatoes,0.4401,71.86,25.17,Adequate,0.0108,Completed,Airport,1,,Yes,4,6,Saturday,Saturday,6,55+,Platinum,9,6,1,5,0,0,3,2.0,2.2857142857142856
ORD-10573,CUST-1195,2024-05-20,11:36,Monday,21,5,Spring,Falafel Wrap,Wraps,1,8.49,8.49,Credit Card,Dine-In,8,16.0,No,Sunny,,,Chickpeas,0.1412,113.65,23.47,Adequate,0.0349,Cancelled,Suburbs,1,,No,2,2,Monday,Sunday,0,45-54,Silver,4,0,1,4,0,0,2,2.0,1.8571428571428572
ORD-10216,CUST-1129,2024-05-20,13:57,Monday,21,5,Spring,Falafel Wrap,Wraps,1,7.22,7.22,Debit Card,Dine-In,10,17.0,Yes,Cloudy,,5.0,Chickpeas,0.1379,22.99,18.6,Adequate,0.0327,Completed,City Center,1,,No,2,2,Monday,Saturday,0,55+,Silver,4,0,1,3,0,1,4,1.0,1.8571428571428572
ORD-10312,CUST-1280,2024-05-21,11:23,Tuesday,21,5,Spring,Onion Rings,Sides,5,3.82,19.1,Cash,Dine-In,5,4.0,Yes,Cloudy,,2.0,Onions,0.8734,109.13,26.33,Adequate,0.0841,Completed,Suburbs,1,,Yes,1,5,Sunday,Sunday,1,18-24,Gold,9,1,1,3,0,1,2,3.0,2.4285714285714284
ORD-10293,CUST-1374,2024-05-21,11:52,Tuesday,21,5,Spring,Margherita Pizza,Pizza,5,12.99,64.95,Credit Card,Dine-In,19,10.0,No,Sunny,,,Pizza Dough,1.392,70.76,16.59,Adequate,0.0703,Cancelled,Downtown,1,,No,2,7,Saturday,Saturday,1,55+,Silver,6,1,1,4,0,0,1,2.0,2.142857142857143
ORD-10495,CUST-1080,2024-05-22,16:18,Wednesday,21,5,Spring,Lemonade,Beverages,3,3.49,10.47,Digital Wallet,Dine-In,3,13.0,No,Sunny,,5.0,Lemons,0.2598,81.65,16.05,Adequate,0.0163,Pending,Mall Branch,0,,Yes,2,4,Sunday,Sunday,2,25-34,Silver,5,2,1,4,0,0,0,,1.4285714285714286
ORD-10391,CUST-1004,2024-05-24,13:05,Friday,21,5,Spring,Spaghetti Carbonara,Pasta,1,13.49,13.49,Cash,Dine-In,17,27.0,No,Rainy,,4.0,Spaghetti,0.1729,69.34,29.0,Adequate,0.0397,Completed,Airport,1,,Yes,2,2,Friday,Saturday,4,55+,Bronze,0,4,1,2,0,0,3,1.0,2.0
ORD-10867,CUST-1144,2024-05-24,11:57,Friday,21,5,Spring,Margherita Pizza,Pizza,2,12.99,25.98,Credit Card,Takeaway,20,,No,Rainy,,4.0,Pizza Dough,0.5322,37.04,28.88,Adequate,0.0234,Completed,Airport,1,51.0,Yes,2,7,Saturday,Saturday,4,35-44,Silver,6,4,1,2,1,0,3,1.0,2.2857142857142856
ORD-10063,CUST-1201,2024-05-24,10:42,Friday,21,5,Spring,Ice Cream Sundae,Desserts,1,5.49,5.49,Credit Card,Dine-In,3,26.0,No,Sunny,,,Ice Cream,0.1767,47.2,16.49,Adequate,0.0452,Cancelled,Airport,0,,No,2,3,Wednesday,Saturday,4,18-24,Silver,2,4,1,4,0,0,3,4.0,1.4285714285714286
ORD-10071,CUST-1214,2024-05-25,12:29,Saturday,21,5,Spring,Lemonade,Beverages,1,3.49,3.49,Online,Dine-In,2,26.0,No,Rainy,,4.0,Lemons,0.0923,113.96,33.5,Adequate,0.0325,Completed,City Center,1,,Yes,2,4,Sunday,Saturday,5,35-44,Silver,5,5,1,2,0,0,4,1.0,1.4285714285714286
ORD-10492,CUST-1075,2024-05-26,10:38,Sunday,21,5,Spring,French Fries,Sides,1,3.99,3.99,Debit Card,Takeaway,7,,No,Cloudy,,5.0,Potatoes,0.2195,115.2,22.27,Adequate,0.0218,Completed,Downtown,0,30.0,Yes,1,1,Saturday,Saturday,6,45-54,Gold,9,6,1,3,1,0,1,4.0,1.8571428571428572
ORD-10968,CUST-1402,2024-05-26,15:02,Sunday,21,5,Spring,Classic Burger,Burgers,1,7.64,7.64,Digital Wallet,Dine-In,10,3.0,Yes,Rainy,,4.0,Beef Patty,0.1871,32.28,21.27,Adequate,0.023,Pending,Airport,0,,Yes,1,1,Monday,Saturday,6,18-24,Platinum,3,6,1,2,0,1,3,2.0,2.142857142857143
ORD-10971,CUST-1232,2024-05-26,17:27,Sunday,21,5,Spring,Double Cheeseburger,Burgers,2,11.49,22.98,Debit Card,Dine-In,11,19.0,No,Cloudy,,4.0,Beef Patty,0.7007,51.56,20.46,Adequate,0.0776,Completed,Downtown,0,,No,1,2,Sunday,Saturday,6,45-54,Gold,3,6,1,3,0,0,1,1.0,1.5714285714285714
ORD-10334,CUST-1023,2024-05-26,17:36,Sunday,21,5,Spring,Spaghetti Carbonara,Pasta,1,13.49,13.49,Cash,Takeaway,17,,No,Sunny,,5.0,Spaghetti,0.177,42.76,34.15,Adequate,0.0077,Pending,City Center,0,40.0,Yes,2,2,Friday,Saturday,6,35-44,Bronze,0,6,1,4,1,0,4,1.0,2.0
ORD-10621,CUST-1080,2024-05-26,18:24,Sunday,21,5,Spring,Chicken Biryani,Rice Dishes,2,11.89,23.78,Digital Wallet,Takeaway,20,,Yes,Sunny,,,Basmati Rice,0.5767,86.88,32.3,Adequate,0.076,Cancelled,City Center,1,51.0,Yes,1,2,Friday,Saturday,6,25-34,Silver,8,6,1,4,1,1,4,1.0,1.5714285714285714
ORD-10473,CUST-1034,2024-05-26,19:21,Sunday,21,5,Spring,Tomato Soup,Soups,1,6.49,6.49,Online,Dine-In,9,6.0,No,Cloudy,,2.0,Tomatoes,0.354,24.99,30.21,Low Stock,0.0136,Completed,Mall Branch,1,,No,1,1,Saturday,Sunday,6,45-54,Gold,1,6,1,3,0,0,0,3.0,1.8571428571428572
ORD-10629,CUST-1129,2024-05-26,19:24,Sunday,21,5,Spring,Greek Salad,Salads,2,8.49,16.98,Digital Wallet,Dine-In,8,17.0,No,Sunny,,5.0,Cucumber,0.2377,30.65,34.76,Low Stock,0.0103,Completed,Mall Branch,1,,Yes,1,2,Saturday,Sunday,6,55+,Silver,7,6,1,4,0,0,0,3.0,2.0
ORD-10032,CUST-1136,2024-05-26,21:21,Sunday,21,5,Spring,Ice Cream Sundae,Desserts,2,5.49,10.98,Online,Takeaway,4,,No,Rainy,,,Ice Cream,0.3448,80.25,31.45,Adequate,0.0455,Cancelled,Suburbs,1,53.0,No,2,3,Wednesday,Sunday,6,35-44,Gold,2,6,1,2,1,0,2,3.0,1.2857142857142858
ORD-10587,CUST-1138,2024-05-27,13:39,Monday,22,5,Spring,Shawarma Wrap,Wraps,1,8.49,8.49,Debit Card,Dine-In,10,21.0,Yes,Sunny,,5.0,Chicken Breast,0.1902,76.87,17.78,Adequate,0.0095,Completed,Downtown,1,,No,2,4,Sunday,Saturday,0,55+,Platinum,4,0,1,4,0,1,1,1.0,2.142857142857143
ORD-10932,CUST-1480,2024-05-27,14:43,Monday,22,5,Spring,Penne Arrabbiata,Pasta,1,11.99,11.99,Digital Wallet,Takeaway,12,,No,Rainy,,,Penne Pasta,0.1867,114.5,26.4,Adequate,0.0511,Cancelled,Downtown,1,31.0,No,1,1,Saturday,Saturday,0,18-24,Silver,0,0,1,2,1,0,1,1.0,1.7142857142857142
ORD-10121,CUST-1111,2024-05-28,18:38,Tuesday,22,5,Spring,Greek Salad,Salads,1,8.49,8.49,Credit Card,Takeaway,6,,No,Sunny,,,Cucumber,0.1248,83.61,15.0,Adequate,0.0292,Cancelled,City Center,1,25.0,No,2,2,Saturday,Saturday,1,18-24,Silver,7,1,1,4,1,0,4,2.0,1.8571428571428572
ORD-10026,CUST-1045,2024-05-28,12:25,Tuesday,22,5,Spring,Classic Burger,Burgers,1,8.99,8.99,Debit Card,Takeaway,9,,No,Sunny,,4.0,Beef Patty,0.1804,59.58,21.21,Adequate,0.0167,Completed,Suburbs,1,43.0,No,1,1,Monday,Sunday,1,35-44,Silver,3,1,1,4,1,0,2,1.0,2.142857142857143
ORD-10493,CUST-1196,2024-05-29,18:36,Wednesday,22,5,Spring,Spaghetti Carbonara,Pasta,1,13.49,13.49,Credit Card,Dine-In,15,24.0,No,Cloudy,,1.0,Spaghetti,0.1798,75.55,23.97,Adequate,0.0231,Completed,Airport,1,,Yes,1,1,Friday,Saturday,2,18-24,Bronze,0,2,1,3,0,0,3,2.0,1.8571428571428572
ORD-10659,CUST-1014,2024-05-30,11:08,Thursday,22,5,Spring,French Fries,Sides,1,3.99,3.99,Cash,Takeaway,6,,No,Sunny,,4.0,Potatoes,0.2281,116.78,17.04,Adequate,0.0297,Completed,Downtown,1,49.0,No,1,1,Saturday,Saturday,3,18-24,Platinum,9,3,1,4,1,0,1,1.0,1.8571428571428572
ORD-10896,CUST-1135,2024-05-30,17:01,Thursday,22,5,Spring,Greek Salad,Salads,1,8.49,8.49,Digital Wallet,Takeaway,8,,No,Rainy,,5.0,Cucumber,0.1164,56.04,16.13,Adequate,0.0331,Completed,Airport,0,39.0,Yes,2,2,Saturday,Saturday,3,35-44,Bronze,7,3,1,2,1,0,3,1.0,1.8571428571428572
ORD-10625,CUST-1150,2024-05-31,18:51,Friday,22,5,Spring,Double Cheeseburger,Burgers,1,11.49,11.49,Credit Card,Dine-In,13,18.0,No,Rainy,,,Beef Patty,0.3649,23.36,26.14,Low Stock,0.0111,Cancelled,Suburbs,1,,Yes,2,5,Sunday,Sunday,4,55+,Platinum,3,4,1,2,0,0,2,1.0,1.5714285714285714
ORD-10132,CUST-1126,2024-05-31,19:13,Friday,22,5,Spring,Shawarma Wrap,Wraps,3,9.99,29.97,Digital Wallet,Takeaway,7,,No,Rainy,,5.0,Chicken Breast,0.6268,111.38,32.97,Adequate,0.0192,Completed,City Center,1,35.0,No,2,4,Sunday,Saturday,4,18-24,Bronze,4,4,1,2,1,0,4,4.0,2.0
ORD-10269,CUST-1194,2024-06-01,10:32,Saturday,22,6,Summer,Chicken Biryani,Rice Dishes,1,11.89,11.89,Debit Card,Dine-In,19,1.0,Yes,Sunny,,,Basmati Rice,0.3138,30.01,22.21,Adequate,0.0283,Cancelled,Suburbs,0,,No,1,1,Friday,Sunday,5,45-54,Gold,8,5,2,4,0,1,2,3.0,1.2857142857142858
ORD-10871,CUST-1472,2024-06-01,16:02,Saturday,22,6,Summer,Double Cheeseburger,Burgers,4,11.49,45.96,Debit Card,Takeaway,11,,No,Sunny,,5.0,Beef Patty,1.3773,76.43,27.24,Adequate,0.1414,Completed,City Center,0,51.0,Yes,2,5,Sunday,Saturday,5,25-34,Silver,3,5,2,4,1,0,4,1.0,2.0
ORD-10595,CUST-1287,2024-06-01,17:25,Saturday,22,6,Summer,Falafel Wrap,Wraps,2,8.49,16.98,Online,Dine-In,7,15.0,No,Sunny,,5.0,Chickpeas,0.2683,98.13,26.25,Adequate,0.0525,Completed,Airport,0,,Yes,1,2,Monday,Saturday,5,18-24,Silver,4,5,2,4,0,0,3,2.0,1.8571428571428572
ORD-10804,CUST-1211,2024-06-02,13:26,Sunday,22,6,Summer,Caesar Salad,Salads,1,8.99,8.99,Debit Card,Dine-In,7,23.0,No,Hot,,3.0,Romaine Lettuce,0.2459,118.42,18.75,Adequate,0.0376,Completed,City Center,1,,Yes,1,1,Tuesday,Saturday,6,35-44,Bronze,7,6,2,6,0,0,4,,1.8571428571428572
ORD-10237,CUST-1085,2024-06-02,18:30,Sunday,22,6,Summer,Iced Coffee,Beverages,1,3.82,3.82,Online,Dine-In,2,23.0,Yes,Hot,,5.0,Coffee Beans,0.0187,55.44,23.05,Adequate,0.0299,Pending,Suburbs,1,,No,1,1,Sunday,Sunday,6,18-24,Platinum,5,6,2,6,0,1,2,,1.6666666666666667
ORD-10458,CUST-1187,2024-06-02,19:00,Sunday,22,6,Summer,Margherita Pizza,Pizza,1,11.04,11.04,Debit Card,Takeaway,19,,Yes,Cloudy,,,Pizza Dough,0.2903,70.05,15.29,Adequate,0.0165,Cancelled,Suburbs,1,55.0,Yes,1,1,Saturday,Sunday,6,35-44,Silver,6,6,2,3,1,1,2,1.0,2.2857142857142856
ORD-10805,CUST-1093,2024-06-04,13:31,Tuesday,23,6,Summer,Caesar Salad,Salads,1,8.99,8.99,Cash,Dine-In,6,27.0,No,Sunny,,4.0,Romaine Lettuce,0.248,33.31,15.09,Adequate,0.0219,Completed,Downtown,1,,No,2,3,Tuesday,Saturday,1,35-44,Silver,7,1,2,4,0,0,1,3.0,1.5714285714285714
ORD-10727,CUST-1173,2024-06-06,18:57,Thursday,23,6,Summer,Mango Smoothie,Beverages,1,5.49,5.49,Credit Card,Dine-In,3,10.0,No,Sunny,,,Mango,0.2065,31.02,34.97,Low Stock,0.0091,Cancelled,Mall Branch,1,,No,1,1,Saturday,Sunday,3,35-44,Gold,5,3,2,4,0,0,0,,1.5
ORD-10977,CUST-1115,2024-06-06,17:29,Thursday,23,6,Summer,Iced Coffee,Beverages,2,3.82,7.64,Online,Dine-In,2,24.0,Yes,Sunny,,5.0,Coffee Beans,0.0369,112.13,30.36,Adequate,0.0683,Completed,City Center,0,,Yes,2,3,Sunday,Saturday,3,55+,Silver,5,3,2,4,0,1,4,,1.7142857142857142
ORD-10647,CUST-1070,2024-06-06,16:34,Thursday,23,6,Summer,Caesar Salad,Salads,2,8.99,17.98,Cash,Dine-In,6,21.0,No,Sunny,,3.0,Romaine Lettuce,0.4781,87.84,23.22,Adequate,0.0586,Completed,City Center,0,,Yes,2,3,Tuesday,Saturday,3,55+,Gold,7,3,2,4,0,0,4,2.0,1.5714285714285714
ORD-10011,CUST-1142,2024-06-06,11:16,Thursday,23,6,Summer,Chicken Biryani,Rice Dishes,1,13.99,13.99,Online,Takeaway,18,,No,Cloudy,,,Basmati Rice,0.2926,28.19,15.39,Adequate,0.056,Cancelled,Suburbs,1,44.0,No,1,1,Friday,Sunday,3,35-44,Platinum,8,3,2,3,1,0,2,1.0,1.2857142857142858
ORD-10811,CUST-1458,2024-06-06,11:01,Thursday,23,6,Summer,Pepperoni Pizza,Pizza,2,14.49,28.98,Debit Card,Dine-In,22,8.0,No,Sunny,,1.0,Pizza Dough,0.5644,89.65,21.95,Adequate,0.0664,Completed,Downtown,1,,Yes,1,2,Sunday,Saturday,3,18-24,Bronze,6,3,2,4,0,0,1,1.0,1.8571428571428572
ORD-10380,CUST-1057,2024-06-06,13:41,Thursday,23,6,Summer,Shawarma Wrap,Wraps,3,9.99,29.97,Digital Wallet,Takeaway,12,,No,Sunny,,5.0,Chicken Breast,0.5871,73.73,30.31,Adequate,0.1137,Completed,Suburbs,1,24.0,No,1,3,Sunday,Sunday,3,35-44,Gold,4,3,2,4,1,0,2,2.0,2.142857142857143
ORD-10769,CUST-1401,2024-06-07,16:44,Friday,23,6,Summer,Classic Burger,Burgers,4,7.64,30.56,Digital Wallet,Takeaway,14,,Yes,Hot,,,Beef Patty,0.7151,88.56,15.69,Adequate,0.1219,Cancelled,City Center,0,49.0,Yes,2,7,Monday,Saturday,4,35-44,Platinum,3,4,2,6,1,1,4,3.0,2.2857142857142856
ORD-10196,CUST-1128,2024-06-07,16:57,Friday,23,6,Summer,Margherita Pizza,Pizza,1,12.99,12.99,Digital Wallet,Dine-In,22,22.0,No,Sunny,,4.0,Pizza Dough,0.291,73.64,20.39,Adequate,0.0107,Completed,Suburbs,0,,No,1,1,Saturday,Sunday,4,55+,Platinum,6,4,2,4,0,0,2,2.0,2.142857142857143
ORD-10844,CUST-1277,2024-06-07,18:12,Friday,23,6,Summer,French Fries,Sides,2,3.99,7.98,Debit Card,Takeaway,8,,No,Sunny,,,Potatoes,0.4258,98.38,30.16,Adequate,0.0465,Cancelled,Airport,1,51.0,Yes,1,2,Saturday,Saturday,4,45-54,Platinum,9,4,2,4,1,0,3,5.0,1.4285714285714286
ORD-10527,CUST-1493,2024-06-08,13:24,Saturday,23,6,Summer,Spaghetti Carbonara,Pasta,2,13.49,26.98,Online,Dine-In,14,26.0,No,Hot,,4.0,Spaghetti,0.3769,85.76,22.58,Adequate,0.0219,Completed,City Center,1,,Yes,1,2,Friday,Saturday,5,18-24,Platinum,0,5,2,6,0,0,4,2.0,1.8571428571428572
ORD-10103,CUST-1353,2024-06-08,18:37,Saturday,23,6,Summer,Veggie Burger,Burgers,3,8.07,24.21,Debit Card,Dine-In,13,26.0,Yes,Sunny,,4.0,Veggie Patty,0.4972,69.99,28.72,Adequate,0.0213,Completed,Downtown,1,,No,1,3,Saturday,Saturday,5,18-24,Bronze,3,5,2,4,0,1,1,2.0,2.7142857142857144
ORD-10247,CUST-1181,2024-06-09,13:32,Sunday,23,6,Summer,Iced Coffee,Beverages,1,4.49,4.49,Debit Card,Takeaway,4,,No,Hot,,4.0,Coffee Beans,0.0186,115.54,33.91,Adequate,0.01,Completed,City Center,1,50.0,Yes,2,3,Sunday,Saturday,6,35-44,Gold,5,6,2,6,1,0,4,1.0,1.7142857142857142
ORD-10070,CUST-1413,2024-06-09,19:36,Sunday,23,6,Summer,Classic Burger,Burgers,3,8.99,26.97,Online,Dine-In,13,12.0,No,Sunny,,4.0,Beef Patty,0.5163,58.71,25.45,Adequate,0.106,Completed,City Center,1,,No,2,7,Monday,Saturday,6,45-54,Platinum,3,6,2,4,0,0,4,3.0,2.2857142857142856
ORD-10594,CUST-1170,2024-06-09,20:52,Sunday,23,6,Summer,Cheesecake,Desserts,2,5.09,10.18,Online,Dine-In,3,21.0,Yes,Cloudy,,,Cream Cheese,0.2502,105.26,20.98,Adequate,0.0245,Cancelled,Suburbs,1,,Yes,1,2,Saturday,Sunday,6,45-54,Platinum,2,6,2,3,0,1,2,4.0,1.5714285714285714
ORD-10553,CUST-1302,2024-06-10,18:21,Monday,24,6,Summer,Shawarma Wrap,Wraps,2,9.99,19.98,Cash,Takeaway,9,,No,Cloudy,,5.0,Chicken Breast,0.4121,73.44,23.83,Adequate,0.0468,Pending,Airport,1,28.0,Yes,2,6,Sunday,Saturday,0,55+,Bronze,4,0,2,3,1,0,3,1.0,2.2857142857142856
ORD-10212,CUST-1100,2024-06-11,09:18,Tuesday,24,6,Summer,Lemonade,Beverages,1,3.49,3.49,Digital Wallet,Dine-In,2,4.0,No,Hot,,4.0,Lemons,0.0892,102.04,29.08,Adequate,0.0379,Pending,Suburbs,0,,No,2,4,Sunday,Sunday,1,55+,Platinum,5,1,2,6,0,0,2,2.0,1.2857142857142858
ORD-10973,CUST-1438,2024-06-12,17:04,Wednesday,24,6,Summer,French Fries,Sides,2,3.99,7.98,Cash,Takeaway,8,,No,Sunny,,,Potatoes,0.4309,95.59,27.7,Adequate,0.0879,Cancelled,City Center,0,57.0,Yes,2,3,Saturday,Saturday,2,25-34,Bronze,9,2,2,4,1,0,4,1.0,1.5714285714285714
ORD-10451,CUST-1454,2024-06-12,12:00,Wednesday,24,6,Summer,Veggie Burger,Burgers,4,8.07,32.28,Credit Card,Dine-In,11,17.0,Yes,Cloudy,,4.0,Veggie Patty,0.6778,98.97,22.17,Adequate,0.0636,Completed,Mall Branch,1,,Yes,1,4,Saturday,Sunday,2,25-34,Gold,3,2,2,3,0,1,0,3.0,2.857142857142857
ORD-10258,CUST-1196,2024-06-13,11:18,Thursday,24,6,Summer,Classic Burger,Burgers,3,8.99,26.97,Online,Takeaway,12,,No,Cloudy,,4.0,Beef Patty,0.5474,81.89,17.77,Adequate,0.1199,Completed,Mall Branch,1,26.0,Yes,1,3,Monday,Sunday,3,18-24,Bronze,3,3,2,3,1,0,0,2.0,2.4285714285714284
ORD-10637,CUST-1363,2024-06-14,10:30,Friday,24,6,Summer,Greek Salad,Salads,5,8.49,42.45,Online,Dine-In,7,7.0,No,Hot,,4.0,Cucumber,0.6218,30.41,18.21,Adequate,0.1528,Completed,Suburbs,0,,Yes,3,8,Saturday,Sunday,4,35-44,Gold,7,4,2,6,0,0,2,2.0,2.2857142857142856
ORD-10808,CUST-1256,2024-06-14,17:03,Friday,24,6,Summer,Lemonade,Beverages,3,3.49,10.47,Debit Card,Dine-In,3,13.0,No,Sunny,,5.0,Lemons,0.2754,97.29,21.6,Adequate,0.0985,Completed,Mall Branch,0,,No,2,4,Sunday,Sunday,4,35-44,Bronze,5,4,2,4,0,0,0,1.0,1.5714285714285714
ORD-10801,CUST-1043,2024-06-15,11:34,Saturday,24,6,Summer,Margherita Pizza,Pizza,1,12.99,12.99,Debit Card,Dine-In,16,29.0,No,Hot,,5.0,Pizza Dough,0.2892,55.82,16.65,Adequate,0.0312,Completed,Airport,1,,Yes,2,2,Saturday,Saturday,5,35-44,Silver,6,5,2,6,0,0,3,1.0,2.142857142857143
ORD-10906,CUST-1401,2024-06-15,13:31,Saturday,24,6,Summer,French Fries,Sides,1,3.99,3.99,Cash,Dine-In,7,9.0,No,Sunny,,,Potatoes,0.2239,30.23,28.74,Adequate,0.0361,Cancelled,City Center,1,,Yes,2,3,Saturday,Saturday,5,35-44,Platinum,9,5,2,4,0,0,4,2.0,1.4285714285714286
ORD-10061,CUST-1116,2024-06-15,16:36,Saturday,24,6,Summer,Margherita Pizza,Pizza,1,12.99,12.99,Digital Wallet,Takeaway,20,,No,Sunny,,,Pizza Dough,0.2672,106.29,19.89,Adequate,0.0258,Cancelled,Downtown,0,27.0,No,2,2,Saturday,Saturday,5,25-34,Platinum,6,5,2,4,1,0,1,3.0,1.8571428571428572
ORD-10534,CUST-1092,2024-06-15,18:14,Saturday,24,6,Summer,Greek Salad,Salads,2,8.49,16.98,Cash,Dine-In,7,12.0,No,Sunny,,4.0,Cucumber,0.2501,33.93,22.74,Adequate,0.0114,Pending,City Center,1,,Yes,3,8,Saturday,Saturday,5,45-54,Platinum,7,5,2,4,0,0,4,1.0,2.4285714285714284
ORD-10786,CUST-1337,2024-06-15,18:35,Saturday,24,6,Summer,Greek Salad,Salads,1,7.22,7.22,Cash,Dine-In,8,9.0,Yes,Sunny,,,Cucumber,0.1168,52.77,32.92,Adequate,0.0366,Completed,City Center,1,,Yes,3,8,Saturday,Saturday,5,25-34,Silver,7,5,2,4,0,1,4,4.0,2.0
ORD-10134,CUST-1188,2024-06-15,19:30,Saturday,24,6,Summer,Iced Coffee,Beverages,2,4.49,8.98,Digital Wallet,Dine-In,2,20.0,No,Hot,,,Coffee Beans,0.0349,108.4,16.75,Adequate,0.0423,Cancelled,Downtown,1,,No,1,2,Sunday,Saturday,5,35-44,Silver,5,5,2,6,0,0,1,2.0,1.7142857142857142
ORD-10750,CUST-1142,2024-06-16,10:29,Sunday,24,6,Summer,Ice Cream Sundae,Desserts,1,5.49,5.49,Debit Card,Dine-In,4,22.0,No,Sunny,,4.0,Ice Cream,0.1839,95.58,28.48,Adequate,0.0378,Completed,Airport,0,,Yes,1,1,Wednesday,Saturday,6,35-44,Platinum,2,6,2,4,0,0,3,1.0,1.2857142857142858
ORD-10830,CUST-1236,2024-06-16,10:46,Sunday,24,6,Summer,Shawarma Wrap,Wraps,4,9.99,39.96,Digital Wallet,Dine-In,11,17.0,No,Sunny,,4.0,Chicken Breast,0.7695,46.37,32.18,Adequate,0.1484,Completed,Downtown,0,,Yes,2,6,Sunday,Saturday,6,35-44,Gold,4,6,2,4,0,0,1,2.0,2.5714285714285716
ORD-10428,CUST-1129,2024-06-16,12:38,Sunday,24,6,Summer,Mango Smoothie,Beverages,1,5.49,5.49,Cash,Dine-In,4,27.0,No,Sunny,,3.0,Mango,0.2075,77.31,18.8,Adequate,0.0219,Completed,City Center,1,,Yes,1,1,Saturday,Saturday,6,55+,Silver,5,6,2,4,0,0,4,,1.4
ORD-10062,CUST-1395,2024-06-16,12:50,Sunday,24,6,Summer,Spaghetti Carbonara,Pasta,2,13.49,26.98,Digital Wallet,Dine-In,12,16.0,No,Sunny,,,Spaghetti,0.3694,44.51,15.13,Adequate,0.0368,Cancelled,City Center,1,,No,1,2,Friday,Saturday,6,25-34,Silver,0,6,2,4,0,0,4,1.0,2.0
ORD-10994,CUST-1169,2024-06-17,11:03,Monday,25,6,Summer,Hot Coffee,Beverages,2,3.49,6.98,Debit Card,Takeaway,4,,No,Cloudy,,5.0,Coffee Beans,0.0367,77.34,20.43,Adequate,0.0244,Completed,Mall Branch,1,53.0,Yes,1,2,Saturday,Sunday,0,18-24,Bronze,5,0,2,3,1,0,0,1.0,1.4285714285714286
ORD-10913,CUST-1185,2024-06-17,18:37,Monday,25,6,Summer,French Fries,Sides,1,3.99,3.99,Digital Wallet,Takeaway,6,,No,Sunny,,4.0,Potatoes,0.2091,70.7,27.51,Adequate,0.0191,Completed,Downtown,1,49.0,Yes,3,5,Saturday,Saturday,0,25-34,Gold,9,0,2,4,1,0,1,1.0,1.4285714285714286
ORD-10173,CUST-1471,2024-06-19,13:44,Wednesday,25,6,Summer,Falafel Wrap,Wraps,5,8.49,42.45,Credit Card,Dine-In,10,21.0,No,Sunny,,,Chickpeas,0.6795,109.49,24.04,Adequate,0.0886,Cancelled,Downtown,1,,Yes,1,5,Monday,Saturday,2,18-24,Bronze,4,2,2,4,0,0,1,2.0,2.2857142857142856
ORD-10209,CUST-1393,2024-06-19,19:29,Wednesday,25,6,Summer,Veggie Burger,Burgers,1,8.07,8.07,Digital Wallet,Takeaway,8,,Yes,Hot,,2.0,Veggie Patty,0.1784,68.63,29.05,Adequate,0.0147,Completed,Airport,1,45.0,No,2,3,Saturday,Saturday,2,18-24,Platinum,3,2,2,6,1,1,3,4.0,2.4285714285714284
ORD-10536,CUST-1006,2024-06-19,18:18,Wednesday,25,6,Summer,Penne Arrabbiata,Pasta,1,11.99,11.99,Online,Takeaway,17,,No,Hot,,,Penne Pasta,0.1821,114.5,22.05,Adequate,0.0517,Cancelled,Downtown,1,48.0,Yes,1,1,Saturday,Saturday,2,18-24,Gold,0,2,2,6,1,0,1,2.0,1.5714285714285714
ORD-10792,CUST-1128,2024-06-19,11:20,Wednesday,25,6,Summer,Tomato Soup,Soups,5,5.52,27.6,Credit Card,Dine-In,10,5.0,Yes,Cloudy,,5.0,Tomatoes,1.7561,88.06,34.57,Adequate,0.061,Completed,Suburbs,1,,Yes,1,5,Saturday,Sunday,2,55+,Platinum,1,2,2,3,0,1,2,1.0,2.4285714285714284
ORD-10699,CUST-1058,2024-06-19,17:34,Wednesday,25,6,Summer,Margherita Pizza,Pizza,4,11.04,44.16,Online,Dine-In,16,30.0,Yes,Hot,,3.0,Pizza Dough,1.1191,114.03,32.31,Adequate,0.0903,Completed,Mall Branch,0,,No,1,4,Saturday,Sunday,2,25-34,Platinum,6,2,2,6,0,1,0,2.0,2.142857142857143
ORD-10785,CUST-1259,2024-06-20,16:47,Thursday,25,6,Summer,Veggie Burger,Burgers,2,8.07,16.14,Online,Dine-In,12,7.0,Yes,Hot,,3.0,Veggie Patty,0.331,21.57,18.42,Adequate,0.0309,Completed,Suburbs,0,,Yes,2,3,Saturday,Sunday,3,45-54,Silver,3,3,2,6,0,1,2,2.0,2.4285714285714284
ORD-10989,CUST-1374,2024-06-20,17:41,Thursday,25,6,Summer,Classic Burger,Burgers,2,8.99,17.98,Cash,Dine-In,12,22.0,No,Sunny,,,Beef Patty,0.3538,46.33,25.83,Adequate,0.1073,Cancelled,Airport,0,,Yes,2,4,Monday,Saturday,3,55+,Silver,3,3,2,4,0,0,3,2.0,2.4285714285714284
ORD-10545,CUST-1327,2024-06-20,20:34,Thursday,25,6,Summer,Chocolate Lava Cake,Desserts,4,5.94,23.76,Cash,Takeaway,10,,Yes,Sunny,,4.0,Chocolate,0.2926,99.34,24.38,Adequate,0.143,Completed,Mall Branch,1,20.0,Yes,1,4,Friday,Sunday,3,25-34,Gold,2,3,2,4,1,1,0,1.0,2.0
ORD-10385,CUST-1072,2024-06-21,08:49,Friday,25,6,Summer,French Fries,Sides,1,3.99,3.99,Online,Dine-In,6,18.0,No,Hot,Summer Solstice,4.0,Potatoes,0.2125,80.69,30.7,Adequate,0.0239,Completed,Suburbs,0,,No,3,5,Saturday,Sunday,4,45-54,Gold,9,4,2,6,0,0,2,2.0,1.2857142857142858
ORD-10679,CUST-1332,2024-06-21,10:09,Friday,25,6,Summer,Chicken Biryani,Rice Dishes,1,13.99,13.99,Credit Card,Dine-In,24,25.0,No,Hot,Summer Solstice,,Basmati Rice,0.3098,75.06,18.27,Adequate,0.0307,Cancelled,City Center,0,,Yes,1,1,Friday,Saturday,4,25-34,Platinum,8,4,2,6,0,0,4,2.0,1.1428571428571428
ORD-10015,CUST-1301,2024-06-21,12:18,Friday,25,6,Summer,Iced Coffee,Beverages,2,4.49,8.98,Credit Card,Takeaway,2,,No,Sunny,Summer Solstice,4.0,Coffee Beans,0.035,34.9,20.31,Adequate,0.0142,Completed,City Center,1,60.0,No,1,2,Sunday,Saturday,4,45-54,Platinum,5,4,2,4,1,0,4,3.0,1.5714285714285714
ORD-10998,CUST-1023,2024-06-21,12:57,Friday,25,6,Summer,Spaghetti Carbonara,Pasta,3,13.49,40.47,Cash,Takeaway,14,,No,Cloudy,Summer Solstice,,Spaghetti,0.5649,119.34,27.26,Adequate,0.0747,Cancelled,Downtown,1,35.0,Yes,1,3,Friday,Saturday,4,35-44,Bronze,0,4,2,3,1,0,1,3.0,2.0
ORD-10646,CUST-1409,2024-06-21,15:19,Friday,25,6,Summer,BBQ Chicken Pizza,Pizza,4,15.99,63.96,Credit Card,Dine-In,23,16.0,No,Sunny,Summer Solstice,3.0,Pizza Dough,1.0919,86.27,16.86,Adequate,0.1148,Completed,City Center,0,,Yes,1,4,Monday,Saturday,4,35-44,Bronze,6,4,2,4,0,0,4,3.0,2.2857142857142856
ORD-10720,CUST-1298,2024-06-22,13:30,Saturday,25,6,Summer,French Fries,Sides,3,3.39,10.17,Cash,Takeaway,8,,Yes,Sunny,,4.0,Potatoes,0.6784,81.61,34.31,Adequate,0.0188,Completed,Downtown,1,49.0,Yes,3,5,Saturday,Saturday,5,55+,Bronze,9,5,2,4,1,1,1,1.0,1.5714285714285714
ORD-10244,CUST-1018,2024-06-22,17:14,Saturday,25,6,Summer,Classic Burger,Burgers,2,8.99,17.98,Digital Wallet,Takeaway,12,,No,Hot,,4.0,Beef Patty,0.3517,40.92,26.25,Adequate,0.045,Completed,Downtown,0,29.0,No,2,4,Monday,Saturday,5,18-24,Bronze,3,5,2,6,1,0,1,3.0,2.2857142857142856
ORD-10568,CUST-1063,2024-06-23,17:39,Sunday,25,6,Summer,Caesar Salad,Salads,1,8.99,8.99,Online,Dine-In,5,16.0,No,Sunny,,4.0,Romaine Lettuce,0.2622,55.59,29.76,Adequate,0.0398,Completed,Airport,0,,Yes,1,1,Tuesday,Saturday,6,55+,Bronze,7,6,2,4,0,0,3,2.0,1.4285714285714286
ORD-10369,CUST-1386,2024-06-23,22:25,Sunday,25,6,Summer,Lamb Biryani,Rice Dishes,1,16.49,16.49,Cash,Takeaway,30,,No,Sunny,,4.0,Basmati Rice,0.305,32.43,20.05,Adequate,0.0142,Completed,Suburbs,0,21.0,Yes,1,1,Saturday,Sunday,6,18-24,Platinum,8,6,2,4,1,0,2,4.0,1.5714285714285714
ORD-10387,CUST-1187,2024-06-23,10:03,Sunday,25,6,Summer,Lemonade,Beverages,4,3.49,13.96,Cash,Dine-In,3,24.0,No,Hot,,5.0,Lemons,0.3665,57.28,31.67,Adequate,0.0809,Completed,Airport,0,,No,2,5,Sunday,Saturday,6,35-44,Silver,5,6,2,6,0,0,3,1.0,2.0
ORD-10072,CUST-1350,2024-06-23,13:21,Sunday,25,6,Summer,Lemonade,Beverages,1,3.49,3.49,Online,Dine-In,2,23.0,No,Sunny,,3.0,Lemons,0.0925,52.09,29.58,Adequate,0.0116,Completed,Suburbs,1,,No,2,5,Sunday,Sunday,6,18-24,Bronze,5,6,2,4,0,0,2,1.0,2.0
ORD-10303,CUST-1447,2024-06-24,09:17,Monday,26,6,Summer,Ice Cream Sundae,Desserts,1,5.49,5.49,Debit Card,Takeaway,4,,No,Hot,,4.0,Ice Cream,0.1853,91.56,29.85,Adequate,0.0081,Completed,Suburbs,0,22.0,No,4,6,Wednesday,Sunday,0,35-44,Bronze,2,0,2,6,1,0,2,1.0,1.2857142857142858
ORD-10610,CUST-1021,2024-06-24,20:35,Monday,26,6,Summer,Falafel Wrap,Wraps,5,8.49,42.45,Cash,Dine-In,11,6.0,No,Cloudy,,3.0,Chickpeas,0.6824,27.52,24.61,Adequate,0.1945,Completed,Downtown,1,,No,1,5,Monday,Saturday,0,35-44,Bronze,4,0,2,3,0,0,1,4.0,2.4285714285714284
ORD-10014,CUST-1295,2024-06-24,21:16,Monday,26,6,Summer,Ice Cream Sundae,Desserts,2,5.49,10.98,Online,Dine-In,4,3.0,No,Sunny,,3.0,Ice Cream,0.3762,28.52,19.96,Adequate,0.0524,Completed,City Center,1,,No,4,6,Wednesday,Saturday,0,55+,Silver,2,0,2,4,0,0,4,1.0,1.4285714285714286
ORD-10182,CUST-1419,2024-06-25,13:24,Tuesday,26,6,Summer,Margherita Pizza,Pizza,2,12.99,25.98,Online,Takeaway,17,,No,Cloudy,,5.0,Pizza Dough,0.5798,95.89,33.43,Adequate,0.0487,Pending,Suburbs,1,29.0,No,4,12,Saturday,Sunday,1,55+,Bronze,6,1,2,3,1,0,2,5.0,1.7142857142857142
ORD-10096,CUST-1264,2024-06-25,13:50,Tuesday,26,6,Summer,Cheesecake,Desserts,2,5.99,11.98,Cash,Dine-In,5,12.0,No,Sunny,,4.0,Cream Cheese,0.2302,87.37,31.42,Adequate,0.0752,Completed,Airport,1,,No,1,2,Saturday,Saturday,1,18-24,Silver,2,1,2,4,0,0,3,1.0,1.7142857142857142
ORD-10937,CUST-1006,2024-06-25,15:27,Tuesday,26,6,Summer,Margherita Pizza,Pizza,1,12.99,12.99,Online,Dine-In,17,1.0,No,Hot,,5.0,Pizza Dough,0.2862,24.43,32.87,Low Stock,0.0265,Completed,Airport,0,,Yes,4,12,Saturday,Saturday,1,18-24,Gold,6,1,2,6,0,0,3,2.0,1.5714285714285714
ORD-10434,CUST-1149,2024-06-25,16:06,Tuesday,26,6,Summer,French Fries,Sides,4,3.99,15.96,Digital Wallet,Takeaway,5,,No,Hot,,2.0,Potatoes,0.875,57.89,18.25,Adequate,0.1582,Completed,Suburbs,0,32.0,Yes,1,4,Saturday,Sunday,1,55+,Gold,9,1,2,6,1,0,2,1.0,2.0
ORD-10326,CUST-1371,2024-06-25,18:22,Tuesday,26,6,Summer,Hot Coffee,Beverages,1,3.49,3.49,Online,Dine-In,4,9.0,No,Hot,,5.0,Coffee Beans,0.0189,36.23,21.84,Adequate,0.0237,Completed,Downtown,1,,Yes,2,2,Saturday,Saturday,1,55+,Bronze,5,1,2,6,0,0,1,1.0,1.4285714285714286
ORD-10356,CUST-1113,2024-06-26,13:10,Wednesday,26,6,Summer,Ice Cream Sundae,Desserts,1,5.49,5.49,Online,Dine-In,5,23.0,No,Cloudy,,5.0,Ice Cream,0.175,119.14,25.09,Adequate,0.0187,Completed,Downtown,1,,Yes,4,6,Wednesday,Saturday,2,18-24,Gold,2,2,2,3,0,0,1,2.0,1.2857142857142858
ORD-10853,CUST-1017,2024-06-26,16:19,Wednesday,26,6,Summer,Lemonade,Beverages,2,3.49,6.98,Online,Takeaway,3,,No,Sunny,,4.0,Lemons,0.1846,112.33,17.46,Adequate,0.0608,Completed,Downtown,0,40.0,Yes,2,4,Sunday,Saturday,2,35-44,Bronze,5,2,2,4,1,0,1,1.0,2.142857142857143
ORD-10272,CUST-1279,2024-06-26,17:52,Wednesday,26,6,Summer,Ice Cream Sundae,Desserts,2,5.49,10.98,Debit Card,Dine-In,4,9.0,No,Sunny,,5.0,Ice Cream,0.3753,53.73,32.85,Adequate,0.0665,Completed,City Center,0,,No,4,6,Wednesday,Saturday,2,18-24,Platinum,2,2,2,4,0,0,4,1.0,1.4285714285714286
ORD-10900,CUST-1412,2024-06-27,16:09,Thursday,26,6,Summer,Classic Burger,Burgers,1,7.64,7.64,Credit Card,Takeaway,11,,Yes,Sunny,,4.0,Beef Patty,0.1755,88.85,24.13,Adequate,0.0178,Completed,Airport,0,49.0,Yes,2,2,Monday,Saturday,3,18-24,Bronze,3,3,2,4,1,1,3,1.0,2.2857142857142856
ORD-10067,CUST-1417,2024-06-27,18:35,Thursday,26,6,Summer,Mushroom Soup,Soups,4,6.99,27.96,Online,Dine-In,11,19.0,No,Sunny,,5.0,Mushrooms,1.1613,20.18,29.04,Low Stock,0.1391,Completed,Mall Branch,1,,No,2,5,Sunday,Sunday,3,55+,Gold,1,3,2,4,0,0,0,1.0,2.4285714285714284
ORD-10763,CUST-1217,2024-06-27,17:59,Thursday,26,6,Summer,Spaghetti Carbonara,Pasta,4,13.49,53.96,Online,Takeaway,17,,No,Sunny,,,Spaghetti,0.7163,116.87,23.83,Adequate,0.1999,Cancelled,Suburbs,0,26.0,Yes,1,4,Friday,Sunday,3,35-44,Gold,0,3,2,4,1,0,2,4.0,2.0
ORD-10296,CUST-1487,2024-06-27,15:54,Thursday,26,6,Summer,Margherita Pizza,Pizza,5,11.04,55.2,Digital Wallet,Takeaway,15,,Yes,Hot,,4.0,Pizza Dough,1.4026,69.42,19.33,Adequate,0.1924,Completed,Mall Branch,0,24.0,No,4,12,Saturday,Sunday,3,35-44,Gold,6,3,2,6,1,1,0,1.0,2.142857142857143
ORD-10223,CUST-1002,2024-06-27,12:29,Thursday,26,6,Summer,Classic Burger,Burgers,1,8.99,8.99,Online,Dine-In,13,10.0,No,Sunny,,1.0,Beef Patty,0.1735,107.87,30.71,Adequate,0.0385,Completed,Airport,1,,No,2,2,Monday,Saturday,3,25-34,Platinum,3,3,2,4,0,0,3,1.0,2.2857142857142856
ORD-10128,CUST-1199,2024-06-27,15:12,Thursday,26,6,Summer,Veggie Burger,Burgers,1,9.49,9.49,Cash,Dine-In,8,16.0,No,Cloudy,,4.0,Veggie Patty,0.1779,101.18,34.33,Adequate,0.0169,Completed,City Center,0,,No,1,1,Saturday,Saturday,3,18-24,Platinum,3,3,2,3,0,0,4,1.0,2.4285714285714284
ORD-10748,CUST-1254,2024-06-28,10:33,Friday,26,6,Summer,Lemonade,Beverages,2,3.49,6.98,Debit Card,Takeaway,2,,No,Hot,,,Lemons,0.1798,67.61,23.76,Adequate,0.0353,Cancelled,Suburbs,0,55.0,Yes,2,4,Sunday,Sunday,4,45-54,Platinum,5,4,2,6,1,0,2,3.0,2.0
ORD-10907,CUST-1367,2024-06-29,18:54,Saturday,26,6,Summer,Lamb Biryani,Rice Dishes,2,16.49,32.98,Debit Card,Takeaway,21,,No,Hot,,5.0,Basmati Rice,0.6071,108.5,27.45,Adequate,0.0374,Completed,Airport,1,45.0,Yes,1,2,Saturday,Saturday,5,18-24,Gold,8,5,2,6,1,0,3,2.0,1.5714285714285714
ORD-10267,CUST-1408,2024-06-29,17:47,Saturday,26,6,Summer,Double Cheeseburger,Burgers,1,11.49,11.49,Digital Wallet,Dine-In,16,6.0,No,Hot,,4.0,Beef Patty,0.364,119.29,30.04,Adequate,0.0147,Completed,Suburbs,0,,Yes,2,2,Sunday,Sunday,5,18-24,Platinum,3,5,2,6,0,0,2,1.0,2.0
ORD-10854,CUST-1488,2024-06-29,12:27,Saturday,26,6,Summer,Double Cheeseburger,Burgers,1,11.49,11.49,Credit Card,Takeaway,12,,No,Cloudy,,4.0,Beef Patty,0.356,53.05,33.72,Adequate,0.0336,Completed,Airport,1,55.0,Yes,2,2,Sunday,Saturday,5,18-24,Gold,3,5,2,3,1,0,3,1.0,2.0
ORD-10041,CUST-1367,2024-06-29,19:29,Saturday,26,6,Summer,BBQ Chicken Pizza,Pizza,3,15.99,47.97,Digital Wallet,Takeaway,22,,No,Cloudy,,5.0,Pizza Dough,0.8546,39.32,27.22,Adequate,0.0691,Completed,City Center,1,36.0,No,1,3,Monday,Saturday,5,18-24,Gold,6,5,2,3,1,0,4,1.0,2.5714285714285716
ORD-10733,CUST-1490,2024-06-29,10:17,Saturday,26,6,Summer,Greek Salad,Salads,2,8.49,16.98,Digital Wallet,Dine-In,8,29.0,No,Sunny,,4.0,Cucumber,0.2498,50.59,15.56,Adequate,0.0242,Completed,City Center,0,,Yes,1,2,Saturday,Saturday,5,45-54,Silver,7,5,2,4,0,0,4,2.0,2.0
ORD-10525,CUST-1335,2024-06-29,10:16,Saturday,26,6,Summer,Mango Smoothie,Beverages,1,5.49,5.49,Credit Card,Takeaway,3,,No,Sunny,,,Mango,0.2054,24.76,21.23,Adequate,0.0144,Cancelled,Downtown,0,57.0,Yes,1,1,Saturday,Saturday,5,35-44,Gold,5,5,2,4,1,0,1,,1.3333333333333333
ORD-10490,CUST-1457,2024-06-29,10:00,Saturday,26,6,Summer,Onion Rings,Sides,4,4.49,17.96,Credit Card,Takeaway,5,,No,Sunny,,5.0,Onions,0.7275,98.85,25.92,Adequate,0.1326,Completed,Mall Branch,0,40.0,Yes,3,9,Sunday,Sunday,5,55+,Platinum,9,5,2,4,1,0,0,2.0,2.7142857142857144
ORD-10294,CUST-1500,2024-06-29,10:48,Saturday,26,6,Summer,Hot Coffee,Beverages,1,3.49,3.49,Online,Takeaway,4,,No,Cloudy,,,Coffee Beans,0.0177,97.14,33.29,Adequate,0.054,Cancelled,Downtown,0,20.0,Yes,2,2,Saturday,Saturday,5,35-44,Gold,5,5,2,3,1,0,1,1.0,1.4285714285714286
ORD-10866,CUST-1394,2024-06-30,09:17,Sunday,26,6,Summer,Margherita Pizza,Pizza,4,12.99,51.96,Credit Card,Dine-In,21,30.0,No,Cloudy,,4.0,Pizza Dough,1.159,46.25,17.1,Adequate,0.0566,Completed,Downtown,0,,Yes,4,12,Saturday,Saturday,6,18-24,Gold,6,6,2,3,0,0,1,1.0,2.5714285714285716
ORD-10281,CUST-1242,2024-06-30,10:25,Sunday,26,6,Summer,Onion Rings,Sides,4,4.49,17.96,Cash,Dine-In,6,23.0,No,Sunny,,2.0,Onions,0.6968,63.04,20.04,Adequate,0.0565,Completed,Airport,0,,No,3,9,Sunday,Saturday,6,35-44,Silver,9,6,2,4,0,0,3,1.0,3.142857142857143
ORD-10523,CUST-1140,2024-06-30,11:03,Sunday,26,6,Summer,Shawarma Wrap,Wraps,1,9.99,9.99,Digital Wallet,Dine-In,12,4.0,No,Sunny,,4.0,Chicken Breast,0.2081,21.91,32.92,Low Stock,0.0146,Completed,City Center,1,,Yes,2,2,Sunday,Saturday,6,35-44,Platinum,4,6,2,4,0,0,4,2.0,2.4285714285714284
ORD-10475,CUST-1157,2024-06-30,11:19,Sunday,26,6,Summer,Mushroom Soup,Soups,1,5.94,5.94,Credit Card,Dine-In,12,15.0,Yes,Hot,,5.0,Mushrooms,0.2916,54.54,30.62,Adequate,0.0338,Completed,Mall Branch,1,,Yes,2,5,Sunday,Sunday,6,55+,Gold,1,6,2,6,0,1,0,3.0,2.142857142857143
ORD-10055,CUST-1149,2024-06-30,15:53,Sunday,26,6,Summer,Shawarma Wrap,Wraps,1,9.99,9.99,Online,Takeaway,7,,No,Hot,,4.0,Chicken Breast,0.2013,97.25,24.91,Adequate,0.025,Completed,Suburbs,0,34.0,No,2,2,Sunday,Sunday,6,55+,Gold,4,6,2,6,1,0,2,3.0,2.142857142857143
ORD-10469,CUST-1304,2024-06-30,16:19,Sunday,26,6,Summer,Onion Rings,Sides,1,3.82,3.82,Debit Card,Dine-In,9,6.0,Yes,Sunny,,,Onions,0.1825,76.64,33.03,Adequate,0.0553,Cancelled,Airport,0,,Yes,3,9,Sunday,Saturday,6,35-44,Silver,9,6,2,4,0,1,3,1.0,3.142857142857143
ORD-10880,CUST-1388,2024-07-01,18:23,Monday,27,7,Summer,Cheesecake,Desserts,3,5.99,17.97,Debit Card,Dine-In,3,14.0,No,Sunny,,,Cream Cheese,0.3601,56.03,31.72,Adequate,0.023,Completed,Suburbs,1,,Yes,2,5,Saturday,Sunday,0,35-44,Gold,2,0,2,4,0,0,2,2.0,1.8571428571428572
ORD-10427,CUST-1311,2024-07-01,18:54,Monday,27,7,Summer,Onion Rings,Sides,2,3.82,7.64,Digital Wallet,Dine-In,9,26.0,Yes,Hot,,,Onions,0.3461,66.2,20.78,Adequate,0.1065,Cancelled,Airport,1,,No,2,3,Sunday,Saturday,0,25-34,Gold,9,0,2,6,0,1,3,1.0,3.2857142857142856
ORD-10407,CUST-1063,2024-07-01,18:51,Monday,27,7,Summer,Margherita Pizza,Pizza,4,12.99,51.96,Credit Card,Dine-In,16,16.0,No,Cloudy,,4.0,Pizza Dough,1.0889,116.27,28.56,Adequate,0.1549,Completed,City Center,1,,Yes,1,4,Saturday,Saturday,0,55+,Bronze,6,0,2,3,0,0,4,1.0,3.0
ORD-10788,CUST-1377,2024-07-01,16:26,Monday,27,7,Summer,Mango Smoothie,Beverages,2,5.49,10.98,Digital Wallet,Dine-In,4,13.0,No,Hot,,4.0,Mango,0.398,50.64,16.5,Adequate,0.0631,Completed,Downtown,0,,Yes,1,2,Saturday,Saturday,0,45-54,Bronze,5,0,2,6,0,0,1,,1.4285714285714286
ORD-10990,CUST-1315,2024-07-01,21:42,Monday,27,7,Summer,Caesar Salad,Salads,1,8.99,8.99,Online,Dine-In,7,30.0,No,Cloudy,,5.0,Romaine Lettuce,0.2593,62.17,15.49,Adequate,0.0199,Completed,Airport,1,,No,2,3,Tuesday,Saturday,0,55+,Platinum,7,0,2,3,0,0,3,1.0,1.4285714285714286
ORD-10372,CUST-1385,2024-07-01,12:10,Monday,27,7,Summer,Caesar Salad,Salads,2,8.99,17.98,Debit Card,Dine-In,6,24.0,No,Hot,,5.0,Romaine Lettuce,0.5082,25.0,15.86,Adequate,0.0599,Completed,Suburbs,1,,Yes,2,3,Tuesday,Sunday,0,25-34,Platinum,7,0,2,6,0,0,2,3.0,1.2857142857142858
ORD-10852,CUST-1032,2024-07-01,11:38,Monday,27,7,Summer,Cheesecake,Desserts,2,5.09,10.18,Debit Card,Takeaway,4,,Yes,Sunny,,,Cream Cheese,0.2471,95.29,24.46,Adequate,0.0687,Cancelled,Airport,1,43.0,No,2,5,Saturday,Saturday,0,55+,Bronze,2,0,2,4,1,1,3,1.0,2.0
ORD-10695,CUST-1289,2024-07-01,09:49,Monday,27,7,Summer,French Fries,Sides,1,3.99,3.99,Debit Card,Dine-In,5,9.0,No,Sunny,,,Potatoes,0.2093,88.01,31.99,Adequate,0.0195,Pending,Suburbs,0,,No,2,4,Saturday,Sunday,0,35-44,Silver,9,0,2,4,0,0,2,2.0,1.8571428571428572
ORD-10065,CUST-1127,2024-07-01,16:05,Monday,27,7,Summer,BBQ Chicken Pizza,Pizza,1,15.99,15.99,Digital Wallet,Takeaway,21,,No,Cloudy,,5.0,Pizza Dough,0.2879,55.91,25.89,Adequate,0.0369,Completed,Suburbs,0,53.0,No,2,3,Monday,Sunday,0,45-54,Gold,6,0,2,3,1,0,2,2.0,2.4285714285714284
ORD-10862,CUST-1257,2024-07-02,17:58,Tuesday,27,7,Summer,Penne Arrabbiata,Pasta,1,11.99,11.99,Cash,Dine-In,12,16.0,No,Sunny,,4.0,Penne Pasta,0.1718,22.13,20.76,Adequate,0.0328,Completed,Mall Branch,0,,Yes,1,1,Saturday,Sunday,1,45-54,Bronze,0,1,2,4,0,0,0,1.0,1.5714285714285714
ORD-10583,CUST-1158,2024-07-03,19:05,Wednesday,27,7,Summer,French Fries,Sides,3,3.99,11.97,Cash,Takeaway,6,,No,Hot,,4.0,Potatoes,0.6404,116.94,33.37,Adequate,0.0159,Pending,Downtown,1,46.0,No,2,4,Saturday,Saturday,2,35-44,Bronze,9,2,2,6,1,0,1,2.0,2.0
ORD-10813,CUST-1432,2024-07-04,14:58,Thursday,27,7,Summer,Iced Coffee,Beverages,1,4.49,4.49,Online,Dine-In,4,8.0,No,Sunny,Independence Day,5.0,Coffee Beans,0.0181,47.63,19.21,Adequate,0.0161,Completed,Downtown,1,,No,5,13,Sunday,Saturday,3,18-24,Platinum,5,3,2,4,0,0,1,1.0,1.5714285714285714
ORD-10920,CUST-1175,2024-07-05,19:12,Friday,27,7,Summer,Iced Coffee,Beverages,5,4.49,22.45,Cash,Dine-In,4,16.0,No,Hot,,4.0,Coffee Beans,0.0906,93.88,16.19,Adequate,0.0852,Completed,Airport,1,,Yes,5,13,Sunday,Saturday,4,45-54,Platinum,5,4,2,6,0,0,3,2.0,2.0
ORD-10717,CUST-1228,2024-07-05,10:48,Friday,27,7,Summer,Iced Coffee,Beverages,2,4.49,8.98,Online,Takeaway,2,,No,Sunny,,,Coffee Beans,0.0365,113.38,20.43,Adequate,0.0503,Cancelled,Suburbs,0,39.0,No,5,13,Sunday,Sunday,4,35-44,Silver,5,4,2,4,1,0,2,1.0,2.142857142857143
ORD-10681,CUST-1099,2024-07-06,15:37,Saturday,27,7,Summer,BBQ Chicken Pizza,Pizza,2,15.99,31.98,Credit Card,Takeaway,16,,No,Hot,,5.0,Pizza Dough,0.5424,117.5,22.94,Adequate,0.0252,Completed,Downtown,0,22.0,Yes,2,3,Monday,Saturday,5,25-34,Gold,6,5,2,6,1,0,1,3.0,2.2857142857142856
ORD-10899,CUST-1450,2024-07-06,11:35,Saturday,27,7,Summer,Iced Coffee,Beverages,3,4.49,13.47,Digital Wallet,Takeaway,3,,No,Hot,,4.0,Coffee Beans,0.0517,37.15,25.53,Adequate,0.0324,Completed,City Center,1,52.0,Yes,5,13,Sunday,Saturday,5,18-24,Gold,5,5,2,6,1,0,4,2.0,2.2857142857142856
ORD-10815,CUST-1361,2024-07-06,11:48,Saturday,27,7,Summer,Onion Rings,Sides,1,4.49,4.49,Debit Card,Takeaway,9,,No,Sunny,,4.0,Onions,0.174,20.44,17.45,Adequate,0.0078,Completed,City Center,1,48.0,Yes,2,3,Sunday,Saturday,5,25-34,Bronze,9,5,2,4,1,0,4,5.0,2.7142857142857144
ORD-10543,CUST-1311,2024-07-07,12:07,Sunday,27,7,Summer,Falafel Wrap,Wraps,3,8.49,25.47,Credit Card,Dine-In,10,30.0,No,Sunny,,5.0,Chickpeas,0.416,80.63,28.88,Adequate,0.0887,Completed,Downtown,1,,Yes,1,3,Monday,Saturday,6,25-34,Gold,4,6,2,4,0,0,1,2.0,2.5714285714285716
ORD-10375,CUST-1443,2024-07-07,17:36,Sunday,27,7,Summer,Iced Coffee,Beverages,2,4.49,8.98,Cash,Takeaway,2,,No,Hot,,3.0,Coffee Beans,0.0345,47.09,25.34,Adequate,0.0688,Completed,Airport,0,20.0,No,5,13,Sunday,Saturday,6,45-54,Platinum,5,6,2,6,1,0,3,1.0,2.4285714285714284
ORD-10838,CUST-1412,2024-07-07,20:15,Sunday,27,7,Summer,Classic Burger,Burgers,1,8.99,8.99,Credit Card,Dine-In,10,18.0,No,Sunny,,4.0,Beef Patty,0.1718,32.07,15.32,Adequate,0.0299,Completed,City Center,1,,No,1,1,Monday,Saturday,6,18-24,Bronze,3,6,2,4,0,0,4,4.0,1.8571428571428572
ORD-10812,CUST-1410,2024-07-08,16:03,Monday,28,7,Summer,Lemonade,Beverages,1,3.49,3.49,Cash,Dine-In,2,19.0,No,Hot,,4.0,Lemons,0.0879,69.53,25.17,Adequate,0.0247,Completed,Airport,0,,No,4,10,Sunday,Saturday,0,55+,Gold,5,0,2,6,0,0,3,1.0,2.0
ORD-10957,CUST-1076,2024-07-08,17:15,Monday,28,7,Summer,Onion Rings,Sides,1,4.49,4.49,Cash,Dine-In,5,24.0,No,Sunny,,3.0,Onions,0.174,50.05,25.23,Adequate,0.0169,Completed,Suburbs,0,,Yes,3,3,Sunday,Sunday,0,35-44,Bronze,9,0,2,4,0,0,2,2.0,2.5714285714285716
ORD-10477,CUST-1210,2024-07-08,18:41,Monday,28,7,Summer,Lemonade,Beverages,2,2.97,5.94,Credit Card,Takeaway,3,,Yes,Sunny,,,Lemons,0.1716,109.94,19.56,Adequate,0.0402,Cancelled,Suburbs,1,43.0,No,4,10,Sunday,Sunday,0,18-24,Platinum,5,0,2,4,1,1,2,1.0,2.142857142857143
ORD-10085,CUST-1169,2024-07-09,11:34,Tuesday,28,7,Summer,French Fries,Sides,1,3.99,3.99,Cash,Dine-In,5,11.0,No,Hot,,5.0,Potatoes,0.2194,76.13,30.04,Adequate,0.0284,Completed,City Center,1,,No,2,2,Saturday,Saturday,1,18-24,Bronze,9,1,2,6,0,0,4,1.0,2.0
ORD-10236,CUST-1118,2024-07-09,11:36,Tuesday,28,7,Summer,Spaghetti Carbonara,Pasta,1,13.49,13.49,Cash,Takeaway,14,,No,Sunny,,3.0,Spaghetti,0.179,115.76,23.2,Adequate,0.0246,Completed,Mall Branch,1,43.0,No,1,1,Friday,Sunday,1,25-34,Platinum,0,1,2,4,1,0,0,1.0,2.0
ORD-10835,CUST-1197,2024-07-09,15:11,Tuesday,28,7,Summer,Double Cheeseburger,Burgers,1,11.49,11.49,Debit Card,Takeaway,15,,No,Cloudy,,4.0,Beef Patty,0.346,31.91,23.81,Adequate,0.0178,Completed,Suburbs,0,55.0,No,2,2,Sunday,Sunday,1,35-44,Bronze,3,1,2,3,1,0,2,2.0,1.8571428571428572
ORD-10950,CUST-1072,2024-07-09,18:06,Tuesday,28,7,Summer,BBQ Chicken Pizza,Pizza,2,15.99,31.98,Online,Dine-In,17,11.0,No,Hot,,5.0,Pizza Dough,0.5746,53.73,26.29,Adequate,0.0703,Completed,City Center,1,,Yes,2,3,Monday,Saturday,1,45-54,Gold,6,1,2,6,0,0,4,3.0,2.142857142857143
ORD-10584,CUST-1413,2024-07-10,17:04,Wednesday,28,7,Summer,Chocolate Lava Cake,Desserts,5,6.99,34.95,Online,Dine-In,11,12.0,No,Hot,,5.0,Chocolate,0.3486,95.79,18.56,Adequate,0.1899,Completed,Suburbs,0,,Yes,1,5,Friday,Sunday,2,45-54,Platinum,2,2,2,6,0,0,2,1.0,2.5714285714285716
ORD-10130,CUST-1321,2024-07-10,20:39,Wednesday,28,7,Summer,Mushroom Soup,Soups,2,6.99,13.98,Cash,Takeaway,12,,No,Sunny,,,Mushrooms,0.5909,20.46,19.71,Adequate,0.1097,Cancelled,Airport,1,25.0,Yes,1,2,Sunday,Saturday,2,35-44,Gold,1,2,2,4,1,0,3,5.0,1.7142857142857142
ORD-10939,CUST-1038,2024-07-11,18:54,Thursday,28,7,Summer,Penne Arrabbiata,Pasta,2,11.99,23.98,Online,Dine-In,15,24.0,No,Cloudy,,,Penne Pasta,0.3656,97.66,34.69,Adequate,0.0925,Cancelled,Mall Branch,1,,Yes,1,2,Saturday,Sunday,3,45-54,Bronze,0,3,2,3,0,0,0,2.0,1.5714285714285714
ORD-10455,CUST-1433,2024-07-12,18:34,Friday,28,7,Summer,Classic Burger,Burgers,2,8.99,17.98,Debit Card,Takeaway,8,,No,Sunny,,2.0,Beef Patty,0.3478,107.82,21.22,Adequate,0.0662,Completed,Downtown,1,42.0,No,3,9,Monday,Saturday,4,55+,Gold,3,4,2,4,1,0,1,3.0,1.7142857142857142
ORD-10137,CUST-1499,2024-07-12,18:12,Friday,28,7,Summer,Classic Burger,Burgers,2,8.99,17.98,Digital Wallet,Takeaway,9,,No,Hot,,4.0,Beef Patty,0.3604,25.6,28.34,Low Stock,0.0601,Completed,City Center,1,25.0,No,3,9,Monday,Saturday,4,45-54,Bronze,3,4,2,6,1,0,4,3.0,1.5714285714285714
ORD-10881,CUST-1325,2024-07-13,11:25,Saturday,28,7,Summer,French Fries,Sides,1,3.99,3.99,Digital Wallet,Takeaway,6,,No,Sunny,,4.0,Potatoes,0.211,54.63,20.39,Adequate,0.0309,Pending,Downtown,1,58.0,Yes,2,2,Saturday,Saturday,5,45-54,Platinum,9,5,2,4,1,0,1,1.0,2.0
ORD-10758,CUST-1441,2024-07-13,11:43,Saturday,28,7,Summer,BBQ Chicken Pizza,Pizza,1,15.99,15.99,Debit Card,Takeaway,16,,No,Sunny,,4.0,Pizza Dough,0.2774,101.57,29.21,Adequate,0.0147,Completed,Suburbs,1,45.0,Yes,2,3,Monday,Sunday,5,18-24,Bronze,6,5,2,4,1,0,2,1.0,2.142857142857143
ORD-10164,CUST-1273,2024-07-13,12:13,Saturday,28,7,Summer,Pepperoni Pizza,Pizza,3,14.49,43.47,Online,Dine-In,20,26.0,No,Cloudy,,2.0,Pizza Dough,0.8266,38.05,15.48,Adequate,0.0551,Completed,Downtown,1,,Yes,1,3,Sunday,Saturday,5,25-34,Platinum,6,5,2,3,0,0,1,1.0,2.142857142857143
ORD-10941,CUST-1265,2024-07-13,17:52,Saturday,28,7,Summer,Classic Burger,Burgers,5,8.99,44.95,Online,Dine-In,13,25.0,No,Hot,,4.0,Beef Patty,0.9346,20.36,16.99,Adequate,0.0555,Pending,Downtown,0,,Yes,3,9,Monday,Saturday,5,18-24,Bronze,3,5,2,6,0,0,1,2.0,2.0
ORD-10104,CUST-1452,2024-07-13,19:34,Saturday,28,7,Summer,Chicken Biryani,Rice Dishes,1,13.99,13.99,Digital Wallet,Dine-In,21,6.0,No,Sunny,,5.0,Basmati Rice,0.2946,26.33,34.34,Low Stock,0.0233,Completed,Mall Branch,1,,No,1,1,Friday,Sunday,5,35-44,Gold,8,5,2,4,0,0,0,1.0,1.1428571428571428
ORD-10726,CUST-1316,2024-07-13,19:41,Saturday,28,7,Summer,Hot Coffee,Beverages,4,3.49,13.96,Cash,Takeaway,2,,No,Sunny,,3.0,Coffee Beans,0.0735,55.13,27.41,Adequate,0.1322,Completed,Downtown,1,43.0,Yes,1,4,Saturday,Saturday,5,18-24,Bronze,5,5,2,4,1,0,1,2.0,1.7142857142857142
ORD-10597,CUST-1494,2024-07-14,13:13,Sunday,28,7,Summer,Onion Rings,Sides,1,4.49,4.49,Online,Dine-In,7,12.0,No,Cloudy,,5.0,Onions,0.1851,103.67,24.72,Adequate,0.0342,Completed,City Center,1,,No,3,3,Sunday,Saturday,6,25-34,Gold,9,6,2,3,0,0,4,5.0,2.0
ORD-10612,CUST-1068,2024-07-14,15:50,Sunday,28,7,Summer,Double Cheeseburger,Burgers,1,11.49,11.49,Digital Wallet,Dine-In,10,8.0,No,Hot,,5.0,Beef Patty,0.3543,90.37,27.42,Adequate,0.0083,Completed,City Center,0,,Yes,2,2,Sunday,Saturday,6,25-34,Bronze,3,6,2,6,0,0,4,3.0,1.5714285714285714
ORD-10447,CUST-1237,2024-07-14,16:27,Sunday,28,7,Summer,Lemonade,Beverages,4,3.49,13.96,Credit Card,Dine-In,3,7.0,No,Sunny,,1.0,Lemons,0.3517,65.62,15.47,Adequate,0.1349,Completed,City Center,0,,Yes,4,10,Sunday,Saturday,6,25-34,Silver,5,6,2,4,0,0,4,3.0,2.2857142857142856
ORD-10397,CUST-1085,2024-07-14,16:46,Sunday,28,7,Summer,Onion Rings,Sides,1,4.49,4.49,Debit Card,Takeaway,6,,No,Sunny,,,Onions,0.1779,71.68,29.18,Adequate,0.0305,Cancelled,Downtown,0,50.0,Yes,3,3,Sunday,Saturday,6,18-24,Platinum,9,6,2,4,1,0,1,4.0,1.5714285714285714
ORD-10489,CUST-1211,2024-07-14,18:20,Sunday,28,7,Summer,Cheesecake,Desserts,4,5.99,23.96,Debit Card,Takeaway,3,,No,Cloudy,,4.0,Cream Cheese,0.4862,117.75,28.76,Adequate,0.0877,Completed,Suburbs,1,50.0,Yes,1,4,Saturday,Sunday,6,35-44,Bronze,2,6,2,3,1,0,2,3.0,2.142857142857143
ORD-10278,CUST-1291,2024-07-14,20:06,Sunday,28,7,Summer,Lemonade,Beverages,3,3.49,10.47,Cash,Takeaway,3,,No,Sunny,,3.0,Lemons,0.2631,35.5,34.85,Adequate,0.0386,Pending,Downtown,1,59.0,Yes,4,10,Sunday,Saturday,6,35-44,Silver,5,6,2,4,1,0,1,4.0,2.142857142857143
ORD-10054,CUST-1198,2024-07-15,11:07,Monday,29,7,Summer,BBQ Chicken Pizza,Pizza,4,15.99,63.96,Debit Card,Takeaway,25,,No,Sunny,,4.0,Pizza Dough,1.1331,101.37,29.12,Adequate,0.1026,Completed,Suburbs,1,58.0,No,1,4,Monday,Sunday,0,18-24,Gold,6,0,2,4,1,0,2,2.0,2.4285714285714284
ORD-10177,CUST-1062,2024-07-15,10:46,Monday,29,7,Summer,Iced Coffee,Beverages,1,4.49,4.49,Cash,Takeaway,3,,No,Hot,,3.0,Coffee Beans,0.0178,36.48,19.15,Adequate,0.0059,Pending,Airport,0,55.0,No,2,5,Sunday,Saturday,0,25-34,Platinum,5,0,2,6,1,0,3,2.0,2.2857142857142856
ORD-10938,CUST-1191,2024-07-16,11:09,Tuesday,29,7,Summer,Iced Coffee,Beverages,4,4.49,17.96,Credit Card,Takeaway,3,,No,Hot,,4.0,Coffee Beans,0.073,64.92,15.49,Adequate,0.1274,Pending,Mall Branch,1,49.0,Yes,2,5,Sunday,Sunday,1,45-54,Gold,5,1,2,6,1,0,0,2.0,2.5714285714285716
ORD-10593,CUST-1266,2024-07-17,12:42,Wednesday,29,7,Summer,Caesar Salad,Salads,2,8.99,17.98,Online,Dine-In,5,21.0,No,Hot,,,Romaine Lettuce,0.5077,24.93,16.66,Adequate,0.0409,Cancelled,Suburbs,1,,Yes,1,2,Tuesday,Sunday,2,45-54,Platinum,7,2,2,6,0,0,2,1.0,1.4285714285714286
ORD-10093,CUST-1105,2024-07-18,08:47,Thursday,29,7,Summer,Hot Coffee,Beverages,2,2.97,5.94,Online,Dine-In,3,21.0,Yes,Sunny,,,Coffee Beans,0.0357,30.66,23.52,Adequate,0.0396,Cancelled,Airport,0,,No,1,2,Saturday,Saturday,3,25-34,Bronze,5,3,2,4,0,1,3,1.0,1.8571428571428572
ORD-10704,CUST-1372,2024-07-18,10:12,Thursday,29,7,Summer,Pepperoni Pizza,Pizza,4,14.49,57.96,Digital Wallet,Dine-In,20,26.0,No,Cloudy,,4.0,Pizza Dough,1.1723,85.78,34.63,Adequate,0.0337,Completed,Downtown,0,,No,1,4,Sunday,Saturday,3,55+,Bronze,6,3,2,3,0,0,1,4.0,2.142857142857143
ORD-10174,CUST-1309,2024-07-19,17:16,Friday,29,7,Summer,Spaghetti Carbonara,Pasta,3,13.49,40.47,Debit Card,Dine-In,18,23.0,No,Sunny,,5.0,Spaghetti,0.5623,20.85,20.99,Low Stock,0.1197,Pending,City Center,0,,Yes,1,3,Friday,Saturday,4,25-34,Silver,0,4,2,4,0,0,4,1.0,2.2857142857142856
ORD-10638,CUST-1220,2024-07-20,16:53,Saturday,29,7,Summer,Greek Salad,Salads,2,8.49,16.98,Debit Card,Dine-In,7,23.0,No,Sunny,,,Cucumber,0.2431,52.62,18.14,Adequate,0.0465,Cancelled,Mall Branch,0,,No,1,2,Saturday,Sunday,5,55+,Gold,7,5,2,4,0,0,0,2.0,2.0
ORD-10562,CUST-1395,2024-07-20,19:50,Saturday,29,7,Summer,Penne Arrabbiata,Pasta,1,11.99,11.99,Online,Takeaway,17,,No,Sunny,,4.0,Penne Pasta,0.1798,64.21,20.84,Adequate,0.0267,Completed,Suburbs,1,27.0,Yes,1,1,Saturday,Sunday,5,25-34,Silver,0,5,2,4,1,0,2,4.0,1.1428571428571428
ORD-10199,CUST-1367,2024-07-20,19:54,Saturday,29,7,Summer,Lemonade,Beverages,2,3.49,6.98,Online,Dine-In,3,21.0,No,Sunny,,4.0,Lemons,0.1878,70.39,15.44,Adequate,0.0588,Completed,City Center,1,,Yes,1,2,Sunday,Saturday,5,18-24,Gold,5,5,2,4,0,0,4,1.0,2.2857142857142856
ORD-10297,CUST-1117,2024-07-21,13:12,Sunday,29,7,Summer,Mango Smoothie,Beverages,5,5.49,27.45,Digital Wallet,Dine-In,3,30.0,No,Hot,,,Mango,0.9737,101.97,24.77,Adequate,0.1118,Cancelled,City Center,1,,No,2,8,Saturday,Saturday,6,18-24,Bronze,5,6,2,6,0,0,4,2.0,1.8571428571428572
ORD-10435,CUST-1360,2024-07-21,17:34,Sunday,29,7,Summer,Mango Smoothie,Beverages,3,5.49,16.47,Debit Card,Dine-In,5,4.0,No,Sunny,,5.0,Mango,0.6243,37.02,20.9,Adequate,0.1135,Completed,Airport,0,,No,2,8,Saturday,Saturday,6,18-24,Silver,5,6,2,4,0,0,3,2.0,2.0
ORD-10703,CUST-1440,2024-07-22,16:54,Monday,30,7,Summer,Falafel Wrap,Wraps,1,7.22,7.22,Credit Card,Dine-In,8,14.0,Yes,Sunny,,4.0,Chickpeas,0.1424,64.93,34.25,Adequate,0.0349,Pending,Downtown,0,,Yes,4,9,Monday,Saturday,0,35-44,Gold,4,0,2,4,0,1,1,1.0,2.5714285714285716
ORD-10902,CUST-1472,2024-07-22,22:02,Monday,30,7,Summer,Ice Cream Sundae,Desserts,1,4.67,4.67,Digital Wallet,Dine-In,3,8.0,Yes,Cloudy,,5.0,Ice Cream,0.1884,109.43,33.42,Adequate,0.0341,Completed,City Center,0,,Yes,3,3,Wednesday,Saturday,0,25-34,Silver,2,0,2,3,0,1,4,1.0,1.4285714285714286
ORD-10966,CUST-1286,2024-07-23,12:26,Tuesday,30,7,Summer,Falafel Wrap,Wraps,2,8.49,16.98,Cash,Takeaway,8,,No,Cloudy,,4.0,Chickpeas,0.266,91.96,22.16,Adequate,0.0503,Completed,Suburbs,1,21.0,Yes,4,9,Monday,Sunday,1,25-34,Bronze,4,1,2,3,1,0,2,1.0,2.7142857142857144
ORD-10240,CUST-1344,2024-07-23,17:40,Tuesday,30,7,Summer,Caesar Salad,Salads,1,8.99,8.99,Cash,Takeaway,6,,No,Hot,,4.0,Romaine Lettuce,0.2558,48.26,18.97,Adequate,0.0051,Completed,Mall Branch,0,34.0,No,1,1,Tuesday,Sunday,1,55+,Silver,7,1,2,6,1,0,0,1.0,1.4285714285714286
ORD-10219,CUST-1006,2024-07-23,17:47,Tuesday,30,7,Summer,Lemonade,Beverages,2,2.97,5.94,Credit Card,Dine-In,3,7.0,Yes,Cloudy,,,Lemons,0.1857,38.79,17.09,Adequate,0.0885,Cancelled,Suburbs,0,,No,2,4,Sunday,Sunday,1,18-24,Gold,5,1,2,3,0,1,2,2.0,2.2857142857142856
ORD-10639,CUST-1313,2024-07-24,10:26,Wednesday,30,7,Summer,Greek Salad,Salads,1,8.49,8.49,Debit Card,Takeaway,7,,No,Cloudy,,5.0,Cucumber,0.1141,40.63,15.03,Adequate,0.0368,Completed,Airport,0,47.0,Yes,2,6,Saturday,Saturday,2,55+,Gold,7,2,2,3,1,0,3,1.0,2.0
ORD-10999,CUST-1001,2024-07-24,13:23,Wednesday,30,7,Summer,Falafel Wrap,Wraps,5,8.49,42.45,Cash,Takeaway,9,,No,Sunny,,5.0,Chickpeas,0.7091,20.1,28.48,Low Stock,0.0691,Completed,Suburbs,1,53.0,Yes,4,9,Monday,Sunday,2,55+,Bronze,4,2,2,4,1,0,2,1.0,3.2857142857142856
ORD-10761,CUST-1177,2024-07-24,10:10,Wednesday,30,7,Summer,Ice Cream Sundae,Desserts,1,5.49,5.49,Credit Card,Takeaway,3,,No,Hot,,4.0,Ice Cream,0.1813,97.24,17.63,Adequate,0.0335,Completed,Airport,0,37.0,No,3,3,Wednesday,Saturday,2,45-54,Silver,2,2,2,6,1,0,3,2.0,1.2857142857142858
ORD-10038,CUST-1013,2024-07-25,08:21,Thursday,30,7,Summer,Greek Salad,Salads,5,8.49,42.45,Credit Card,Takeaway,8,,No,Sunny,,5.0,Cucumber,0.6047,92.14,26.67,Adequate,0.0509,Completed,City Center,0,60.0,No,2,6,Saturday,Saturday,3,25-34,Gold,7,3,2,4,1,0,4,1.0,2.5714285714285716
ORD-10227,CUST-1429,2024-07-25,19:08,Thursday,30,7,Summer,BBQ Chicken Pizza,Pizza,3,15.99,47.97,Online,Dine-In,20,30.0,No,Sunny,,4.0,Pizza Dough,0.8464,112.74,30.51,Adequate,0.0286,Completed,Mall Branch,1,,No,1,3,Monday,Sunday,3,25-34,Platinum,6,3,2,4,0,0,0,4.0,2.2857142857142856
ORD-10410,CUST-1040,2024-07-26,09:33,Friday,30,7,Summer,Falafel Wrap,Wraps,1,8.49,8.49,Cash,Takeaway,10,,No,Sunny,,,Chickpeas,0.1348,85.2,28.5,Adequate,0.054,Cancelled,Mall Branch,0,34.0,No,4,9,Monday,Sunday,4,45-54,Gold,4,4,2,4,1,0,0,2.0,3.142857142857143
ORD-10424,CUST-1439,2024-07-26,10:25,Friday,30,7,Summer,French Fries,Sides,2,3.99,7.98,Credit Card,Takeaway,6,,No,Hot,,5.0,Potatoes,0.4568,70.16,32.86,Adequate,0.067,Completed,Mall Branch,0,35.0,Yes,1,2,Saturday,Sunday,4,55+,Bronze,9,4,2,6,1,0,0,1.0,2.142857142857143
ORD-10707,CUST-1185,2024-07-27,11:17,Saturday,30,7,Summer,Mango Smoothie,Beverages,2,5.49,10.98,Debit Card,Takeaway,5,,No,Sunny,,3.0,Mango,0.3987,31.85,28.63,Adequate,0.0533,Pending,Suburbs,1,43.0,No,1,2,Saturday,Sunday,5,25-34,Gold,5,5,2,4,1,0,2,1.0,2.142857142857143
ORD-10266,CUST-1490,2024-07-28,12:33,Sunday,30,7,Summer,Lemonade,Beverages,2,2.97,5.94,Debit Card,Takeaway,2,,Yes,Hot,,4.0,Lemons,0.1743,66.83,24.22,Adequate,0.0574,Pending,Mall Branch,1,40.0,Yes,2,4,Sunday,Sunday,6,45-54,Silver,5,6,2,6,1,1,0,2.0,2.2857142857142856
ORD-10474,CUST-1344,2024-07-28,11:17,Sunday,30,7,Summer,Shawarma Wrap,Wraps,2,9.99,19.98,Debit Card,Dine-In,9,8.0,No,Sunny,,5.0,Chicken Breast,0.3846,84.29,30.85,Adequate,0.0599,Completed,Suburbs,1,,Yes,1,2,Sunday,Sunday,6,55+,Silver,4,6,2,4,0,0,2,1.0,2.2857142857142856
ORD-10362,CUST-1368,2024-07-28,11:21,Sunday,30,7,Summer,Pepperoni Pizza,Pizza,4,14.49,57.96,Online,Dine-In,18,16.0,No,Sunny,,5.0,Pizza Dough,1.0795,115.12,33.92,Adequate,0.0383,Completed,Airport,1,,No,1,4,Sunday,Saturday,6,35-44,Gold,6,6,2,4,0,0,3,1.0,2.5714285714285716
ORD-10271,CUST-1144,2024-07-28,16:51,Sunday,30,7,Summer,Ice Cream Sundae,Desserts,1,4.67,4.67,Digital Wallet,Dine-In,5,13.0,Yes,Sunny,,3.0,Ice Cream,0.1841,50.11,29.21,Adequate,0.0257,Pending,Mall Branch,0,,Yes,3,3,Wednesday,Sunday,6,35-44,Silver,2,6,2,4,0,1,0,1.0,1.2857142857142858
ORD-10501,CUST-1301,2024-07-29,12:38,Monday,31,7,Summer,Lemonade,Beverages,1,3.49,3.49,Credit Card,Dine-In,2,2.0,No,Hot,,,Lemons,0.0928,21.42,20.64,Adequate,0.0474,Cancelled,Airport,1,,Yes,1,1,Sunday,Saturday,0,45-54,Platinum,5,0,2,6,0,0,3,1.0,2.2857142857142856
ORD-10791,CUST-1367,2024-07-29,17:30,Monday,31,7,Summer,Greek Salad,Salads,1,8.49,8.49,Credit Card,Takeaway,5,,No,Sunny,,5.0,Cucumber,0.1169,30.97,22.34,Adequate,0.0093,Completed,Suburbs,0,54.0,Yes,3,4,Saturday,Sunday,0,18-24,Gold,7,0,2,4,1,0,2,5.0,2.0
ORD-10614,CUST-1236,2024-07-29,18:30,Monday,31,7,Summer,Greek Salad,Salads,1,8.49,8.49,Debit Card,Dine-In,8,26.0,No,Cloudy,,4.0,Cucumber,0.1216,39.76,32.67,Adequate,0.0232,Completed,Mall Branch,1,,Yes,3,4,Saturday,Sunday,0,35-44,Gold,7,0,2,3,0,0,0,2.0,1.8571428571428572
ORD-10175,CUST-1351,2024-07-30,20:00,Tuesday,31,7,Summer,Falafel Wrap,Wraps,2,8.49,16.98,Cash,Dine-In,8,14.0,No,Sunny,,,Chickpeas,0.2744,78.7,26.35,Adequate,0.0291,Cancelled,City Center,1,,No,1,2,Monday,Saturday,1,35-44,Gold,4,1,2,4,0,0,4,5.0,2.7142857142857144
ORD-10909,CUST-1164,2024-07-30,15:16,Tuesday,31,7,Summer,Chicken Biryani,Rice Dishes,5,11.89,59.45,Digital Wallet,Takeaway,23,,Yes,Sunny,,5.0,Basmati Rice,1.5593,74.54,34.02,Adequate,0.0773,Pending,Downtown,0,23.0,Yes,2,9,Friday,Saturday,1,18-24,Gold,8,1,2,4,1,1,1,1.0,1.7142857142857142
ORD-10897,CUST-1089,2024-07-31,20:30,Wednesday,31,7,Summer,Spaghetti Carbonara,Pasta,1,13.49,13.49,Digital Wallet,Dine-In,17,23.0,No,Sunny,,,Spaghetti,0.1822,29.77,15.08,Adequate,0.0353,Cancelled,Airport,1,,Yes,2,4,Friday,Saturday,2,45-54,Gold,0,2,2,4,0,0,3,1.0,2.2857142857142856
ORD-10325,CUST-1090,2024-07-31,16:49,Wednesday,31,7,Summer,Veggie Burger,Burgers,1,9.49,9.49,Cash,Dine-In,9,11.0,No,Hot,,5.0,Veggie Patty,0.1671,44.56,24.6,Adequate,0.0376,Completed,Downtown,0,,Yes,2,2,Saturday,Saturday,2,55+,Bronze,3,2,2,6,0,0,1,1.0,2.4285714285714284
ORD-10922,CUST-1491,2024-07-31,13:16,Wednesday,31,7,Summer,Veggie Burger,Burgers,1,8.07,8.07,Debit Card,Dine-In,11,12.0,Yes,Sunny,,2.0,Veggie Patty,0.1663,79.21,15.04,Adequate,0.0247,Completed,Mall Branch,1,,Yes,2,2,Saturday,Sunday,2,45-54,Gold,3,2,2,4,0,1,0,5.0,1.8571428571428572
ORD-10497,CUST-1321,2024-07-31,13:07,Wednesday,31,7,Summer,French Fries,Sides,1,3.99,3.99,Digital Wallet,Takeaway,5,,No,Sunny,,,Potatoes,0.2177,115.48,22.49,Adequate,0.0448,Cancelled,Suburbs,1,36.0,Yes,1,1,Saturday,Sunday,2,35-44,Gold,9,2,2,4,1,0,2,3.0,1.8571428571428572
ORD-10422,CUST-1344,2024-08-01,12:34,Thursday,31,8,Summer,Classic Burger,Burgers,1,8.99,8.99,Digital Wallet,Dine-In,9,27.0,No,Hot,,3.0,Beef Patty,0.1875,69.78,27.77,Adequate,0.0341,Completed,City Center,1,,Yes,1,1,Monday,Saturday,3,55+,Silver,3,3,2,6,0,0,4,2.0,1.8571428571428572
ORD-10846,CUST-1043,2024-08-01,13:49,Thursday,31,8,Summer,Ice Cream Sundae,Desserts,4,5.49,21.96,Credit Card,Takeaway,3,,No,Cloudy,,,Ice Cream,0.7291,35.37,32.3,Adequate,0.0366,Cancelled,City Center,1,56.0,Yes,1,4,Wednesday,Saturday,3,35-44,Silver,2,3,2,3,1,0,4,1.0,1.7142857142857142
ORD-10814,CUST-1144,2024-08-01,18:38,Thursday,31,8,Summer,Spaghetti Carbonara,Pasta,3,13.49,40.47,Credit Card,Dine-In,18,19.0,No,Sunny,,4.0,Spaghetti,0.5467,102.04,15.73,Adequate,0.096,Completed,City Center,1,,Yes,2,4,Friday,Saturday,3,35-44,Silver,0,3,2,4,0,0,4,2.0,2.4285714285714284
ORD-10512,CUST-1411,2024-08-01,19:39,Thursday,31,8,Summer,Shawarma Wrap,Wraps,1,9.99,9.99,Digital Wallet,Dine-In,11,10.0,No,Sunny,,,Chicken Breast,0.1971,71.24,20.27,Adequate,0.0467,Cancelled,Airport,1,,Yes,2,4,Sunday,Saturday,3,25-34,Bronze,4,3,2,4,0,0,3,3.0,2.0
ORD-10047,CUST-1483,2024-08-02,12:12,Friday,31,8,Summer,Penne Arrabbiata,Pasta,1,11.99,11.99,Digital Wallet,Dine-In,15,21.0,No,Hot,,,Penne Pasta,0.1847,68.86,29.47,Adequate,0.0152,Cancelled,Airport,1,,No,1,1,Saturday,Saturday,4,25-34,Bronze,0,4,2,6,0,0,3,1.0,1.1428571428571428
ORD-10295,CUST-1237,2024-08-03,13:29,Saturday,31,8,Summer,Mango Smoothie,Beverages,1,5.49,5.49,Debit Card,Takeaway,4,,No,Sunny,,3.0,Mango,0.1984,22.45,17.79,Adequate,0.0396,Pending,Suburbs,1,45.0,Yes,2,3,Saturday,Sunday,5,25-34,Silver,5,5,2,4,1,0,2,1.0,2.142857142857143
ORD-10251,CUST-1331,2024-08-03,18:40,Saturday,31,8,Summer,Chicken Biryani,Rice Dishes,4,11.89,47.56,Online,Dine-In,25,11.0,Yes,Sunny,,4.0,Basmati Rice,1.196,38.62,15.43,Adequate,0.1031,Pending,Mall Branch,1,,No,2,9,Friday,Sunday,5,18-24,Platinum,8,5,2,4,0,1,0,1.0,2.142857142857143
ORD-10960,CUST-1046,2024-08-03,19:32,Saturday,31,8,Summer,Cheesecake,Desserts,3,5.09,15.27,Debit Card,Dine-In,3,9.0,Yes,Sunny,,5.0,Cream Cheese,0.3758,71.25,22.51,Adequate,0.0166,Completed,City Center,1,,No,1,3,Saturday,Saturday,5,25-34,Gold,2,5,2,4,0,1,4,1.0,2.4285714285714284
ORD-10276,CUST-1462,2024-08-04,21:36,Sunday,31,8,Summer,Double Cheeseburger,Burgers,5,11.49,57.45,Online,Dine-In,16,23.0,No,Hot,,5.0,Beef Patty,1.7725,98.81,32.04,Adequate,0.1165,Completed,Downtown,1,,No,1,5,Sunday,Saturday,6,45-54,Bronze,3,6,2,6,0,0,1,2.0,2.0
ORD-10200,CUST-1151,2024-08-04,20:32,Sunday,31,8,Summer,Shawarma Wrap,Wraps,3,9.99,29.97,Debit Card,Dine-In,7,8.0,No,Sunny,,,Chicken Breast,0.5771,42.39,25.67,Adequate,0.115,Cancelled,City Center,1,,No,2,4,Sunday,Saturday,6,55+,Bronze,4,6,2,4,0,0,4,3.0,2.0
ORD-10169,CUST-1266,2024-08-04,13:16,Sunday,31,8,Summer,BBQ Chicken Pizza,Pizza,2,15.99,31.98,Digital Wallet,Takeaway,25,,No,Hot,,,Pizza Dough,0.5754,81.96,30.28,Adequate,0.0262,Cancelled,Downtown,1,41.0,Yes,1,2,Monday,Saturday,6,45-54,Platinum,6,6,2,6,1,0,1,3.0,2.142857142857143
ORD-10089,CUST-1114,2024-08-04,16:34,Sunday,31,8,Summer,Mango Smoothie,Beverages,2,5.49,10.98,Online,Dine-In,3,13.0,No,Cloudy,,5.0,Mango,0.3986,71.04,22.94,Adequate,0.0564,Pending,Mall Branch,0,,No,2,3,Saturday,Sunday,6,55+,Platinum,5,6,2,3,0,0,0,1.0,2.2857142857142856
ORD-10436,CUST-1429,2024-08-04,10:47,Sunday,31,8,Summer,Onion Rings,Sides,3,4.49,13.47,Cash,Takeaway,8,,No,Sunny,,4.0,Onions,0.5475,110.73,24.04,Adequate,0.0165,Completed,Mall Branch,0,60.0,Yes,1,3,Sunday,Sunday,6,25-34,Platinum,9,6,2,4,1,0,0,4.0,1.4285714285714286
ORD-10368,CUST-1052,2024-08-04,10:21,Sunday,31,8,Summer,Greek Salad,Salads,2,8.49,16.98,Online,Dine-In,7,15.0,No,Cloudy,,3.0,Cucumber,0.2513,101.3,20.75,Adequate,0.0444,Completed,Downtown,0,,No,3,4,Saturday,Saturday,6,25-34,Platinum,7,6,2,3,0,0,1,1.0,2.0
ORD-10620,CUST-1307,2024-08-04,10:18,Sunday,31,8,Summer,Iced Coffee,Beverages,2,3.82,7.64,Digital Wallet,Dine-In,4,7.0,Yes,Sunny,,4.0,Coffee Beans,0.0346,79.39,15.77,Adequate,0.018,Completed,City Center,0,,Yes,1,2,Sunday,Saturday,6,35-44,Bronze,5,6,2,4,0,1,4,1.0,2.7142857142857144
ORD-10887,CUST-1029,2024-08-04,12:38,Sunday,31,8,Summer,Pepperoni Pizza,Pizza,1,12.32,12.32,Credit Card,Dine-In,15,22.0,Yes,Sunny,,2.0,Pizza Dough,0.2662,114.79,24.71,Adequate,0.0195,Completed,Suburbs,1,,Yes,1,1,Sunday,Sunday,6,55+,Bronze,6,6,2,4,0,1,2,1.0,2.5714285714285716
ORD-10444,CUST-1490,2024-08-05,12:57,Monday,32,8,Summer,Lemonade,Beverages,3,2.97,8.91,Cash,Dine-In,3,14.0,Yes,Hot,,,Lemons,0.2691,80.49,15.6,Adequate,0.0406,Completed,Airport,1,,Yes,3,8,Sunday,Saturday,0,45-54,Silver,5,0,2,6,0,1,3,2.0,2.4285714285714284
ORD-10810,CUST-1491,2024-08-05,18:32,Monday,32,8,Summer,Margherita Pizza,Pizza,4,12.99,51.96,Credit Card,Takeaway,22,,No,Hot,,3.0,Pizza Dough,1.1675,77.92,20.7,Adequate,0.0243,Pending,Downtown,1,43.0,No,2,5,Saturday,Saturday,0,45-54,Gold,6,0,2,6,1,0,1,1.0,3.4285714285714284
ORD-10946,CUST-1003,2024-08-06,11:06,Tuesday,32,8,Summer,Chicken Biryani,Rice Dishes,1,13.99,13.99,Digital Wallet,Dine-In,23,20.0,No,Sunny,,,Basmati Rice,0.2884,68.66,21.98,Adequate,0.0092,Completed,City Center,1,,Yes,1,1,Friday,Saturday,1,18-24,Platinum,8,1,2,4,0,0,4,2.0,2.0
ORD-10802,CUST-1347,2024-08-07,09:57,Wednesday,32,8,Summer,Tomato Soup,Soups,1,6.49,6.49,Cash,Takeaway,9,,No,Sunny,,,Tomatoes,0.3497,95.88,34.06,Adequate,0.0515,Cancelled,Suburbs,0,59.0,Yes,2,3,Saturday,Sunday,2,18-24,Silver,1,2,2,4,1,0,2,2.0,2.2857142857142856
ORD-10253,CUST-1196,2024-08-07,10:14,Wednesday,32,8,Summer,Margherita Pizza,Pizza,1,12.99,12.99,Digital Wallet,Dine-In,17,11.0,No,Sunny,,4.0,Pizza Dough,0.2849,68.07,20.22,Adequate,0.0107,Completed,Suburbs,0,,No,2,5,Saturday,Sunday,2,18-24,Bronze,6,2,2,4,0,0,2,4.0,3.0
ORD-10203,CUST-1469,2024-08-07,11:42,Wednesday,32,8,Summer,Tomato Soup,Soups,2,6.49,12.98,Credit Card,Takeaway,10,,No,Hot,,4.0,Tomatoes,0.7202,106.17,34.56,Adequate,0.0203,Completed,Downtown,1,37.0,No,2,3,Saturday,Saturday,2,45-54,Gold,1,2,2,6,1,0,1,3.0,2.142857142857143
ORD-10515,CUST-1142,2024-08-07,15:27,Wednesday,32,8,Summer,Ice Cream Sundae,Desserts,1,5.49,5.49,Online,Takeaway,5,,No,Sunny,,2.0,Ice Cream,0.1734,89.89,19.4,Adequate,0.024,Completed,Mall Branch,0,35.0,Yes,3,8,Wednesday,Sunday,2,35-44,Platinum,2,2,2,4,1,0,0,2.0,1.5714285714285714
ORD-10335,CUST-1474,2024-08-07,20:15,Wednesday,32,8,Summer,Classic Burger,Burgers,2,8.99,17.98,Credit Card,Takeaway,12,,No,Hot,,3.0,Beef Patty,0.3739,30.01,25.07,Adequate,0.0294,Pending,Suburbs,1,20.0,No,3,8,Monday,Sunday,2,18-24,Platinum,3,2,2,6,1,0,2,1.0,2.0
ORD-10554,CUST-1008,2024-08-08,11:14,Thursday,32,8,Summer,Lemonade,Beverages,2,3.49,6.98,Debit Card,Dine-In,2,18.0,No,Sunny,,1.0,Lemons,0.1825,21.98,17.72,Adequate,0.0733,Completed,Suburbs,1,,Yes,3,8,Sunday,Sunday,3,55+,Silver,5,3,2,4,0,0,2,4.0,2.142857142857143
ORD-10575,CUST-1019,2024-08-08,16:21,Thursday,32,8,Summer,Classic Burger,Burgers,2,8.99,17.98,Digital Wallet,Dine-In,9,1.0,No,Hot,,,Beef Patty,0.3542,33.64,25.17,Adequate,0.1056,Cancelled,City Center,0,,No,3,8,Monday,Saturday,3,55+,Silver,3,3,2,6,0,0,4,1.0,2.142857142857143
ORD-10664,CUST-1346,2024-08-08,16:44,Thursday,32,8,Summer,Shawarma Wrap,Wraps,1,9.99,9.99,Debit Card,Takeaway,7,,No,Sunny,,4.0,Chicken Breast,0.2035,47.9,18.19,Adequate,0.0221,Completed,City Center,0,35.0,Yes,2,2,Sunday,Saturday,3,18-24,Silver,4,3,2,4,1,0,4,2.0,1.8571428571428572
ORD-10382,CUST-1123,2024-08-09,18:35,Friday,32,8,Summer,Double Cheeseburger,Burgers,2,11.49,22.98,Digital Wallet,Takeaway,16,,No,Sunny,,4.0,Beef Patty,0.7209,45.55,25.78,Adequate,0.0535,Completed,City Center,1,40.0,Yes,1,2,Sunday,Saturday,4,45-54,Bronze,3,4,2,4,1,0,4,1.0,2.142857142857143
ORD-10790,CUST-1498,2024-08-09,16:42,Friday,32,8,Summer,Shawarma Wrap,Wraps,1,9.99,9.99,Cash,Dine-In,7,11.0,No,Hot,,3.0,Chicken Breast,0.2079,113.91,27.62,Adequate,0.0194,Pending,Airport,0,,Yes,2,2,Sunday,Saturday,4,55+,Gold,4,4,2,6,0,0,3,4.0,1.4285714285714286
ORD-10498,CUST-1444,2024-08-09,18:08,Friday,32,8,Summer,Pepperoni Pizza,Pizza,5,14.49,72.45,Digital Wallet,Dine-In,21,6.0,No,Sunny,,3.0,Pizza Dough,1.4442,113.48,32.92,Adequate,0.133,Completed,Mall Branch,1,,Yes,1,5,Sunday,Sunday,4,18-24,Bronze,6,4,2,4,0,0,0,2.0,3.0
ORD-10579,CUST-1481,2024-08-10,12:31,Saturday,32,8,Summer,Ice Cream Sundae,Desserts,4,5.49,21.96,Debit Card,Takeaway,3,,No,Hot,,4.0,Ice Cream,0.7095,39.03,30.0,Adequate,0.1547,Completed,City Center,1,35.0,Yes,3,8,Wednesday,Saturday,5,35-44,Platinum,2,5,2,6,1,0,4,1.0,2.0
ORD-10689,CUST-1023,2024-08-10,13:13,Saturday,32,8,Summer,French Fries,Sides,1,3.99,3.99,Credit Card,Dine-In,7,8.0,No,Sunny,,4.0,Potatoes,0.2152,100.22,34.05,Adequate,0.0376,Completed,Suburbs,1,,Yes,2,2,Saturday,Sunday,5,35-44,Bronze,9,5,2,4,0,0,2,4.0,1.4285714285714286
ORD-10059,CUST-1123,2024-08-10,14:41,Saturday,32,8,Summer,Classic Burger,Burgers,4,8.99,35.96,Online,Dine-In,11,4.0,No,Sunny,,4.0,Beef Patty,0.7551,113.39,17.64,Adequate,0.0712,Completed,Downtown,1,,Yes,3,8,Monday,Saturday,5,45-54,Bronze,3,5,2,4,0,0,1,1.0,2.5714285714285716
ORD-10952,CUST-1111,2024-08-10,15:10,Saturday,32,8,Summer,French Fries,Sides,1,3.99,3.99,Online,Dine-In,5,16.0,No,Hot,,3.0,Potatoes,0.2132,106.17,27.32,Adequate,0.0164,Completed,Downtown,0,,Yes,2,2,Saturday,Saturday,5,18-24,Silver,9,5,2,6,0,0,1,1.0,1.4285714285714286
ORD-10158,CUST-1133,2024-08-10,15:31,Saturday,32,8,Summer,Spaghetti Carbonara,Pasta,1,11.47,11.47,Online,Dine-In,13,29.0,Yes,Sunny,,5.0,Spaghetti,0.1716,26.37,23.61,Adequate,0.0092,Completed,City Center,0,,No,1,1,Friday,Saturday,5,55+,Gold,0,5,2,4,0,1,4,2.0,2.2857142857142856
ORD-10494,CUST-1118,2024-08-10,18:49,Saturday,32,8,Summer,Ice Cream Sundae,Desserts,3,5.49,16.47,Cash,Takeaway,3,,No,Sunny,,5.0,Ice Cream,0.5152,82.33,25.67,Adequate,0.1056,Pending,Suburbs,1,43.0,Yes,3,8,Wednesday,Sunday,5,25-34,Platinum,2,5,2,4,1,0,2,2.0,2.142857142857143
ORD-10437,CUST-1377,2024-08-11,19:05,Sunday,32,8,Summer,BBQ Chicken Pizza,Pizza,4,15.99,63.96,Digital Wallet,Takeaway,25,,No,Cloudy,,,Pizza Dough,1.1346,36.69,17.11,Adequate,0.0372,Cancelled,City Center,1,21.0,No,1,4,Monday,Saturday,6,45-54,Bronze,6,6,2,3,1,0,4,1.0,2.5714285714285716
ORD-10666,CUST-1411,2024-08-11,10:53,Sunday,32,8,Summer,Mango Smoothie,Beverages,2,5.49,10.98,Digital Wallet,Dine-In,3,2.0,No,Hot,,5.0,Mango,0.4052,96.5,32.63,Adequate,0.0118,Completed,Suburbs,0,,Yes,2,3,Saturday,Sunday,6,25-34,Bronze,5,6,2,6,0,0,2,1.0,2.4285714285714284
ORD-10963,CUST-1150,2024-08-11,11:47,Sunday,32,8,Summer,Mango Smoothie,Beverages,1,4.67,4.67,Debit Card,Takeaway,4,,Yes,Cloudy,,5.0,Mango,0.2058,47.47,32.0,Adequate,0.0341,Completed,Downtown,1,38.0,Yes,2,3,Saturday,Saturday,6,55+,Platinum,5,6,2,3,1,1,1,2.0,2.2857142857142856
ORD-10574,CUST-1090,2024-08-11,16:49,Sunday,32,8,Summer,Lemonade,Beverages,3,2.97,8.91,Cash,Dine-In,3,18.0,Yes,Hot,,3.0,Lemons,0.2658,64.98,19.08,Adequate,0.0321,Completed,Airport,0,,Yes,3,8,Sunday,Saturday,6,55+,Bronze,5,6,2,6,0,1,3,3.0,2.142857142857143
ORD-10113,CUST-1398,2024-08-12,16:09,Monday,33,8,Summer,Shawarma Wrap,Wraps,2,8.49,16.98,Online,Dine-In,12,6.0,Yes,Sunny,,4.0,Chicken Breast,0.3965,65.09,18.58,Adequate,0.0727,Completed,Suburbs,0,,No,3,10,Sunday,Sunday,0,25-34,Bronze,4,0,2,4,0,1,2,1.0,1.5714285714285714
ORD-10651,CUST-1069,2024-08-12,15:58,Monday,33,8,Summer,Margherita Pizza,Pizza,1,12.99,12.99,Digital Wallet,Dine-In,15,20.0,No,Hot,,5.0,Pizza Dough,0.2858,95.59,20.14,Adequate,0.005,Completed,Downtown,0,,Yes,2,2,Saturday,Saturday,0,45-54,Bronze,6,0,2,6,0,0,1,2.0,2.857142857142857
ORD-10478,CUST-1413,2024-08-12,15:41,Monday,33,8,Summer,French Fries,Sides,1,3.99,3.99,Debit Card,Dine-In,6,20.0,No,Hot,,,Potatoes,0.2194,40.52,23.29,Adequate,0.0411,Cancelled,Suburbs,0,,Yes,1,1,Saturday,Sunday,0,45-54,Platinum,9,0,2,6,0,0,2,3.0,1.1428571428571428
ORD-10274,CUST-1200,2024-08-12,10:26,Monday,33,8,Summer,Veggie Burger,Burgers,2,8.07,16.14,Cash,Takeaway,9,,Yes,Cloudy,,,Veggie Patty,0.3363,39.34,31.69,Adequate,0.1084,Cancelled,Suburbs,0,35.0,Yes,2,4,Saturday,Sunday,0,35-44,Bronze,3,0,2,3,1,1,2,3.0,1.7142857142857142
ORD-10095,CUST-1342,2024-08-13,13:41,Tuesday,33,8,Summer,Classic Burger,Burgers,1,8.99,8.99,Online,Takeaway,12,,No,Hot,,4.0,Beef Patty,0.1875,74.96,29.52,Adequate,0.0172,Completed,Downtown,1,42.0,No,1,1,Monday,Saturday,1,18-24,Platinum,3,1,2,6,1,0,1,2.0,2.4285714285714284
ORD-10860,CUST-1209,2024-08-14,18:47,Wednesday,33,8,Summer,Iced Coffee,Beverages,1,3.82,3.82,Online,Dine-In,3,2.0,Yes,Sunny,,2.0,Coffee Beans,0.0181,51.76,25.95,Adequate,0.0323,Completed,Mall Branch,1,,Yes,1,1,Sunday,Sunday,2,18-24,Gold,5,2,2,4,0,1,0,5.0,2.142857142857143
ORD-10885,CUST-1027,2024-08-14,20:07,Wednesday,33,8,Summer,Shawarma Wrap,Wraps,4,9.99,39.96,Cash,Dine-In,10,21.0,No,Sunny,,5.0,Chicken Breast,0.7957,57.24,27.49,Adequate,0.1379,Completed,Mall Branch,1,,No,3,10,Sunday,Sunday,2,45-54,Gold,4,2,2,4,0,0,0,1.0,2.0
ORD-10327,CUST-1285,2024-08-15,17:44,Thursday,33,8,Summer,Double Cheeseburger,Burgers,5,11.49,57.45,Cash,Takeaway,13,,No,Sunny,,,Beef Patty,1.768,56.89,33.0,Adequate,0.0811,Cancelled,Suburbs,0,51.0,Yes,2,8,Sunday,Sunday,3,25-34,Gold,3,3,2,4,1,0,2,4.0,2.2857142857142856
ORD-10078,CUST-1254,2024-08-16,15:57,Friday,33,8,Summer,Double Cheeseburger,Burgers,3,9.77,29.31,Credit Card,Dine-In,10,4.0,Yes,Hot,,4.0,Beef Patty,1.1311,55.79,23.2,Adequate,0.0726,Completed,City Center,0,,No,2,8,Sunday,Saturday,4,45-54,Platinum,3,4,2,6,0,1,4,1.0,2.5714285714285716
ORD-10285,CUST-1461,2024-08-17,18:28,Saturday,33,8,Summer,Veggie Burger,Burgers,2,8.07,16.14,Debit Card,Dine-In,13,6.0,Yes,Sunny,,,Veggie Patty,0.3292,52.74,33.87,Adequate,0.0841,Cancelled,Downtown,1,,No,2,4,Saturday,Saturday,5,55+,Bronze,3,5,2,4,0,1,1,4.0,1.4285714285714286
ORD-10635,CUST-1154,2024-08-17,19:59,Saturday,33,8,Summer,Margherita Pizza,Pizza,1,12.99,12.99,Digital Wallet,Takeaway,21,,No,Sunny,,,Pizza Dough,0.2873,44.83,33.44,Adequate,0.0319,Cancelled,Airport,1,36.0,Yes,2,2,Saturday,Saturday,5,25-34,Gold,6,5,2,4,1,0,3,1.0,2.857142857142857
ORD-10784,CUST-1440,2024-08-17,10:53,Saturday,33,8,Summer,Pepperoni Pizza,Pizza,1,14.49,14.49,Debit Card,Dine-In,17,12.0,No,Hot,,3.0,Pizza Dough,0.2813,33.88,29.72,Adequate,0.0299,Completed,Downtown,0,,Yes,1,1,Sunday,Saturday,5,35-44,Gold,6,5,2,6,0,0,1,2.0,2.857142857142857
ORD-10741,CUST-1234,2024-08-17,18:09,Saturday,33,8,Summer,Shawarma Wrap,Wraps,4,9.99,39.96,Online,Dine-In,7,13.0,No,Hot,,4.0,Chicken Breast,0.8331,51.22,20.46,Adequate,0.1595,Pending,Downtown,1,,Yes,3,10,Sunday,Saturday,5,25-34,Platinum,4,5,2,6,0,0,1,2.0,2.2857142857142856
ORD-10157,CUST-1249,2024-08-18,22:54,Sunday,33,8,Summer,Falafel Wrap,Wraps,2,8.49,16.98,Online,Takeaway,9,,No,Hot,,5.0,Chickpeas,0.2725,26.07,15.38,Adequate,0.0487,Completed,Suburbs,0,22.0,No,1,2,Monday,Sunday,6,45-54,Gold,4,6,2,6,1,0,2,5.0,2.2857142857142856
ORD-10133,CUST-1277,2024-08-19,10:57,Monday,34,8,Summer,Caesar Salad,Salads,2,8.99,17.98,Debit Card,Takeaway,5,,No,Cloudy,,5.0,Romaine Lettuce,0.519,93.58,16.1,Adequate,0.0178,Completed,City Center,0,59.0,No,1,2,Tuesday,Saturday,0,45-54,Platinum,7,0,2,3,1,0,4,1.0,1.5714285714285714
ORD-10378,CUST-1060,2024-08-19,13:59,Monday,34,8,Summer,Classic Burger,Burgers,2,8.99,17.98,Digital Wallet,Dine-In,10,6.0,No,Hot,,5.0,Beef Patty,0.3574,108.14,28.88,Adequate,0.0381,Completed,Suburbs,1,,No,3,7,Monday,Sunday,0,45-54,Bronze,3,0,2,6,0,0,2,2.0,2.4285714285714284
ORD-10993,CUST-1168,2024-08-20,12:29,Tuesday,34,8,Summer,Classic Burger,Burgers,3,8.99,26.97,Cash,Dine-In,14,2.0,No,Cloudy,,5.0,Beef Patty,0.5152,80.34,21.7,Adequate,0.0219,Completed,Suburbs,1,,Yes,3,7,Monday,Sunday,1,18-24,Gold,3,1,2,3,0,0,2,5.0,2.142857142857143
ORD-10472,CUST-1004,2024-08-21,13:50,Wednesday,34,8,Summer,Onion Rings,Sides,1,3.82,3.82,Digital Wallet,Dine-In,6,12.0,Yes,Sunny,,,Onions,0.1743,92.93,28.27,Adequate,0.0441,Cancelled,City Center,1,,Yes,1,1,Sunday,Saturday,2,55+,Bronze,9,2,2,4,0,1,4,1.0,1.4285714285714286
ORD-10083,CUST-1457,2024-08-21,18:35,Wednesday,34,8,Summer,Falafel Wrap,Wraps,2,8.49,16.98,Cash,Dine-In,8,24.0,No,Hot,,5.0,Chickpeas,0.2806,22.53,17.91,Adequate,0.0287,Pending,Downtown,1,,No,2,5,Monday,Saturday,2,55+,Platinum,4,2,2,6,0,0,1,3.0,2.142857142857143
ORD-10591,CUST-1294,2024-08-22,17:25,Thursday,34,8,Summer,BBQ Chicken Pizza,Pizza,3,15.99,47.97,Digital Wallet,Takeaway,21,,No,Hot,,4.0,Pizza Dough,0.8174,83.62,16.62,Adequate,0.1092,Completed,Downtown,0,37.0,Yes,2,5,Monday,Saturday,3,18-24,Gold,6,3,2,6,1,0,1,2.0,2.7142857142857144
ORD-10036,CUST-1152,2024-08-22,17:18,Thursday,34,8,Summer,Greek Salad,Salads,1,8.49,8.49,Debit Card,Takeaway,7,,No,Sunny,,3.0,Cucumber,0.1198,40.4,27.13,Adequate,0.0307,Completed,Suburbs,0,45.0,No,3,5,Saturday,Sunday,3,18-24,Bronze,7,3,2,4,1,0,2,2.0,1.8571428571428572
ORD-10171,CUST-1436,2024-08-22,10:12,Thursday,34,8,Summer,Greek Salad,Salads,2,8.49,16.98,Cash,Dine-In,8,11.0,No,Sunny,,4.0,Cucumber,0.2359,30.48,32.52,Low Stock,0.0254,Completed,Suburbs,0,,No,3,5,Saturday,Sunday,3,55+,Bronze,7,3,2,4,0,0,2,2.0,1.8571428571428572
ORD-10022,CUST-1283,2024-08-22,10:21,Thursday,34,8,Summer,Pepperoni Pizza,Pizza,1,14.49,14.49,Debit Card,Dine-In,17,25.0,No,Cloudy,,5.0,Pizza Dough,0.2877,98.86,26.92,Adequate,0.0396,Completed,Airport,0,,No,1,1,Sunday,Saturday,3,45-54,Silver,6,3,2,3,0,0,3,2.0,2.7142857142857144
ORD-10000,CUST-1216,2024-08-22,12:14,Thursday,34,8,Summer,Margherita Pizza,Pizza,1,12.99,12.99,Online,Dine-In,21,19.0,No,Sunny,,3.0,Pizza Dough,0.2667,39.88,28.0,Adequate,0.0127,Completed,City Center,1,,No,2,2,Saturday,Saturday,3,45-54,Platinum,6,3,2,4,0,0,4,5.0,2.2857142857142856
ORD-10747,CUST-1107,2024-08-23,11:04,Friday,34,8,Summer,BBQ Chicken Pizza,Pizza,2,15.99,31.98,Debit Card,Takeaway,20,,No,Hot,,4.0,Pizza Dough,0.5692,45.58,29.48,Adequate,0.0191,Completed,Airport,1,20.0,Yes,2,5,Monday,Saturday,4,45-54,Silver,6,4,2,6,1,0,3,2.0,2.7142857142857144
ORD-10426,CUST-1359,2024-08-23,12:42,Friday,34,8,Summer,Falafel Wrap,Wraps,3,7.22,21.66,Debit Card,Takeaway,11,,Yes,Hot,,5.0,Chickpeas,0.4214,96.37,27.23,Adequate,0.1021,Completed,Suburbs,1,29.0,No,2,5,Monday,Sunday,4,18-24,Silver,4,4,2,6,1,1,2,1.0,2.4285714285714284
ORD-10645,CUST-1164,2024-08-23,16:13,Friday,34,8,Summer,Lamb Biryani,Rice Dishes,1,16.49,16.49,Debit Card,Takeaway,30,,No,Sunny,,3.0,Basmati Rice,0.3026,54.01,34.08,Adequate,0.0318,Completed,City Center,0,52.0,No,1,1,Saturday,Saturday,4,18-24,Gold,8,4,2,4,1,0,4,1.0,1.5714285714285714
ORD-10985,CUST-1338,2024-08-24,10:41,Saturday,34,8,Summer,Double Cheeseburger,Burgers,2,11.49,22.98,Credit Card,Dine-In,16,21.0,No,Hot,,,Beef Patty,0.7293,102.83,25.13,Adequate,0.0447,Cancelled,Downtown,0,,Yes,3,9,Sunday,Saturday,5,18-24,Silver,3,5,2,6,0,0,1,1.0,2.7142857142857144
ORD-10346,CUST-1259,2024-08-24,11:06,Saturday,34,8,Summer,Greek Salad,Salads,2,8.49,16.98,Digital Wallet,Takeaway,7,,No,Hot,,5.0,Cucumber,0.2349,38.18,15.32,Adequate,0.0508,Completed,Airport,1,23.0,Yes,3,5,Saturday,Saturday,5,45-54,Silver,7,5,2,6,1,0,3,1.0,2.0
ORD-10341,CUST-1369,2024-08-24,12:19,Saturday,34,8,Summer,Margherita Pizza,Pizza,1,12.99,12.99,Debit Card,Takeaway,16,,No,Hot,,,Pizza Dough,0.2781,30.41,34.22,Low Stock,0.0296,Cancelled,City Center,1,43.0,Yes,2,2,Saturday,Saturday,5,55+,Silver,6,5,2,6,1,0,4,4.0,1.8571428571428572
ORD-10550,CUST-1349,2024-08-24,13:17,Saturday,34,8,Summer,Classic Burger,Burgers,2,8.99,17.98,Cash,Takeaway,9,,No,Cloudy,,2.0,Beef Patty,0.3674,83.34,23.34,Adequate,0.0639,Completed,Airport,1,59.0,No,3,7,Monday,Saturday,5,55+,Bronze,3,5,2,3,1,0,3,1.0,2.2857142857142856
ORD-10807,CUST-1407,2024-08-25,10:06,Sunday,34,8,Summer,Double Cheeseburger,Burgers,4,11.49,45.96,Online,Dine-In,12,16.0,No,Hot,,3.0,Beef Patty,1.429,59.32,22.85,Adequate,0.0872,Completed,Suburbs,0,,Yes,3,9,Sunday,Sunday,6,25-34,Gold,3,6,2,6,0,0,2,1.0,3.142857142857143
ORD-10060,CUST-1059,2024-08-25,12:27,Sunday,34,8,Summer,Iced Coffee,Beverages,3,3.82,11.46,Credit Card,Dine-In,3,14.0,Yes,Hot,,4.0,Coffee Beans,0.0519,90.79,29.03,Adequate,0.1151,Completed,Mall Branch,1,,No,1,3,Sunday,Sunday,6,35-44,Silver,5,6,2,6,0,1,0,2.0,2.2857142857142856
ORD-10365,CUST-1011,2024-08-25,12:33,Sunday,34,8,Summer,Double Cheeseburger,Burgers,3,11.49,34.47,Cash,Dine-In,14,10.0,No,Hot,,,Beef Patty,1.0935,34.06,21.74,Adequate,0.1187,Cancelled,Suburbs,1,,No,3,9,Sunday,Sunday,6,55+,Silver,3,6,2,6,0,0,2,1.0,3.4285714285714284
ORD-10108,CUST-1473,2024-08-26,17:47,Monday,35,8,Summer,French Fries,Sides,1,3.99,3.99,Cash,Dine-In,7,22.0,No,Sunny,,4.0,Potatoes,0.2167,52.07,26.88,Adequate,0.0109,Completed,Airport,0,,No,3,5,Saturday,Saturday,0,25-34,Bronze,9,0,2,4,0,0,3,1.0,1.1428571428571428
ORD-10445,CUST-1380,2024-08-27,11:01,Tuesday,35,8,Summer,Lemonade,Beverages,1,3.49,3.49,Digital Wallet,Takeaway,2,,No,Sunny,,4.0,Lemons,0.087,100.77,34.29,Adequate,0.0209,Completed,City Center,1,37.0,No,1,1,Sunday,Saturday,1,18-24,Gold,5,1,2,4,1,0,4,2.0,2.0
ORD-10817,CUST-1052,2024-08-27,17:03,Tuesday,35,8,Summer,Greek Salad,Salads,3,8.49,25.47,Credit Card,Dine-In,7,30.0,No,Cloudy,,,Cucumber,0.3685,67.63,19.99,Adequate,0.032,Cancelled,Airport,0,,Yes,1,3,Saturday,Saturday,1,25-34,Platinum,7,1,2,3,0,0,3,5.0,1.7142857142857142
ORD-10603,CUST-1152,2024-08-28,13:36,Wednesday,35,8,Summer,Pepperoni Pizza,Pizza,1,14.49,14.49,Digital Wallet,Dine-In,15,28.0,No,Sunny,,4.0,Pizza Dough,0.2791,30.92,27.26,Adequate,0.0163,Completed,Suburbs,1,,Yes,1,1,Sunday,Sunday,2,18-24,Bronze,6,2,2,4,0,0,2,3.0,2.4285714285714284
ORD-10156,CUST-1411,2024-08-28,18:19,Wednesday,35,8,Summer,Caesar Salad,Salads,5,8.99,44.95,Cash,Takeaway,6,,No,Hot,,1.0,Romaine Lettuce,1.2895,89.6,18.76,Adequate,0.1092,Completed,Downtown,1,45.0,No,1,5,Tuesday,Saturday,2,25-34,Bronze,7,2,2,6,1,0,1,2.0,2.0
ORD-10184,CUST-1397,2024-08-29,12:26,Thursday,35,8,Summer,Iced Coffee,Beverages,4,4.49,17.96,Debit Card,Dine-In,2,19.0,No,Sunny,,,Coffee Beans,0.0703,40.95,29.97,Adequate,0.2215,Cancelled,Mall Branch,1,,No,1,4,Sunday,Sunday,3,25-34,Platinum,5,3,2,4,0,0,0,3.0,2.4285714285714284
ORD-10631,CUST-1102,2024-08-29,15:05,Thursday,35,8,Summer,BBQ Chicken Pizza,Pizza,1,15.99,15.99,Digital Wallet,Dine-In,16,19.0,No,Sunny,,,Pizza Dough,0.2917,59.05,33.74,Adequate,0.0249,Cancelled,Suburbs,0,,Yes,2,3,Monday,Sunday,3,35-44,Silver,6,3,2,4,0,0,2,1.0,2.7142857142857144
ORD-10420,CUST-1163,2024-08-29,19:47,Thursday,35,8,Summer,Penne Arrabbiata,Pasta,1,11.99,11.99,Cash,Takeaway,15,,No,Sunny,,,Penne Pasta,0.1874,76.72,15.35,Adequate,0.0241,Cancelled,Mall Branch,1,50.0,Yes,3,4,Saturday,Sunday,3,35-44,Gold,0,3,2,4,1,0,0,1.0,1.1428571428571428
ORD-10146,CUST-1478,2024-08-30,20:17,Friday,35,8,Summer,Ice Cream Sundae,Desserts,2,5.49,10.98,Debit Card,Takeaway,4,,No,Hot,,4.0,Ice Cream,0.3586,44.04,29.93,Adequate,0.0387,Completed,Airport,1,47.0,No,1,2,Wednesday,Saturday,4,25-34,Silver,2,4,2,6,1,0,3,1.0,2.2857142857142856
ORD-10308,CUST-1211,2024-08-31,22:23,Saturday,35,8,Summer,French Fries,Sides,2,3.99,7.98,Cash,Takeaway,7,,No,Sunny,,,Potatoes,0.4245,33.32,29.03,Adequate,0.0142,Completed,Mall Branch,0,57.0,Yes,3,5,Saturday,Sunday,5,35-44,Bronze,9,5,2,4,1,0,0,1.0,1.2857142857142858
ORD-10153,CUST-1255,2024-08-31,22:00,Saturday,35,8,Summer,French Fries,Sides,2,3.99,7.98,Digital Wallet,Dine-In,7,25.0,No,Sunny,,,Potatoes,0.4191,88.13,28.61,Adequate,0.0719,Cancelled,Airport,0,,No,3,5,Saturday,Saturday,5,25-34,Bronze,9,5,2,4,0,0,3,2.0,1.2857142857142858
ORD-10555,CUST-1252,2024-08-31,19:43,Saturday,35,8,Summer,Hot Coffee,Beverages,2,2.97,5.94,Debit Card,Dine-In,3,29.0,Yes,Hot,,,Coffee Beans,0.0365,45.32,22.45,Adequate,0.085,Cancelled,Airport,1,,No,3,7,Saturday,Saturday,5,35-44,Platinum,5,5,2,6,0,1,3,1.0,2.0
ORD-10715,CUST-1028,2024-08-31,18:48,Saturday,35,8,Summer,Cheesecake,Desserts,4,5.99,23.96,Debit Card,Dine-In,4,30.0,No,Hot,,5.0,Cream Cheese,0.4832,111.0,16.12,Adequate,0.0943,Completed,Downtown,1,,Yes,2,6,Saturday,Saturday,5,18-24,Silver,2,5,2,6,0,0,1,1.0,2.857142857142857
ORD-10926,CUST-1439,2024-08-31,19:21,Saturday,35,8,Summer,Mango Smoothie,Beverages,4,5.49,21.96,Credit Card,Dine-In,4,4.0,No,Hot,,2.0,Mango,0.8242,100.18,30.72,Adequate,0.094,Completed,Downtown,1,,Yes,2,7,Saturday,Saturday,5,55+,Bronze,5,5,2,6,0,0,1,5.0,2.142857142857143
ORD-10903,CUST-1378,2024-08-31,15:07,Saturday,35,8,Summer,Hot Coffee,Beverages,3,3.49,10.47,Digital Wallet,Dine-In,2,4.0,No,Hot,,4.0,Coffee Beans,0.0529,75.81,30.77,Adequate,0.0538,Completed,Downtown,0,,Yes,3,7,Saturday,Saturday,5,45-54,Platinum,5,5,2,6,0,0,1,2.0,2.142857142857143
ORD-10893,CUST-1164,2024-08-31,16:51,Saturday,35,8,Summer,BBQ Chicken Pizza,Pizza,2,15.99,31.98,Credit Card,Dine-In,24,2.0,No,Hot,,4.0,Pizza Dough,0.5376,73.8,17.45,Adequate,0.05,Completed,City Center,0,,Yes,2,3,Monday,Saturday,5,18-24,Gold,6,5,2,6,0,0,4,4.0,2.4285714285714284
ORD-10995,CUST-1316,2024-08-31,13:46,Saturday,35,8,Summer,Penne Arrabbiata,Pasta,2,11.99,23.98,Cash,Dine-In,14,26.0,No,Hot,,5.0,Penne Pasta,0.3721,93.61,27.8,Adequate,0.0236,Completed,Suburbs,1,,Yes,3,4,Saturday,Sunday,5,18-24,Bronze,0,5,2,6,0,0,2,1.0,1.2857142857142858
ORD-10552,CUST-1088,2024-08-31,10:41,Saturday,35,8,Summer,Lamb Biryani,Rice Dishes,3,16.49,49.47,Credit Card,Dine-In,27,13.0,No,Sunny,,4.0,Basmati Rice,0.9013,89.11,15.22,Adequate,0.0826,Completed,Suburbs,0,,No,1,3,Saturday,Sunday,5,55+,Gold,8,5,2,4,0,0,2,4.0,1.4285714285714286
ORD-10186,CUST-1371,2024-08-31,10:22,Saturday,35,8,Summer,Mango Smoothie,Beverages,3,4.67,14.01,Credit Card,Takeaway,4,,Yes,Sunny,,1.0,Mango,0.6221,47.95,28.99,Adequate,0.0625,Pending,Downtown,0,45.0,No,2,7,Saturday,Saturday,5,55+,Bronze,5,5,2,4,1,1,1,3.0,2.142857142857143
ORD-10191,CUST-1092,2024-09-01,08:36,Sunday,35,9,Autumn,Cheesecake,Desserts,2,5.99,11.98,Online,Dine-In,3,19.0,No,Cloudy,,5.0,Cream Cheese,0.2417,29.94,16.27,Adequate,0.0384,Completed,Airport,0,,No,2,6,Saturday,Saturday,6,45-54,Platinum,2,6,3,3,0,0,3,2.0,2.857142857142857
ORD-10886,CUST-1029,2024-09-01,09:35,Sunday,35,9,Autumn,Tomato Soup,Soups,2,6.49,12.98,Online,Dine-In,12,11.0,No,Rainy,,,Tomatoes,0.716,73.49,24.84,Adequate,0.0888,Cancelled,Mall Branch,0,,No,2,4,Saturday,Sunday,6,55+,Bronze,1,6,3,2,0,0,0,2.0,2.142857142857143
ORD-10787,CUST-1322,2024-09-01,13:51,Sunday,35,9,Autumn,Hot Coffee,Beverages,2,3.49,6.98,Cash,Dine-In,3,7.0,No,Sunny,,5.0,Coffee Beans,0.0372,64.78,28.2,Adequate,0.0544,Completed,Airport,1,,Yes,3,7,Saturday,Saturday,6,35-44,Platinum,5,6,3,4,0,0,3,2.0,2.142857142857143
ORD-10524,CUST-1344,2024-09-01,14:58,Sunday,35,9,Autumn,Penne Arrabbiata,Pasta,1,11.99,11.99,Digital Wallet,Takeaway,12,,No,Sunny,,4.0,Penne Pasta,0.1769,80.01,15.66,Adequate,0.0109,Completed,Mall Branch,1,48.0,Yes,3,4,Saturday,Sunday,6,55+,Silver,0,6,3,4,1,0,0,1.0,1.2857142857142858
ORD-10505,CUST-1449,2024-09-01,18:40,Sunday,35,9,Autumn,Classic Burger,Burgers,2,8.99,17.98,Online,Takeaway,10,,No,Sunny,,4.0,Beef Patty,0.362,30.95,22.25,Adequate,0.0469,Completed,Mall Branch,1,56.0,Yes,1,2,Monday,Sunday,6,35-44,Bronze,3,6,3,4,1,0,0,2.0,2.2857142857142856
ORD-10392,CUST-1440,2024-09-01,19:50,Sunday,35,9,Autumn,Tomato Soup,Soups,2,6.49,12.98,Credit Card,Dine-In,10,6.0,No,Sunny,,5.0,Tomatoes,0.6874,53.73,32.26,Adequate,0.0777,Completed,Downtown,1,,Yes,2,4,Saturday,Saturday,6,35-44,Gold,1,6,3,4,0,0,1,2.0,2.142857142857143
ORD-10416,CUST-1312,2024-09-02,15:59,Monday,36,9,Autumn,Greek Salad,Salads,2,8.49,16.98,Cash,Takeaway,6,,No,Cloudy,,3.0,Cucumber,0.2322,84.18,19.21,Adequate,0.0737,Completed,Downtown,0,59.0,No,2,3,Saturday,Saturday,0,45-54,Gold,7,0,3,3,1,0,1,1.0,1.8571428571428572
ORD-10914,CUST-1323,2024-09-02,16:01,Monday,36,9,Autumn,Penne Arrabbiata,Pasta,3,11.99,35.97,Cash,Dine-In,16,6.0,No,Cloudy,,4.0,Penne Pasta,0.5666,64.29,19.34,Adequate,0.0215,Completed,Suburbs,0,,No,1,3,Saturday,Sunday,0,25-34,Platinum,0,0,3,3,0,0,2,1.0,1.5714285714285714
ORD-10462,CUST-1457,2024-09-02,11:11,Monday,36,9,Autumn,BBQ Chicken Pizza,Pizza,3,15.99,47.97,Digital Wallet,Dine-In,22,5.0,No,Cloudy,,5.0,Pizza Dough,0.8357,62.86,17.72,Adequate,0.0867,Completed,Downtown,1,,Yes,4,8,Monday,Saturday,0,55+,Platinum,6,0,3,3,0,0,1,3.0,2.4285714285714284
ORD-10779,CUST-1290,2024-09-02,11:40,Monday,36,9,Autumn,BBQ Chicken Pizza,Pizza,1,15.99,15.99,Debit Card,Takeaway,19,,No,Cloudy,,4.0,Pizza Dough,0.2885,87.69,28.35,Adequate,0.0261,Completed,Suburbs,1,39.0,Yes,4,8,Monday,Sunday,0,45-54,Gold,6,0,3,3,1,0,2,2.0,2.2857142857142856
ORD-10599,CUST-1304,2024-09-04,11:27,Wednesday,36,9,Autumn,Chicken Biryani,Rice Dishes,1,13.99,13.99,Credit Card,Takeaway,21,,No,Cloudy,,4.0,Basmati Rice,0.301,41.44,30.58,Adequate,0.033,Completed,Mall Branch,1,53.0,Yes,1,1,Friday,Sunday,2,35-44,Silver,8,2,3,3,1,0,0,1.0,2.0
ORD-10891,CUST-1475,2024-09-04,13:01,Wednesday,36,9,Autumn,Pepperoni Pizza,Pizza,1,14.49,14.49,Digital Wallet,Dine-In,18,27.0,No,Cloudy,,4.0,Pizza Dough,0.2851,68.1,31.08,Adequate,0.0336,Pending,Suburbs,1,,Yes,2,6,Sunday,Sunday,2,55+,Gold,6,2,3,3,0,0,2,4.0,2.0
ORD-10170,CUST-1430,2024-09-04,16:37,Wednesday,36,9,Autumn,Margherita Pizza,Pizza,1,12.99,12.99,Credit Card,Dine-In,18,26.0,No,Sunny,,4.0,Pizza Dough,0.276,68.14,27.42,Adequate,0.0098,Completed,Airport,0,,No,4,5,Saturday,Saturday,2,25-34,Silver,6,2,3,4,0,0,3,4.0,1.4285714285714286
ORD-10091,CUST-1068,2024-09-04,17:41,Wednesday,36,9,Autumn,Mushroom Soup,Soups,1,5.94,5.94,Online,Dine-In,11,6.0,Yes,Cloudy,,,Mushrooms,0.2894,36.63,33.45,Adequate,0.026,Completed,City Center,0,,Yes,1,1,Sunday,Saturday,2,25-34,Bronze,1,2,3,3,0,1,4,1.0,1.7142857142857142
ORD-10643,CUST-1440,2024-09-04,19:43,Wednesday,36,9,Autumn,BBQ Chicken Pizza,Pizza,3,15.99,47.97,Online,Takeaway,23,,No,Rainy,,5.0,Pizza Dough,0.8629,45.82,19.7,Adequate,0.0566,Completed,City Center,1,55.0,Yes,4,8,Monday,Saturday,2,35-44,Gold,6,2,3,2,1,0,4,4.0,2.142857142857143
ORD-10064,CUST-1236,2024-09-05,22:01,Thursday,36,9,Autumn,Chocolate Lava Cake,Desserts,4,6.99,27.96,Digital Wallet,Dine-In,12,4.0,No,Sunny,,3.0,Chocolate,0.2893,118.26,17.61,Adequate,0.1161,Completed,Downtown,0,,Yes,1,4,Friday,Saturday,3,35-44,Gold,2,3,3,4,0,0,1,2.0,2.857142857142857
ORD-10172,CUST-1338,2024-09-05,18:07,Thursday,36,9,Autumn,BBQ Chicken Pizza,Pizza,1,15.99,15.99,Credit Card,Dine-In,18,12.0,No,Cloudy,,5.0,Pizza Dough,0.2907,107.84,16.31,Adequate,0.0328,Completed,City Center,1,,Yes,4,8,Monday,Saturday,3,18-24,Silver,6,3,3,3,0,0,4,3.0,1.8571428571428572
ORD-10033,CUST-1078,2024-09-05,11:15,Thursday,36,9,Autumn,Caesar Salad,Salads,1,8.99,8.99,Online,Dine-In,7,20.0,No,Cloudy,,,Romaine Lettuce,0.2468,96.31,26.48,Adequate,0.0265,Cancelled,Airport,1,,No,1,1,Tuesday,Saturday,3,45-54,Bronze,7,3,3,3,0,0,3,1.0,2.0
ORD-10648,CUST-1243,2024-09-05,10:37,Thursday,36,9,Autumn,Hot Coffee,Beverages,1,3.49,3.49,Credit Card,Dine-In,4,20.0,No,Sunny,,4.0,Coffee Beans,0.0181,39.36,19.75,Adequate,0.0307,Pending,Downtown,0,,Yes,1,1,Saturday,Saturday,3,55+,Bronze,5,3,3,4,0,0,1,1.0,2.142857142857143
ORD-10117,CUST-1143,2024-09-05,08:36,Thursday,36,9,Autumn,French Fries,Sides,3,3.99,11.97,Online,Dine-In,5,5.0,No,Cloudy,,4.0,Potatoes,0.6826,77.1,22.79,Adequate,0.1058,Pending,City Center,0,,No,1,3,Saturday,Saturday,3,18-24,Platinum,9,3,3,3,0,0,4,1.0,1.5714285714285714
ORD-10685,CUST-1191,2024-09-05,11:13,Thursday,36,9,Autumn,Classic Burger,Burgers,1,8.99,8.99,Cash,Dine-In,9,17.0,No,Cloudy,,,Beef Patty,0.1884,99.79,30.59,Adequate,0.0232,Cancelled,Suburbs,1,,Yes,3,7,Monday,Sunday,3,45-54,Gold,3,3,3,3,0,0,2,2.0,2.142857142857143
ORD-10945,CUST-1246,2024-09-06,12:36,Friday,36,9,Autumn,Classic Burger,Burgers,3,8.99,26.97,Online,Takeaway,10,,No,Cloudy,,3.0,Beef Patty,0.5602,21.94,15.23,Adequate,0.0257,Completed,Airport,1,43.0,Yes,3,7,Monday,Saturday,4,55+,Bronze,3,4,3,3,1,0,3,4.0,2.0
ORD-10289,CUST-1378,2024-09-06,17:36,Friday,36,9,Autumn,Greek Salad,Salads,1,8.49,8.49,Cash,Dine-In,5,28.0,No,Rainy,,4.0,Cucumber,0.1204,82.81,15.71,Adequate,0.008,Completed,City Center,0,,Yes,2,3,Saturday,Saturday,4,45-54,Platinum,7,4,3,2,0,0,4,1.0,1.8571428571428572
ORD-10207,CUST-1082,2024-09-07,17:45,Saturday,36,9,Autumn,Margherita Pizza,Pizza,1,12.99,12.99,Credit Card,Dine-In,20,23.0,No,Sunny,,5.0,Pizza Dough,0.2842,113.02,21.83,Adequate,0.0152,Pending,City Center,0,,No,4,5,Saturday,Saturday,5,25-34,Bronze,6,5,3,4,0,0,4,4.0,1.0
ORD-10300,CUST-1488,2024-09-07,17:44,Saturday,36,9,Autumn,Margherita Pizza,Pizza,1,12.99,12.99,Digital Wallet,Dine-In,16,5.0,No,Sunny,,4.0,Pizza Dough,0.2665,96.55,24.84,Adequate,0.0064,Pending,Suburbs,0,,No,4,5,Saturday,Sunday,5,18-24,Gold,6,5,3,4,0,0,2,1.0,1.0
ORD-10942,CUST-1291,2024-09-07,18:14,Saturday,36,9,Autumn,Lamb Biryani,Rice Dishes,1,16.49,16.49,Cash,Takeaway,28,,No,Cloudy,,5.0,Basmati Rice,0.3065,46.14,17.34,Adequate,0.0316,Pending,City Center,1,50.0,Yes,2,6,Saturday,Saturday,5,35-44,Silver,8,5,3,3,1,0,4,1.0,1.4285714285714286
ORD-10642,CUST-1466,2024-09-07,13:35,Saturday,36,9,Autumn,Shawarma Wrap,Wraps,4,9.99,39.96,Credit Card,Dine-In,8,15.0,No,Sunny,,3.0,Chicken Breast,0.8127,116.43,18.63,Adequate,0.073,Pending,Airport,1,,Yes,1,4,Sunday,Saturday,5,55+,Gold,4,5,3,4,0,0,3,1.0,2.7142857142857144
ORD-10371,CUST-1042,2024-09-07,17:38,Saturday,36,9,Autumn,Lamb Biryani,Rice Dishes,5,16.49,82.45,Online,Takeaway,20,,No,Rainy,,5.0,Basmati Rice,1.5005,78.76,20.8,Adequate,0.1677,Pending,City Center,0,27.0,No,2,6,Saturday,Saturday,5,35-44,Platinum,8,5,3,2,1,0,4,1.0,2.0
ORD-10757,CUST-1152,2024-09-08,11:23,Sunday,36,9,Autumn,Classic Burger,Burgers,3,8.99,26.97,Online,Takeaway,12,,No,Rainy,,4.0,Beef Patty,0.527,46.74,18.09,Adequate,0.0525,Completed,City Center,1,57.0,Yes,3,7,Monday,Saturday,6,18-24,Bronze,3,6,3,2,1,0,4,1.0,2.2857142857142856
ORD-10430,CUST-1201,2024-09-08,12:18,Sunday,36,9,Autumn,Pepperoni Pizza,Pizza,5,12.32,61.6,Credit Card,Dine-In,19,2.0,Yes,Sunny,,5.0,Pizza Dough,1.4563,60.09,33.33,Adequate,0.1895,Completed,City Center,1,,Yes,2,6,Sunday,Saturday,6,18-24,Silver,6,6,3,4,0,1,4,4.0,2.142857142857143
ORD-10201,CUST-1104,2024-09-08,12:40,Sunday,36,9,Autumn,Falafel Wrap,Wraps,2,8.49,16.98,Credit Card,Dine-In,10,9.0,No,Windy,,5.0,Chickpeas,0.2785,92.98,23.68,Adequate,0.0166,Completed,Mall Branch,1,,Yes,1,2,Monday,Sunday,6,25-34,Platinum,4,6,3,5,0,0,0,2.0,2.4285714285714284
ORD-10311,CUST-1448,2024-09-08,16:20,Sunday,36,9,Autumn,Margherita Pizza,Pizza,2,12.99,25.98,Credit Card,Dine-In,21,24.0,No,Cloudy,,4.0,Pizza Dough,0.5423,84.75,24.94,Adequate,0.0439,Completed,Airport,0,,Yes,4,5,Saturday,Saturday,6,25-34,Silver,6,6,3,3,0,0,3,1.0,1.1428571428571428
ORD-10039,CUST-1278,2024-09-09,16:35,Monday,37,9,Autumn,Mango Smoothie,Beverages,3,5.49,16.47,Debit Card,Dine-In,4,22.0,No,Cloudy,,5.0,Mango,0.5874,48.76,29.28,Adequate,0.0839,Completed,Mall Branch,0,,No,1,3,Saturday,Sunday,0,45-54,Platinum,5,0,3,3,0,0,0,2.0,2.2857142857142856
ORD-10331,CUST-1381,2024-09-09,19:37,Monday,37,9,Autumn,Double Cheeseburger,Burgers,2,9.77,19.54,Credit Card,Dine-In,15,8.0,Yes,Cloudy,,4.0,Beef Patty,0.7039,31.26,15.06,Adequate,0.0178,Completed,Mall Branch,1,,Yes,2,5,Sunday,Sunday,0,55+,Silver,3,0,3,3,0,1,0,5.0,3.0
ORD-10996,CUST-1298,2024-09-11,17:19,Wednesday,37,9,Autumn,Double Cheeseburger,Burgers,3,11.49,34.47,Credit Card,Takeaway,12,,No,Sunny,,,Beef Patty,1.0451,56.98,25.33,Adequate,0.0721,Cancelled,Mall Branch,0,40.0,Yes,2,5,Sunday,Sunday,2,55+,Bronze,3,2,3,4,1,0,0,2.0,3.142857142857143
ORD-10615,CUST-1306,2024-09-11,19:08,Wednesday,37,9,Autumn,BBQ Chicken Pizza,Pizza,2,15.99,31.98,Cash,Dine-In,21,26.0,No,Windy,,2.0,Pizza Dough,0.5837,82.95,16.17,Adequate,0.0204,Completed,Airport,1,,Yes,2,4,Monday,Saturday,2,45-54,Silver,6,2,3,5,0,0,3,2.0,1.8571428571428572
ORD-10394,CUST-1441,2024-09-11,19:13,Wednesday,37,9,Autumn,French Fries,Sides,2,3.99,7.98,Debit Card,Dine-In,7,12.0,No,Sunny,,,Potatoes,0.4382,95.88,31.93,Adequate,0.0106,Completed,Suburbs,1,,Yes,3,4,Saturday,Sunday,2,18-24,Bronze,9,2,3,4,0,0,2,1.0,1.7142857142857142
ORD-10640,CUST-1233,2024-09-12,11:50,Thursday,37,9,Autumn,Ice Cream Sundae,Desserts,4,5.49,21.96,Debit Card,Takeaway,4,,No,Rainy,,3.0,Ice Cream,0.7373,115.46,32.02,Adequate,0.1593,Completed,Airport,1,32.0,Yes,1,4,Wednesday,Saturday,3,25-34,Gold,2,3,3,2,1,0,3,1.0,2.7142857142857144
ORD-10847,CUST-1355,2024-09-12,18:42,Thursday,37,9,Autumn,Lamb Biryani,Rice Dishes,1,16.49,16.49,Online,Takeaway,26,,No,Rainy,,3.0,Basmati Rice,0.2995,87.34,27.82,Adequate,0.0198,Completed,Mall Branch,1,52.0,Yes,3,8,Saturday,Sunday,3,45-54,Bronze,8,3,3,2,1,0,0,1.0,2.0
ORD-10677,CUST-1396,2024-09-13,11:45,Friday,37,9,Autumn,Hot Coffee,Beverages,3,3.49,10.47,Online,Dine-In,3,12.0,No,Windy,,5.0,Coffee Beans,0.0524,41.33,18.38,Adequate,0.0899,Completed,City Center,1,,No,1,3,Saturday,Saturday,4,18-24,Silver,5,4,3,5,0,0,4,1.0,2.4285714285714284
ORD-10670,CUST-1201,2024-09-14,19:29,Saturday,37,9,Autumn,Veggie Burger,Burgers,1,9.49,9.49,Cash,Takeaway,10,,No,Cloudy,,4.0,Veggie Patty,0.1739,29.28,34.45,Low Stock,0.032,Completed,City Center,1,27.0,Yes,1,1,Saturday,Saturday,5,18-24,Silver,3,5,3,3,1,0,4,1.0,1.4285714285714286
ORD-10915,CUST-1155,2024-09-14,15:03,Saturday,37,9,Autumn,BBQ Chicken Pizza,Pizza,2,15.99,31.98,Digital Wallet,Dine-In,24,22.0,No,Rainy,,,Pizza Dough,0.5726,20.86,29.05,Low Stock,0.0221,Completed,Suburbs,0,,No,2,4,Monday,Sunday,5,18-24,Silver,6,5,3,2,0,0,2,1.0,2.0
ORD-10007,CUST-1446,2024-09-14,09:30,Saturday,37,9,Autumn,Margherita Pizza,Pizza,3,12.99,38.97,Debit Card,Dine-In,20,26.0,No,Cloudy,,,Pizza Dough,0.8315,47.86,16.39,Adequate,0.0824,Completed,Mall Branch,0,,No,1,3,Saturday,Sunday,5,35-44,Gold,6,5,3,3,0,0,0,1.0,1.4285714285714286
ORD-10745,CUST-1117,2024-09-14,09:26,Saturday,37,9,Autumn,Chicken Biryani,Rice Dishes,1,13.99,13.99,Digital Wallet,Takeaway,20,,No,Windy,,4.0,Basmati Rice,0.307,45.18,24.82,Adequate,0.0099,Completed,Airport,0,47.0,Yes,2,5,Friday,Saturday,5,18-24,Bronze,8,5,3,5,1,0,3,1.0,2.0
ORD-10330,CUST-1295,2024-09-15,21:55,Sunday,37,9,Autumn,French Fries,Sides,1,3.99,3.99,Online,Takeaway,8,,No,Sunny,,,Potatoes,0.2198,43.79,23.59,Adequate,0.0164,Cancelled,Mall Branch,1,37.0,Yes,3,4,Saturday,Sunday,6,55+,Silver,9,6,3,4,1,0,0,1.0,1.7142857142857142
ORD-10221,CUST-1352,2024-09-15,08:11,Sunday,37,9,Autumn,Lamb Biryani,Rice Dishes,3,16.49,49.47,Digital Wallet,Dine-In,26,30.0,No,Sunny,,2.0,Basmati Rice,0.8849,65.52,34.24,Adequate,0.0501,Completed,Mall Branch,0,,Yes,3,8,Saturday,Sunday,6,35-44,Platinum,8,6,3,4,0,0,0,1.0,2.2857142857142856
ORD-10944,CUST-1186,2024-09-15,09:29,Sunday,37,9,Autumn,Lamb Biryani,Rice Dishes,4,14.02,56.08,Debit Card,Takeaway,23,,Yes,Rainy,,5.0,Basmati Rice,1.1921,104.25,19.09,Adequate,0.0537,Completed,Downtown,0,38.0,No,3,8,Saturday,Saturday,6,45-54,Bronze,8,6,3,2,1,1,1,2.0,2.5714285714285716
ORD-10125,CUST-1492,2024-09-15,11:55,Sunday,37,9,Autumn,Penne Arrabbiata,Pasta,1,11.99,11.99,Debit Card,Dine-In,14,11.0,No,Cloudy,,2.0,Penne Pasta,0.1825,115.62,23.64,Adequate,0.0145,Completed,City Center,1,,No,1,1,Saturday,Saturday,6,45-54,Silver,0,6,3,3,0,0,4,2.0,1.4285714285714286
ORD-10001,CUST-1325,2024-09-15,12:18,Sunday,37,9,Autumn,Cheesecake,Desserts,4,5.99,23.96,Credit Card,Dine-In,5,15.0,No,Sunny,,4.0,Cream Cheese,0.4897,88.35,16.43,Adequate,0.1221,Pending,Airport,1,,No,1,4,Saturday,Saturday,6,45-54,Platinum,2,6,3,4,0,0,3,2.0,3.142857142857143
ORD-10280,CUST-1251,2024-09-15,13:46,Sunday,37,9,Autumn,Pepperoni Pizza,Pizza,1,14.49,14.49,Debit Card,Dine-In,20,20.0,No,Sunny,,3.0,Pizza Dough,0.272,65.21,25.77,Adequate,0.0131,Completed,Suburbs,1,,No,1,1,Sunday,Sunday,6,25-34,Silver,6,6,3,4,0,0,2,1.0,2.142857142857143
ORD-10744,CUST-1003,2024-09-15,13:52,Sunday,37,9,Autumn,Chicken Biryani,Rice Dishes,4,13.99,55.96,Online,Dine-In,27,12.0,No,Rainy,,,Basmati Rice,1.2503,110.24,26.33,Adequate,0.1479,Cancelled,City Center,1,,No,2,5,Friday,Saturday,6,18-24,Platinum,8,6,3,2,0,0,4,1.0,2.4285714285714284
ORD-10776,CUST-1201,2024-09-15,18:20,Sunday,37,9,Autumn,Shawarma Wrap,Wraps,1,9.99,9.99,Digital Wallet,Takeaway,11,,No,Windy,,4.0,Chicken Breast,0.1942,36.04,30.56,Adequate,0.0083,Completed,Airport,1,32.0,Yes,1,1,Sunday,Saturday,6,18-24,Silver,4,6,3,5,1,0,3,3.0,2.4285714285714284
ORD-10084,CUST-1090,2024-09-15,18:34,Sunday,37,9,Autumn,French Fries,Sides,1,3.99,3.99,Debit Card,Dine-In,6,15.0,No,Cloudy,,5.0,Potatoes,0.2116,24.06,20.58,Adequate,0.0106,Pending,City Center,1,,No,3,4,Saturday,Saturday,6,55+,Bronze,9,6,3,3,0,0,4,1.0,1.7142857142857142
ORD-10080,CUST-1267,2024-09-15,18:36,Sunday,37,9,Autumn,Onion Rings,Sides,1,4.49,4.49,Debit Card,Takeaway,8,,No,Rainy,,,Onions,0.1727,86.17,19.97,Adequate,0.0143,Cancelled,City Center,1,53.0,No,1,1,Sunday,Saturday,6,18-24,Silver,9,6,3,2,1,0,4,2.0,1.2857142857142858
ORD-10126,CUST-1458,2024-09-15,19:08,Sunday,37,9,Autumn,Spaghetti Carbonara,Pasta,3,13.49,40.47,Digital Wallet,Takeaway,17,,No,Sunny,,4.0,Spaghetti,0.5475,112.27,20.53,Adequate,0.1099,Completed,Downtown,1,31.0,No,1,3,Friday,Saturday,6,18-24,Bronze,0,6,3,4,1,0,1,3.0,2.2857142857142856
ORD-10875,CUST-1080,2024-09-16,19:52,Monday,38,9,Autumn,BBQ Chicken Pizza,Pizza,3,15.99,47.97,Digital Wallet,Dine-In,19,12.0,No,Sunny,,,Pizza Dough,0.8286,56.91,24.44,Adequate,0.0741,Cancelled,Mall Branch,1,,Yes,3,7,Monday,Sunday,0,25-34,Silver,6,0,3,4,0,0,0,2.0,2.142857142857143
ORD-10034,CUST-1260,2024-09-16,12:19,Monday,38,9,Autumn,Iced Coffee,Beverages,3,4.49,13.47,Debit Card,Takeaway,3,,No,Cloudy,,5.0,Coffee Beans,0.0556,22.63,26.08,Low Stock,0.0994,Completed,Mall Branch,1,43.0,No,1,3,Sunday,Sunday,0,55+,Platinum,5,0,3,3,1,0,0,2.0,2.5714285714285716
ORD-10705,CUST-1390,2024-09-16,12:04,Monday,38,9,Autumn,Falafel Wrap,Wraps,2,8.49,16.98,Digital Wallet,Takeaway,11,,No,Cloudy,,5.0,Chickpeas,0.2821,37.73,22.99,Adequate,0.0445,Pending,Airport,1,33.0,Yes,1,2,Monday,Saturday,0,35-44,Silver,4,0,3,3,1,0,3,5.0,2.0
ORD-10582,CUST-1084,2024-09-17,13:38,Tuesday,38,9,Autumn,Shawarma Wrap,Wraps,1,9.99,9.99,Digital Wallet,Dine-In,10,23.0,No,Cloudy,,,Chicken Breast,0.1901,38.05,29.09,Adequate,0.0515,Cancelled,Mall Branch,1,,Yes,1,1,Sunday,Sunday,1,18-24,Gold,4,1,3,3,0,0,0,1.0,2.4285714285714284
ORD-10110,CUST-1181,2024-09-17,20:19,Tuesday,38,9,Autumn,BBQ Chicken Pizza,Pizza,1,13.59,13.59,Digital Wallet,Dine-In,16,12.0,Yes,Sunny,,5.0,Pizza Dough,0.2737,26.2,20.15,Adequate,0.038,Completed,City Center,1,,No,3,7,Monday,Saturday,1,35-44,Gold,6,1,3,4,0,1,4,3.0,1.8571428571428572
ORD-10831,CUST-1206,2024-09-18,18:13,Wednesday,38,9,Autumn,Chicken Biryani,Rice Dishes,2,11.89,23.78,Online,Dine-In,19,19.0,Yes,Sunny,,,Basmati Rice,0.5961,82.23,20.11,Adequate,0.029,Pending,Downtown,1,,Yes,1,2,Friday,Saturday,2,45-54,Gold,8,2,3,4,0,1,1,1.0,2.5714285714285716
ORD-10204,CUST-1008,2024-09-18,18:51,Wednesday,38,9,Autumn,Onion Rings,Sides,3,4.49,13.47,Credit Card,Dine-In,7,28.0,No,Cloudy,,3.0,Onions,0.5162,54.93,31.98,Adequate,0.0633,Completed,Downtown,1,,No,1,3,Sunday,Saturday,2,55+,Silver,9,2,3,3,0,0,1,1.0,1.5714285714285714
ORD-10683,CUST-1106,2024-09-19,18:45,Thursday,38,9,Autumn,Hot Coffee,Beverages,1,3.49,3.49,Credit Card,Dine-In,4,21.0,No,Rainy,,3.0,Coffee Beans,0.0171,39.75,19.66,Adequate,0.0093,Completed,Suburbs,1,,No,2,4,Saturday,Sunday,3,55+,Gold,5,3,3,2,0,0,2,4.0,2.0
ORD-10803,CUST-1257,2024-09-20,17:12,Friday,38,9,Autumn,Hot Coffee,Beverages,3,3.49,10.47,Online,Dine-In,2,29.0,No,Rainy,,4.0,Coffee Beans,0.0536,108.45,25.42,Adequate,0.0515,Completed,Downtown,0,,Yes,2,4,Saturday,Saturday,4,45-54,Bronze,5,4,3,2,0,0,1,2.0,2.142857142857143
ORD-10694,CUST-1284,2024-09-21,15:09,Saturday,38,9,Autumn,Margherita Pizza,Pizza,3,12.99,38.97,Cash,Dine-In,21,14.0,No,Sunny,,4.0,Pizza Dough,0.869,108.15,29.08,Adequate,0.1053,Completed,Downtown,0,,Yes,1,3,Saturday,Saturday,5,35-44,Gold,6,5,3,4,0,0,1,1.0,1.7142857142857142
ORD-10924,CUST-1066,2024-09-21,20:24,Saturday,38,9,Autumn,French Fries,Sides,1,3.99,3.99,Cash,Takeaway,8,,No,Cloudy,,1.0,Potatoes,0.2223,25.26,29.77,Low Stock,0.023,Completed,Suburbs,1,32.0,Yes,1,1,Saturday,Sunday,5,25-34,Silver,9,5,3,3,1,0,2,1.0,1.7142857142857142
ORD-10809,CUST-1360,2024-09-22,13:26,Sunday,38,9,Autumn,Mushroom Soup,Soups,1,6.99,6.99,Online,Dine-In,13,5.0,No,Cloudy,,3.0,Mushrooms,0.3047,85.65,29.17,Adequate,0.0335,Pending,City Center,1,,Yes,1,1,Sunday,Saturday,6,18-24,Silver,1,6,3,3,0,0,4,1.0,1.7142857142857142
ORD-10740,CUST-1416,2024-09-22,17:45,Sunday,38,9,Autumn,BBQ Chicken Pizza,Pizza,3,15.99,47.97,Online,Dine-In,17,3.0,No,Cloudy,,5.0,Pizza Dough,0.8114,78.29,27.15,Adequate,0.0455,Completed,Airport,0,,No,3,7,Monday,Saturday,6,45-54,Bronze,6,6,3,3,0,0,3,1.0,2.142857142857143
ORD-10448,CUST-1483,2024-09-24,11:20,Tuesday,39,9,Autumn,Ice Cream Sundae,Desserts,1,5.49,5.49,Credit Card,Dine-In,3,15.0,No,Sunny,,3.0,Ice Cream,0.1884,61.02,20.49,Adequate,0.03,Pending,City Center,1,,Yes,1,1,Wednesday,Saturday,1,25-34,Bronze,2,1,3,4,0,0,4,1.0,2.7142857142857144
ORD-10680,CUST-1430,2024-09-25,18:27,Wednesday,39,9,Autumn,Onion Rings,Sides,4,4.49,17.96,Debit Card,Dine-In,9,26.0,No,Windy,,,Onions,0.7251,108.93,25.3,Adequate,0.0812,Cancelled,Downtown,1,,Yes,2,6,Sunday,Saturday,2,25-34,Silver,9,2,3,5,0,0,1,1.0,2.0
ORD-10353,CUST-1386,2024-09-25,18:11,Wednesday,39,9,Autumn,Classic Burger,Burgers,2,8.99,17.98,Online,Dine-In,12,15.0,No,Cloudy,,,Beef Patty,0.3612,88.19,19.7,Adequate,0.0479,Completed,City Center,1,,No,4,15,Monday,Saturday,2,18-24,Platinum,3,2,3,3,0,0,4,2.0,2.2857142857142856
ORD-10781,CUST-1457,2024-09-27,16:30,Friday,39,9,Autumn,Chocolate Lava Cake,Desserts,2,5.94,11.88,Debit Card,Takeaway,13,,Yes,Cloudy,,5.0,Chocolate,0.138,72.01,23.54,Adequate,0.066,Pending,City Center,0,58.0,Yes,1,2,Friday,Saturday,4,55+,Platinum,2,4,3,3,1,1,4,1.0,3.0
ORD-10396,CUST-1408,2024-09-27,12:25,Friday,39,9,Autumn,Classic Burger,Burgers,5,8.99,44.95,Digital Wallet,Takeaway,8,,No,Rainy,,4.0,Beef Patty,0.9019,27.77,24.24,Adequate,0.1466,Completed,Airport,1,31.0,Yes,4,15,Monday,Saturday,4,18-24,Platinum,3,4,3,2,1,0,3,3.0,2.5714285714285716
ORD-10872,CUST-1146,2024-09-27,14:02,Friday,39,9,Autumn,Chicken Biryani,Rice Dishes,2,13.99,27.98,Credit Card,Takeaway,19,,No,Cloudy,,5.0,Basmati Rice,0.6014,73.43,25.59,Adequate,0.0262,Completed,City Center,1,51.0,Yes,1,2,Friday,Saturday,4,18-24,Silver,8,4,3,3,1,0,4,5.0,2.142857142857143
ORD-10749,CUST-1058,2024-09-28,16:53,Saturday,39,9,Autumn,Classic Burger,Burgers,3,8.99,26.97,Cash,Takeaway,9,,No,Cloudy,,2.0,Beef Patty,0.5485,97.89,29.56,Adequate,0.0808,Completed,City Center,0,37.0,Yes,4,15,Monday,Saturday,5,25-34,Platinum,3,5,3,3,1,0,4,2.0,2.7142857142857144
ORD-10526,CUST-1356,2024-09-28,16:56,Saturday,39,9,Autumn,Veggie Burger,Burgers,1,9.49,9.49,Cash,Dine-In,10,2.0,No,Sunny,,2.0,Veggie Patty,0.1632,112.08,22.64,Adequate,0.0326,Completed,City Center,0,,No,2,6,Saturday,Saturday,5,25-34,Gold,3,5,3,4,0,0,4,2.0,1.2857142857142858
ORD-10551,CUST-1048,2024-09-28,17:31,Saturday,39,9,Autumn,Mango Smoothie,Beverages,2,5.49,10.98,Digital Wallet,Dine-In,5,5.0,No,Sunny,,5.0,Mango,0.4067,80.64,24.49,Adequate,0.0704,Completed,Mall Branch,0,,No,1,2,Saturday,Sunday,5,18-24,Silver,5,5,3,4,0,0,0,1.0,2.4285714285714284
ORD-10676,CUST-1339,2024-09-28,20:55,Saturday,39,9,Autumn,Classic Burger,Burgers,5,8.99,44.95,Digital Wallet,Dine-In,13,19.0,No,Windy,,,Beef Patty,0.9077,43.42,28.48,Adequate,0.0872,Cancelled,Airport,1,,No,4,15,Monday,Saturday,5,35-44,Gold,3,5,3,5,0,0,3,2.0,3.142857142857143
ORD-10148,CUST-1028,2024-09-29,11:06,Sunday,39,9,Autumn,Veggie Burger,Burgers,5,9.49,47.45,Debit Card,Dine-In,9,19.0,No,Windy,,5.0,Veggie Patty,0.8539,67.49,19.93,Adequate,0.0885,Completed,Airport,1,,No,2,6,Saturday,Saturday,6,18-24,Silver,3,6,3,5,0,0,3,1.0,1.8571428571428572
ORD-10778,CUST-1081,2024-09-29,17:25,Sunday,39,9,Autumn,Onion Rings,Sides,2,4.49,8.98,Debit Card,Dine-In,6,19.0,No,Sunny,,4.0,Onions,0.3542,68.0,26.76,Adequate,0.0417,Completed,Airport,0,,No,2,6,Sunday,Saturday,6,45-54,Platinum,9,6,3,4,0,0,3,1.0,2.142857142857143
ORD-10841,CUST-1138,2024-09-29,19:12,Sunday,39,9,Autumn,Shawarma Wrap,Wraps,1,9.99,9.99,Online,Dine-In,7,12.0,No,Rainy,,5.0,Chicken Breast,0.2003,55.29,25.91,Adequate,0.0256,Completed,Suburbs,1,,Yes,1,1,Sunday,Sunday,6,55+,Platinum,4,6,3,2,0,0,2,1.0,2.4285714285714284
ORD-10953,CUST-1137,2024-09-30,13:46,Monday,40,9,Autumn,Falafel Wrap,Wraps,2,8.49,16.98,Online,Dine-In,7,22.0,No,Sunny,,5.0,Chickpeas,0.273,86.16,24.25,Adequate,0.0147,Completed,Suburbs,1,,Yes,1,2,Monday,Sunday,0,35-44,Silver,4,0,3,4,0,0,2,1.0,2.142857142857143
ORD-10042,CUST-1348,2024-09-30,15:35,Monday,40,9,Autumn,Lemonade,Beverages,3,3.49,10.47,Online,Takeaway,2,,No,Cloudy,,,Lemons,0.2707,72.82,22.24,Adequate,0.0301,Cancelled,Downtown,0,35.0,No,1,3,Sunday,Saturday,0,55+,Silver,5,0,3,3,1,0,1,2.0,2.142857142857143
ORD-10165,CUST-1208,2024-10-02,16:48,Wednesday,40,10,Autumn,Lamb Biryani,Rice Dishes,4,16.49,65.96,Online,Dine-In,30,18.0,No,Cloudy,,,Basmati Rice,1.2496,21.86,26.08,Low Stock,0.0342,Completed,Mall Branch,0,,No,2,8,Saturday,Sunday,2,25-34,Platinum,8,2,3,3,0,0,0,1.0,3.0
ORD-10855,CUST-1249,2024-10-02,16:58,Wednesday,40,10,Autumn,French Fries,Sides,2,3.99,7.98,Online,Dine-In,5,19.0,No,Sunny,,4.0,Potatoes,0.4432,95.11,33.72,Adequate,0.0525,Completed,Downtown,0,,Yes,4,8,Saturday,Saturday,2,45-54,Gold,9,2,3,4,0,0,1,2.0,1.7142857142857142
ORD-10082,CUST-1068,2024-10-04,17:43,Friday,40,10,Autumn,Shawarma Wrap,Wraps,3,9.99,29.97,Online,Takeaway,8,,No,Sunny,,,Chicken Breast,0.6032,63.28,26.7,Adequate,0.0876,Pending,Downtown,0,52.0,No,2,4,Sunday,Saturday,4,25-34,Bronze,4,4,3,4,1,0,1,2.0,2.5714285714285716
ORD-10310,CUST-1172,2024-10-04,17:35,Friday,40,10,Autumn,Mango Smoothie,Beverages,2,5.49,10.98,Debit Card,Dine-In,4,16.0,No,Rainy,,4.0,Mango,0.4047,26.29,27.58,Low Stock,0.0516,Completed,City Center,0,,Yes,1,2,Saturday,Saturday,4,35-44,Bronze,5,4,3,2,0,0,4,2.0,2.4285714285714284
ORD-10751,CUST-1187,2024-10-04,18:04,Friday,40,10,Autumn,Cheesecake,Desserts,3,5.99,17.97,Cash,Dine-In,5,15.0,No,Sunny,,,Cream Cheese,0.3669,109.25,20.59,Adequate,0.1659,Cancelled,City Center,1,,Yes,1,3,Saturday,Saturday,4,35-44,Silver,2,4,3,4,0,0,4,3.0,3.142857142857143
ORD-10352,CUST-1163,2024-10-04,12:52,Friday,40,10,Autumn,Lamb Biryani,Rice Dishes,4,16.49,65.96,Online,Dine-In,28,22.0,No,Windy,,4.0,Basmati Rice,1.2552,22.29,30.71,Low Stock,0.1207,Completed,Suburbs,1,,No,2,8,Saturday,Sunday,4,35-44,Gold,8,4,3,5,0,0,2,3.0,3.142857142857143
ORD-10700,CUST-1059,2024-10-04,17:20,Friday,40,10,Autumn,Pepperoni Pizza,Pizza,3,12.32,36.96,Credit Card,Dine-In,19,11.0,Yes,Cloudy,,4.0,Pizza Dough,0.8616,75.35,21.62,Adequate,0.0503,Completed,City Center,0,,Yes,2,6,Sunday,Saturday,4,35-44,Silver,6,4,3,3,0,1,4,5.0,1.8571428571428572
ORD-10682,CUST-1473,2024-10-05,22:03,Saturday,40,10,Autumn,French Fries,Sides,1,3.99,3.99,Credit Card,Dine-In,6,24.0,No,Cloudy,,,Potatoes,0.2295,39.41,24.85,Adequate,0.0557,Cancelled,City Center,0,,Yes,4,8,Saturday,Saturday,5,25-34,Bronze,9,5,3,3,0,0,4,2.0,1.5714285714285714
ORD-10464,CUST-1084,2024-10-05,19:41,Saturday,40,10,Autumn,Hot Coffee,Beverages,2,2.97,5.94,Digital Wallet,Dine-In,4,14.0,Yes,Rainy,,4.0,Coffee Beans,0.0355,48.9,31.74,Adequate,0.0487,Completed,City Center,1,,Yes,1,2,Saturday,Saturday,5,18-24,Gold,5,5,3,2,0,1,4,2.0,2.142857142857143
ORD-10510,CUST-1284,2024-10-05,09:07,Saturday,40,10,Autumn,Classic Burger,Burgers,2,8.99,17.98,Digital Wallet,Takeaway,13,,No,Windy,,5.0,Beef Patty,0.3519,90.64,28.26,Adequate,0.0313,Completed,Mall Branch,0,57.0,No,2,6,Monday,Sunday,5,35-44,Gold,3,5,3,5,1,0,0,1.0,3.2857142857142856
ORD-10336,CUST-1017,2024-10-05,15:44,Saturday,40,10,Autumn,Classic Burger,Burgers,4,8.99,35.96,Digital Wallet,Dine-In,8,12.0,No,Rainy,,5.0,Beef Patty,0.6901,35.75,16.46,Adequate,0.0808,Completed,Downtown,0,,No,2,6,Monday,Saturday,5,35-44,Bronze,3,5,3,2,0,0,1,3.0,3.4285714285714284
ORD-10697,CUST-1138,2024-10-05,18:34,Saturday,40,10,Autumn,Penne Arrabbiata,Pasta,1,11.99,11.99,Digital Wallet,Dine-In,15,5.0,No,Cloudy,,,Penne Pasta,0.1868,79.45,27.63,Adequate,0.0389,Cancelled,Suburbs,1,,Yes,1,1,Saturday,Sunday,5,55+,Platinum,0,5,3,3,0,0,2,1.0,1.4285714285714286
ORD-10479,CUST-1205,2024-10-06,14:46,Sunday,40,10,Autumn,Chicken Biryani,Rice Dishes,2,13.99,27.98,Digital Wallet,Takeaway,21,,No,Cloudy,,,Basmati Rice,0.6259,87.62,32.59,Adequate,0.1065,Cancelled,City Center,1,24.0,No,1,2,Friday,Saturday,6,55+,Platinum,8,6,3,3,1,0,4,4.0,1.8571428571428572
ORD-10287,CUST-1351,2024-10-06,16:01,Sunday,40,10,Autumn,French Fries,Sides,4,3.99,15.96,Digital Wallet,Takeaway,8,,No,Sunny,,5.0,Potatoes,0.8899,54.51,34.76,Adequate,0.1487,Completed,Suburbs,0,38.0,Yes,4,8,Saturday,Sunday,6,35-44,Gold,9,6,3,4,1,0,2,3.0,1.7142857142857142
ORD-10114,CUST-1337,2024-10-06,16:31,Sunday,40,10,Autumn,Shawarma Wrap,Wraps,1,9.99,9.99,Online,Dine-In,8,19.0,No,Sunny,,2.0,Chicken Breast,0.1901,108.22,20.56,Adequate,0.0067,Completed,City Center,0,,No,2,4,Sunday,Saturday,6,25-34,Silver,4,6,3,4,0,0,4,4.0,2.142857142857143
ORD-10514,CUST-1355,2024-10-06,17:24,Sunday,40,10,Autumn,French Fries,Sides,1,3.99,3.99,Digital Wallet,Takeaway,7,,No,Rainy,,1.0,Potatoes,0.222,91.9,17.51,Adequate,0.0283,Completed,Mall Branch,0,33.0,No,4,8,Saturday,Sunday,6,45-54,Bronze,9,6,3,2,1,0,0,2.0,1.5714285714285714
ORD-10345,CUST-1130,2024-10-06,18:04,Sunday,40,10,Autumn,Pepperoni Pizza,Pizza,3,12.32,36.96,Digital Wallet,Dine-In,21,7.0,Yes,Cloudy,,5.0,Pizza Dough,0.8442,63.62,17.18,Adequate,0.0951,Pending,City Center,1,,No,2,6,Sunday,Saturday,6,35-44,Gold,6,6,3,3,0,1,4,1.0,2.142857142857143
ORD-10144,CUST-1391,2024-10-07,10:37,Monday,41,10,Autumn,Classic Burger,Burgers,3,8.99,26.97,Credit Card,Takeaway,9,,No,Sunny,,2.0,Beef Patty,0.5666,61.19,16.13,Adequate,0.0396,Pending,Airport,0,21.0,No,4,7,Monday,Saturday,0,35-44,Platinum,3,0,3,4,1,0,3,3.0,3.4285714285714284
ORD-10286,CUST-1471,2024-10-07,11:20,Monday,41,10,Autumn,Classic Burger,Burgers,1,7.64,7.64,Cash,Takeaway,9,,Yes,Sunny,,5.0,Beef Patty,0.178,35.31,20.84,Adequate,0.0114,Completed,Downtown,1,36.0,Yes,4,7,Monday,Saturday,0,18-24,Bronze,3,0,3,4,1,1,1,2.0,3.2857142857142856
ORD-10561,CUST-1146,2024-10-07,16:38,Monday,41,10,Autumn,Shawarma Wrap,Wraps,1,9.99,9.99,Debit Card,Dine-In,8,24.0,No,Cloudy,,2.0,Chicken Breast,0.2029,44.87,32.66,Adequate,0.037,Completed,Mall Branch,0,,Yes,1,1,Sunday,Sunday,0,18-24,Silver,4,0,3,3,0,0,0,4.0,1.7142857142857142
ORD-10596,CUST-1424,2024-10-07,17:06,Monday,41,10,Autumn,BBQ Chicken Pizza,Pizza,2,15.99,31.98,Debit Card,Takeaway,17,,No,Cloudy,,5.0,Pizza Dough,0.5593,114.66,28.88,Adequate,0.0342,Completed,Downtown,0,20.0,Yes,1,2,Monday,Saturday,0,35-44,Gold,6,0,3,3,1,0,1,3.0,2.0
ORD-10730,CUST-1494,2024-10-09,15:28,Wednesday,41,10,Autumn,Classic Burger,Burgers,2,7.64,15.28,Online,Dine-In,9,27.0,Yes,Sunny,,,Beef Patty,0.3442,101.89,21.82,Adequate,0.0681,Cancelled,Suburbs,0,,Yes,4,7,Monday,Sunday,2,25-34,Gold,3,2,3,4,0,1,2,5.0,2.857142857142857
ORD-10461,CUST-1259,2024-10-09,20:21,Wednesday,41,10,Autumn,Greek Salad,Salads,1,8.49,8.49,Credit Card,Takeaway,8,,No,Windy,,3.0,Cucumber,0.1231,101.21,24.24,Adequate,0.0057,Completed,Downtown,1,51.0,Yes,1,1,Saturday,Saturday,2,45-54,Silver,7,2,3,5,1,0,1,2.0,1.7142857142857142
ORD-10731,CUST-1147,2024-10-10,16:15,Thursday,41,10,Autumn,French Fries,Sides,1,3.99,3.99,Digital Wallet,Takeaway,7,,No,Cloudy,,,Potatoes,0.2247,45.77,21.0,Adequate,0.0296,Completed,City Center,0,44.0,Yes,4,7,Saturday,Saturday,3,18-24,Bronze,9,3,3,3,1,0,4,1.0,1.5714285714285714
ORD-10667,CUST-1421,2024-10-10,17:50,Thursday,41,10,Autumn,Tomato Soup,Soups,2,5.52,11.04,Cash,Takeaway,8,,Yes,Sunny,,,Tomatoes,0.6898,77.17,26.66,Adequate,0.0298,Completed,Mall Branch,0,25.0,Yes,1,2,Saturday,Sunday,3,55+,Silver,1,3,3,4,1,1,0,2.0,2.142857142857143
ORD-10347,CUST-1327,2024-10-11,17:03,Friday,41,10,Autumn,Penne Arrabbiata,Pasta,2,11.99,23.98,Online,Dine-In,17,13.0,No,Cloudy,,5.0,Penne Pasta,0.3651,37.39,19.32,Adequate,0.026,Completed,Downtown,0,,Yes,2,3,Saturday,Saturday,4,25-34,Gold,0,4,3,3,0,0,1,1.0,1.5714285714285714
ORD-10992,CUST-1184,2024-10-11,16:41,Friday,41,10,Autumn,Onion Rings,Sides,4,4.49,17.96,Digital Wallet,Dine-In,9,15.0,No,Cloudy,,,Onions,0.694,70.89,26.15,Adequate,0.0986,Cancelled,Airport,0,,Yes,2,6,Sunday,Saturday,4,35-44,Platinum,9,4,3,3,0,0,3,1.0,2.5714285714285716
ORD-10025,CUST-1338,2024-10-11,10:03,Friday,41,10,Autumn,Veggie Burger,Burgers,3,8.07,24.21,Debit Card,Dine-In,13,15.0,Yes,Cloudy,,4.0,Veggie Patty,0.523,31.38,23.6,Adequate,0.0862,Completed,Mall Branch,0,,No,1,3,Saturday,Sunday,4,18-24,Silver,3,4,3,3,0,1,0,1.0,2.142857142857143
ORD-10535,CUST-1329,2024-10-12,08:09,Saturday,41,10,Autumn,Classic Burger,Burgers,1,8.99,8.99,Cash,Dine-In,9,8.0,No,Rainy,,3.0,Beef Patty,0.1798,80.37,15.04,Adequate,0.0298,Completed,City Center,0,,No,4,7,Monday,Saturday,5,35-44,Gold,3,5,3,2,0,0,4,3.0,2.5714285714285716
ORD-10563,CUST-1370,2024-10-12,12:43,Saturday,41,10,Autumn,French Fries,Sides,2,3.99,7.98,Credit Card,Dine-In,8,23.0,No,Rainy,,4.0,Potatoes,0.42,108.87,31.6,Adequate,0.0221,Completed,Downtown,1,,No,4,7,Saturday,Saturday,5,55+,Platinum,9,5,3,2,0,0,1,1.0,1.7142857142857142
ORD-10954,CUST-1444,2024-10-12,13:11,Saturday,41,10,Autumn,Penne Arrabbiata,Pasta,1,11.99,11.99,Debit Card,Dine-In,15,18.0,No,Cloudy,,4.0,Penne Pasta,0.1745,32.46,25.94,Adequate,0.0227,Completed,City Center,1,,Yes,2,3,Saturday,Saturday,5,18-24,Bronze,0,5,3,3,0,0,4,1.0,1.5714285714285714
ORD-10318,CUST-1225,2024-10-12,17:04,Saturday,41,10,Autumn,Cheesecake,Desserts,1,5.99,5.99,Online,Dine-In,4,23.0,No,Rainy,,,Cream Cheese,0.1157,96.21,18.93,Adequate,0.0205,Cancelled,Airport,0,,No,1,1,Saturday,Saturday,5,55+,Platinum,2,5,3,2,0,0,3,2.0,3.0
ORD-10254,CUST-1076,2024-10-12,19:23,Saturday,41,10,Autumn,Double Cheeseburger,Burgers,1,11.49,11.49,Digital Wallet,Takeaway,13,,No,Rainy,,5.0,Beef Patty,0.3491,101.28,29.55,Adequate,0.0067,Completed,Airport,1,25.0,No,1,1,Sunday,Saturday,5,35-44,Bronze,3,5,3,2,1,0,3,5.0,2.5714285714285716
ORD-10567,CUST-1114,2024-10-12,20:07,Saturday,41,10,Autumn,French Fries,Sides,1,3.99,3.99,Online,Dine-In,5,20.0,No,Rainy,,,Potatoes,0.2101,94.28,28.71,Adequate,0.0079,Completed,Airport,1,,Yes,4,7,Saturday,Saturday,5,55+,Platinum,9,5,3,2,0,0,3,1.0,1.7142857142857142
ORD-10949,CUST-1284,2024-10-13,12:17,Sunday,41,10,Autumn,French Fries,Sides,3,3.99,11.97,Debit Card,Dine-In,5,15.0,No,Windy,,,Potatoes,0.6382,109.9,26.1,Adequate,0.1305,Cancelled,Suburbs,1,,Yes,4,7,Saturday,Sunday,6,35-44,Gold,9,6,3,5,0,0,2,2.0,1.8571428571428572
ORD-10799,CUST-1316,2024-10-13,19:21,Sunday,41,10,Autumn,Onion Rings,Sides,2,4.49,8.98,Debit Card,Dine-In,6,11.0,No,Cloudy,,5.0,Onions,0.346,53.08,32.22,Adequate,0.0351,Pending,City Center,1,,Yes,2,6,Sunday,Saturday,6,18-24,Bronze,9,6,3,3,0,0,4,3.0,2.4285714285714284
ORD-10800,CUST-1144,2024-10-14,11:16,Monday,42,10,Autumn,Classic Burger,Burgers,1,8.99,8.99,Debit Card,Dine-In,14,15.0,No,Cloudy,,,Beef Patty,0.1824,32.33,31.5,Adequate,0.0318,Cancelled,Airport,1,,Yes,3,4,Monday,Saturday,0,35-44,Silver,3,0,3,3,0,0,3,5.0,2.0
ORD-10190,CUST-1091,2024-10-14,13:27,Monday,42,10,Autumn,French Fries,Sides,1,3.39,3.39,Digital Wallet,Dine-In,6,16.0,Yes,Windy,,4.0,Potatoes,0.2221,116.97,27.54,Adequate,0.0062,Pending,Airport,1,,Yes,3,4,Saturday,Saturday,0,55+,Gold,9,0,3,5,0,1,3,1.0,1.8571428571428572
ORD-10188,CUST-1303,2024-10-14,15:14,Monday,42,10,Autumn,Margherita Pizza,Pizza,1,11.04,11.04,Cash,Dine-In,19,24.0,Yes,Windy,,3.0,Pizza Dough,0.2696,51.34,22.6,Adequate,0.0072,Pending,Airport,0,,No,1,1,Saturday,Saturday,0,25-34,Platinum,6,0,3,5,0,1,3,1.0,1.7142857142857142
ORD-10400,CUST-1290,2024-10-14,19:47,Monday,42,10,Autumn,Shawarma Wrap,Wraps,1,9.99,9.99,Online,Dine-In,9,5.0,No,Sunny,,5.0,Chicken Breast,0.1997,70.11,22.34,Adequate,0.0389,Completed,Suburbs,1,,No,2,2,Sunday,Sunday,0,45-54,Gold,4,0,3,4,0,0,2,4.0,1.2857142857142858
ORD-10633,CUST-1344,2024-10-15,18:40,Tuesday,42,10,Autumn,Lamb Biryani,Rice Dishes,1,14.02,14.02,Debit Card,Dine-In,30,2.0,Yes,Windy,,,Basmati Rice,0.2892,96.38,25.62,Adequate,0.0546,Cancelled,City Center,1,,Yes,2,5,Saturday,Saturday,1,55+,Silver,8,1,3,5,0,1,4,1.0,3.142857142857143
ORD-10663,CUST-1404,2024-10-15,18:09,Tuesday,42,10,Autumn,BBQ Chicken Pizza,Pizza,1,15.99,15.99,Digital Wallet,Dine-In,16,24.0,No,Sunny,,,Pizza Dough,0.2935,99.58,32.85,Adequate,0.0214,Cancelled,Mall Branch,1,,Yes,1,1,Monday,Sunday,1,35-44,Bronze,6,1,3,4,0,0,0,1.0,2.0
ORD-10917,CUST-1215,2024-10-15,11:11,Tuesday,42,10,Autumn,Shawarma Wrap,Wraps,1,9.99,9.99,Credit Card,Dine-In,11,23.0,No,Cloudy,,4.0,Chicken Breast,0.192,118.91,20.2,Adequate,0.0107,Completed,Downtown,1,,Yes,2,2,Sunday,Saturday,1,45-54,Gold,4,1,3,3,0,0,1,1.0,1.2857142857142858
ORD-10655,CUST-1346,2024-10-15,14:36,Tuesday,42,10,Autumn,Caesar Salad,Salads,2,8.99,17.98,Digital Wallet,Dine-In,7,24.0,No,Rainy,,1.0,Romaine Lettuce,0.491,69.64,16.77,Adequate,0.0519,Pending,City Center,1,,No,2,3,Tuesday,Saturday,1,18-24,Silver,7,1,3,2,0,0,4,1.0,2.142857142857143
ORD-10409,CUST-1219,2024-10-16,13:36,Wednesday,42,10,Autumn,Classic Burger,Burgers,1,8.99,8.99,Cash,Dine-In,12,3.0,No,Sunny,,2.0,Beef Patty,0.1769,47.16,26.39,Adequate,0.0302,Pending,Airport,1,,Yes,3,4,Monday,Saturday,2,35-44,Silver,3,2,3,4,0,0,3,2.0,1.8571428571428572
ORD-10739,CUST-1172,2024-10-16,16:04,Wednesday,42,10,Autumn,Classic Burger,Burgers,2,8.99,17.98,Debit Card,Dine-In,13,7.0,No,Windy,,5.0,Beef Patty,0.3686,20.05,18.41,Adequate,0.0175,Completed,Downtown,0,,Yes,3,4,Monday,Saturday,2,35-44,Bronze,3,2,3,5,0,0,1,4.0,1.5714285714285714
ORD-10719,CUST-1217,2024-10-16,17:21,Wednesday,42,10,Autumn,Hot Coffee,Beverages,1,3.49,3.49,Digital Wallet,Dine-In,3,4.0,No,Cloudy,,5.0,Coffee Beans,0.0178,117.01,28.16,Adequate,0.0228,Pending,Mall Branch,0,,Yes,1,1,Saturday,Sunday,2,35-44,Gold,5,2,3,3,0,0,0,3.0,1.8571428571428572
ORD-10654,CUST-1216,2024-10-16,17:43,Wednesday,42,10,Autumn,French Fries,Sides,2,3.99,7.98,Digital Wallet,Takeaway,7,,No,Cloudy,,5.0,Potatoes,0.4292,96.01,21.93,Adequate,0.0568,Completed,Airport,0,58.0,Yes,3,4,Saturday,Saturday,2,45-54,Platinum,9,2,3,3,1,0,3,4.0,1.5714285714285714
ORD-10342,CUST-1188,2024-10-17,16:52,Thursday,42,10,Autumn,Lamb Biryani,Rice Dishes,4,14.02,56.08,Cash,Dine-In,30,4.0,Yes,Windy,,4.0,Basmati Rice,1.1798,117.25,24.31,Adequate,0.1164,Completed,Airport,0,,Yes,2,5,Saturday,Saturday,3,35-44,Silver,8,3,3,5,0,1,3,5.0,3.0
ORD-10986,CUST-1423,2024-10-17,18:38,Thursday,42,10,Autumn,French Fries,Sides,1,3.99,3.99,Credit Card,Takeaway,8,,No,Windy,,4.0,Potatoes,0.2255,23.29,28.89,Low Stock,0.0197,Completed,City Center,1,36.0,No,3,4,Saturday,Saturday,3,55+,Silver,9,3,3,5,1,0,4,1.0,1.5714285714285714
ORD-10187,CUST-1150,2024-10-17,20:59,Thursday,42,10,Autumn,Chicken Biryani,Rice Dishes,2,13.99,27.98,Digital Wallet,Dine-In,19,13.0,No,Sunny,,5.0,Basmati Rice,0.6171,91.67,15.63,Adequate,0.0311,Completed,City Center,1,,Yes,2,4,Friday,Saturday,3,55+,Platinum,8,3,3,4,0,0,4,1.0,2.0
ORD-10488,CUST-1316,2024-10-18,12:45,Friday,42,10,Autumn,Veggie Burger,Burgers,1,8.07,8.07,Digital Wallet,Dine-In,10,22.0,Yes,Sunny,,1.0,Veggie Patty,0.1698,39.64,18.39,Adequate,0.0072,Completed,Suburbs,1,,No,1,1,Saturday,Sunday,4,18-24,Bronze,3,4,3,4,0,1,2,1.0,2.142857142857143
ORD-10928,CUST-1090,2024-10-19,17:42,Saturday,42,10,Autumn,Pepperoni Pizza,Pizza,5,14.49,72.45,Credit Card,Takeaway,22,,No,Cloudy,,4.0,Pizza Dough,1.4652,114.79,29.33,Adequate,0.1032,Completed,Downtown,0,44.0,Yes,2,6,Sunday,Saturday,5,55+,Bronze,6,5,3,3,1,0,1,1.0,2.7142857142857144
ORD-10565,CUST-1421,2024-10-19,12:23,Saturday,42,10,Autumn,Chicken Biryani,Rice Dishes,2,13.99,27.98,Cash,Dine-In,28,13.0,No,Sunny,,4.0,Basmati Rice,0.5842,64.61,28.69,Adequate,0.0451,Completed,Downtown,1,,No,2,4,Friday,Saturday,5,55+,Silver,8,5,3,4,0,0,1,1.0,2.142857142857143
ORD-10316,CUST-1181,2024-10-19,14:34,Saturday,42,10,Autumn,Onion Rings,Sides,4,4.49,17.96,Online,Takeaway,8,,No,Rainy,,,Onions,0.7357,94.93,30.03,Adequate,0.0607,Cancelled,City Center,1,53.0,Yes,1,4,Sunday,Saturday,5,35-44,Gold,9,5,3,2,1,0,4,1.0,2.857142857142857
ORD-10577,CUST-1165,2024-10-20,21:54,Sunday,42,10,Autumn,Double Cheeseburger,Burgers,1,11.49,11.49,Cash,Takeaway,15,,No,Sunny,,4.0,Beef Patty,0.3692,107.45,21.02,Adequate,0.0194,Pending,Mall Branch,1,54.0,Yes,2,2,Sunday,Sunday,6,25-34,Silver,3,6,3,4,1,0,0,3.0,2.2857142857142856
ORD-10675,CUST-1287,2024-10-20,19:48,Sunday,42,10,Autumn,Caesar Salad,Salads,1,8.99,8.99,Digital Wallet,Dine-In,7,9.0,No,Rainy,,5.0,Romaine Lettuce,0.2383,89.1,18.45,Adequate,0.0299,Completed,Suburbs,1,,Yes,2,3,Tuesday,Sunday,6,18-24,Silver,7,6,3,2,0,0,2,2.0,2.0
ORD-10206,CUST-1144,2024-10-20,11:06,Sunday,42,10,Autumn,Double Cheeseburger,Burgers,1,11.49,11.49,Cash,Dine-In,11,8.0,No,Cloudy,,3.0,Beef Patty,0.3692,50.91,26.03,Adequate,0.0144,Completed,Downtown,1,,Yes,2,2,Sunday,Saturday,6,35-44,Silver,3,6,3,3,0,0,1,2.0,2.142857142857143
ORD-10772,CUST-1417,2024-10-20,17:40,Sunday,42,10,Autumn,Pepperoni Pizza,Pizza,1,14.49,14.49,Credit Card,Dine-In,18,10.0,No,Cloudy,,5.0,Pizza Dough,0.267,59.07,23.5,Adequate,0.0261,Pending,Mall Branch,0,,Yes,2,6,Sunday,Sunday,6,55+,Gold,6,6,3,3,0,0,0,1.0,2.7142857142857144
ORD-10109,CUST-1280,2024-10-21,16:21,Monday,43,10,Autumn,Margherita Pizza,Pizza,2,12.99,25.98,Debit Card,Dine-In,17,9.0,No,Sunny,,3.0,Pizza Dough,0.5531,110.6,25.54,Adequate,0.0142,Completed,Downtown,0,,No,2,3,Saturday,Saturday,0,18-24,Gold,6,0,3,4,0,0,1,1.0,1.8571428571428572
ORD-10955,CUST-1390,2024-10-22,10:36,Tuesday,43,10,Autumn,Margherita Pizza,Pizza,1,11.04,11.04,Online,Dine-In,18,5.0,Yes,Rainy,,4.0,Pizza Dough,0.2746,20.68,19.58,Adequate,0.0147,Completed,Downtown,0,,Yes,2,3,Saturday,Saturday,1,35-44,Silver,6,1,3,2,0,1,1,1.0,1.8571428571428572
ORD-10470,CUST-1070,2024-10-23,08:37,Wednesday,43,10,Autumn,Veggie Burger,Burgers,3,9.49,28.47,Cash,Dine-In,10,28.0,No,Sunny,,5.0,Veggie Patty,0.5025,43.03,21.64,Adequate,0.0249,Completed,Downtown,0,,No,1,3,Saturday,Saturday,2,55+,Gold,3,2,3,4,0,0,1,2.0,2.2857142857142856
ORD-10354,CUST-1199,2024-10-23,18:28,Wednesday,43,10,Autumn,Double Cheeseburger,Burgers,4,11.49,45.96,Cash,Dine-In,14,15.0,No,Windy,,5.0,Beef Patty,1.3718,81.56,20.5,Adequate,0.0289,Completed,Mall Branch,1,,Yes,1,4,Sunday,Sunday,2,18-24,Platinum,3,2,3,5,0,0,0,4.0,2.142857142857143
ORD-10167,CUST-1479,2024-10-24,13:11,Thursday,43,10,Autumn,Iced Coffee,Beverages,3,4.49,13.47,Credit Card,Dine-In,2,12.0,No,Rainy,,,Coffee Beans,0.0554,88.06,29.18,Adequate,0.1007,Completed,Downtown,1,,No,1,3,Sunday,Saturday,3,45-54,Gold,5,3,3,2,0,0,1,1.0,2.857142857142857
ORD-10943,CUST-1202,2024-10-24,11:54,Thursday,43,10,Autumn,Pepperoni Pizza,Pizza,1,12.32,12.32,Cash,Dine-In,22,29.0,Yes,Sunny,,3.0,Pizza Dough,0.2756,29.69,15.85,Adequate,0.0261,Completed,City Center,1,,Yes,2,2,Sunday,Saturday,3,35-44,Silver,6,3,3,4,0,1,4,1.0,2.7142857142857144
ORD-10967,CUST-1231,2024-10-26,12:39,Saturday,43,10,Autumn,Pepperoni Pizza,Pizza,1,14.49,14.49,Online,Dine-In,20,16.0,No,Cloudy,,4.0,Pizza Dough,0.293,100.29,31.34,Adequate,0.0151,Completed,Airport,1,,No,2,2,Sunday,Saturday,5,45-54,Silver,6,5,3,3,0,0,3,5.0,2.142857142857143
ORD-10766,CUST-1142,2024-10-26,16:02,Saturday,43,10,Autumn,Chicken Biryani,Rice Dishes,1,13.99,13.99,Debit Card,Dine-In,27,27.0,No,Sunny,,,Basmati Rice,0.3112,23.14,16.02,Adequate,0.0109,Cancelled,Mall Branch,0,,Yes,2,3,Friday,Sunday,5,35-44,Platinum,8,5,3,4,0,0,0,1.0,2.142857142857143
ORD-10825,CUST-1403,2024-10-26,11:02,Saturday,43,10,Autumn,Onion Rings,Sides,1,4.49,4.49,Credit Card,Dine-In,8,5.0,No,Rainy,,4.0,Onions,0.1763,95.87,33.63,Adequate,0.0275,Pending,Airport,1,,Yes,1,1,Sunday,Saturday,5,35-44,Gold,9,5,3,2,0,0,3,1.0,2.857142857142857
ORD-10701,CUST-1065,2024-10-27,13:23,Sunday,43,10,Autumn,Falafel Wrap,Wraps,1,8.49,8.49,Debit Card,Takeaway,8,,No,Rainy,,4.0,Chickpeas,0.143,114.06,20.14,Adequate,0.0051,Completed,Airport,1,45.0,No,1,1,Monday,Saturday,6,18-24,Bronze,4,6,3,2,1,0,3,2.0,2.0
ORD-10724,CUST-1180,2024-10-27,22:52,Sunday,43,10,Autumn,Greek Salad,Salads,2,8.49,16.98,Debit Card,Dine-In,7,29.0,No,Windy,,3.0,Cucumber,0.2433,67.9,23.49,Adequate,0.025,Completed,Suburbs,0,,Yes,1,2,Saturday,Sunday,6,25-34,Bronze,7,6,3,5,0,0,2,1.0,1.8571428571428572
ORD-10273,CUST-1269,2024-10-27,16:09,Sunday,43,10,Autumn,Mushroom Soup,Soups,1,5.94,5.94,Online,Takeaway,9,,Yes,Windy,,5.0,Mushrooms,0.2864,73.32,25.79,Adequate,0.0181,Completed,City Center,0,42.0,No,1,1,Sunday,Saturday,6,55+,Platinum,1,6,3,5,1,1,4,2.0,1.5714285714285714
ORD-10021,CUST-1113,2024-10-27,10:14,Sunday,43,10,Autumn,Chicken Biryani,Rice Dishes,2,13.99,27.98,Cash,Dine-In,22,20.0,No,Windy,,4.0,Basmati Rice,0.609,31.67,15.91,Adequate,0.0797,Completed,Airport,0,,No,2,3,Friday,Saturday,6,18-24,Gold,8,6,3,5,0,0,3,4.0,1.8571428571428572
ORD-10044,CUST-1214,2024-10-28,13:17,Monday,44,10,Autumn,Margherita Pizza,Pizza,4,12.99,51.96,Online,Dine-In,15,22.0,No,Sunny,,5.0,Pizza Dough,1.0871,30.09,15.67,Adequate,0.0543,Completed,Mall Branch,1,,No,3,9,Saturday,Sunday,0,35-44,Silver,6,0,3,4,0,0,0,1.0,2.2857142857142856
ORD-10364,CUST-1074,2024-10-28,17:30,Monday,44,10,Autumn,Classic Burger,Burgers,2,8.99,17.98,Digital Wallet,Takeaway,11,,No,Windy,,5.0,Beef Patty,0.3495,31.81,28.74,Adequate,0.0427,Completed,Downtown,0,27.0,No,2,5,Monday,Saturday,0,18-24,Bronze,3,0,3,5,1,0,1,3.0,1.4285714285714286
ORD-10834,CUST-1010,2024-10-29,16:57,Tuesday,44,10,Autumn,Lamb Biryani,Rice Dishes,5,14.02,70.1,Cash,Dine-In,23,20.0,Yes,Cloudy,,4.0,Basmati Rice,1.4299,101.31,22.86,Adequate,0.07,Completed,Airport,0,,No,3,8,Saturday,Saturday,1,25-34,Bronze,8,1,3,3,0,1,3,1.0,3.5714285714285716
ORD-10035,CUST-1265,2024-10-30,17:49,Wednesday,44,10,Autumn,Ice Cream Sundae,Desserts,2,5.49,10.98,Cash,Dine-In,4,4.0,No,Cloudy,,4.0,Ice Cream,0.3545,114.09,32.9,Adequate,0.0237,Completed,Mall Branch,0,,No,1,2,Wednesday,Sunday,2,18-24,Bronze,2,2,3,3,0,0,0,4.0,2.4285714285714284
ORD-10644,CUST-1470,2024-10-31,10:25,Thursday,44,10,Autumn,Classic Burger,Burgers,3,8.99,26.97,Online,Dine-In,11,21.0,No,Windy,Halloween,4.0,Beef Patty,0.553,66.21,27.12,Adequate,0.0532,Completed,City Center,0,,No,2,5,Monday,Saturday,3,55+,Bronze,3,3,3,5,0,0,4,1.0,1.7142857142857142
ORD-10243,CUST-1217,2024-10-31,11:47,Thursday,44,10,Autumn,Shawarma Wrap,Wraps,1,9.99,9.99,Online,Takeaway,10,,No,Cloudy,Halloween,,Chicken Breast,0.1992,29.97,34.39,Low Stock,0.0182,Completed,Airport,1,40.0,No,2,3,Sunday,Saturday,3,35-44,Gold,4,3,3,3,1,0,3,1.0,1.2857142857142858
ORD-10933,CUST-1327,2024-11-01,10:15,Friday,44,11,Autumn,Chicken Biryani,Rice Dishes,2,13.99,27.98,Digital Wallet,Dine-In,26,22.0,No,Rainy,,3.0,Basmati Rice,0.5924,77.01,27.77,Adequate,0.016,Completed,Downtown,0,,Yes,3,6,Friday,Saturday,4,25-34,Gold,8,4,3,2,0,0,1,2.0,1.8571428571428572
ORD-10959,CUST-1253,2024-11-01,10:55,Friday,44,11,Autumn,Lamb Biryani,Rice Dishes,1,16.49,16.49,Cash,Dine-In,28,23.0,No,Cloudy,,3.0,Basmati Rice,0.2933,53.92,19.67,Adequate,0.0391,Pending,City Center,0,,Yes,3,8,Saturday,Saturday,4,18-24,Gold,8,4,3,3,0,0,4,3.0,3.2857142857142856
ORD-10542,CUST-1191,2024-11-01,11:16,Friday,44,11,Autumn,Falafel Wrap,Wraps,3,7.22,21.66,Cash,Dine-In,10,7.0,Yes,Sunny,,5.0,Chickpeas,0.4023,109.89,20.84,Adequate,0.0512,Completed,Downtown,1,,Yes,2,5,Monday,Saturday,4,45-54,Gold,4,4,3,4,0,1,1,2.0,2.142857142857143
ORD-10616,CUST-1408,2024-11-01,17:20,Friday,44,11,Autumn,Falafel Wrap,Wraps,2,8.49,16.98,Credit Card,Dine-In,9,16.0,No,Windy,,3.0,Chickpeas,0.2666,36.88,23.63,Adequate,0.0425,Pending,City Center,0,,Yes,2,5,Monday,Saturday,4,18-24,Platinum,4,4,3,5,0,0,4,2.0,2.142857142857143
ORD-10546,CUST-1363,2024-11-01,20:59,Friday,44,11,Autumn,Double Cheeseburger,Burgers,2,11.49,22.98,Digital Wallet,Dine-In,14,12.0,No,Rainy,,4.0,Beef Patty,0.7133,24.07,27.19,Low Stock,0.0698,Completed,Suburbs,1,,No,1,2,Sunday,Sunday,4,35-44,Gold,3,4,3,2,0,0,2,3.0,2.0
ORD-10401,CUST-1481,2024-11-01,21:16,Friday,44,11,Autumn,Margherita Pizza,Pizza,2,11.04,22.08,Cash,Takeaway,22,,Yes,Sunny,,4.0,Pizza Dough,0.5377,71.47,25.26,Adequate,0.0764,Completed,Mall Branch,1,41.0,No,3,9,Saturday,Sunday,4,35-44,Platinum,6,4,3,4,1,1,0,2.0,2.2857142857142856
ORD-10344,CUST-1258,2024-11-02,18:26,Saturday,44,11,Autumn,Margherita Pizza,Pizza,3,11.04,33.12,Debit Card,Dine-In,17,20.0,Yes,Cloudy,,4.0,Pizza Dough,0.8331,29.22,33.68,Low Stock,0.0696,Completed,Airport,1,,No,3,9,Saturday,Saturday,5,45-54,Platinum,6,5,3,3,0,1,3,3.0,2.2857142857142856
ORD-10307,CUST-1022,2024-11-02,16:00,Saturday,44,11,Autumn,Penne Arrabbiata,Pasta,3,11.99,35.97,Cash,Dine-In,12,13.0,No,Sunny,,5.0,Penne Pasta,0.5587,42.87,23.89,Adequate,0.0323,Completed,City Center,0,,No,1,3,Saturday,Saturday,5,35-44,Platinum,0,5,3,4,0,0,4,2.0,1.7142857142857142
ORD-10742,CUST-1015,2024-11-02,12:15,Saturday,44,11,Autumn,Lamb Biryani,Rice Dishes,2,14.02,28.04,Online,Dine-In,28,13.0,Yes,Rainy,,5.0,Basmati Rice,0.6091,83.45,28.22,Adequate,0.0445,Completed,Mall Branch,1,,Yes,3,8,Saturday,Sunday,5,45-54,Platinum,8,5,3,2,0,1,0,4.0,3.0
ORD-10948,CUST-1171,2024-11-02,15:07,Saturday,44,11,Autumn,Chicken Biryani,Rice Dishes,3,11.89,35.67,Credit Card,Dine-In,20,6.0,Yes,Cloudy,,5.0,Basmati Rice,0.8719,94.3,24.0,Adequate,0.0723,Completed,Downtown,0,,No,3,6,Friday,Saturday,5,45-54,Gold,8,5,3,3,0,1,1,2.0,2.0
ORD-10228,CUST-1129,2024-11-03,13:44,Sunday,44,11,Autumn,Chicken Biryani,Rice Dishes,1,13.99,13.99,Cash,Dine-In,27,7.0,No,Windy,,3.0,Basmati Rice,0.298,72.85,30.8,Adequate,0.0058,Completed,Mall Branch,1,,Yes,3,6,Friday,Sunday,6,55+,Silver,8,6,3,5,0,0,0,2.0,1.8571428571428572
ORD-10978,CUST-1001,2024-11-03,19:01,Sunday,44,11,Autumn,Pepperoni Pizza,Pizza,3,12.32,36.96,Online,Takeaway,21,,Yes,Sunny,,5.0,Pizza Dough,0.8264,64.67,19.05,Adequate,0.0995,Completed,Airport,1,22.0,Yes,1,3,Sunday,Saturday,6,55+,Bronze,6,6,3,4,1,1,3,1.0,2.4285714285714284
ORD-10569,CUST-1357,2024-11-03,19:45,Sunday,44,11,Autumn,Shawarma Wrap,Wraps,2,9.99,19.98,Credit Card,Dine-In,12,6.0,No,Sunny,,4.0,Chicken Breast,0.4,62.6,24.88,Adequate,0.0587,Completed,Downtown,1,,No,2,3,Sunday,Saturday,6,18-24,Gold,4,6,3,4,0,0,1,1.0,1.4285714285714286
ORD-10931,CUST-1030,2024-11-04,10:38,Monday,45,11,Autumn,Classic Burger,Burgers,2,8.99,17.98,Digital Wallet,Dine-In,13,19.0,No,Cloudy,,5.0,Beef Patty,0.365,88.11,23.86,Adequate,0.0242,Completed,City Center,0,,Yes,3,4,Monday,Saturday,0,45-54,Bronze,3,0,3,3,0,0,4,2.0,1.7142857142857142
ORD-10433,CUST-1308,2024-11-04,17:44,Monday,45,11,Autumn,Mushroom Soup,Soups,2,6.99,13.98,Digital Wallet,Dine-In,8,29.0,No,Sunny,,4.0,Mushrooms,0.5718,39.52,25.6,Adequate,0.0712,Completed,City Center,0,,No,1,2,Sunday,Saturday,0,25-34,Silver,1,0,3,4,0,0,4,1.0,1.7142857142857142
ORD-10843,CUST-1329,2024-11-05,08:05,Tuesday,45,11,Autumn,French Fries,Sides,2,3.99,7.98,Online,Takeaway,6,,No,Sunny,,5.0,Potatoes,0.4243,52.45,26.83,Adequate,0.0194,Completed,Airport,0,42.0,Yes,4,12,Saturday,Saturday,1,35-44,Gold,9,1,3,4,1,0,3,1.0,1.7142857142857142
ORD-10467,CUST-1304,2024-11-05,09:00,Tuesday,45,11,Autumn,French Fries,Sides,4,3.99,15.96,Credit Card,Takeaway,5,,No,Sunny,,2.0,Potatoes,0.9043,114.45,32.64,Adequate,0.0591,Completed,Airport,0,30.0,No,4,12,Saturday,Saturday,1,35-44,Silver,9,1,3,4,1,0,3,2.0,2.0
ORD-10894,CUST-1023,2024-11-05,18:50,Tuesday,45,11,Autumn,Hot Coffee,Beverages,2,3.49,6.98,Debit Card,Takeaway,2,,No,Cloudy,,5.0,Coffee Beans,0.0377,111.67,34.89,Adequate,0.0349,Completed,Suburbs,1,51.0,Yes,1,2,Saturday,Sunday,1,35-44,Bronze,5,1,3,3,1,0,2,2.0,1.8571428571428572
ORD-10632,CUST-1202,2024-11-06,18:16,Wednesday,45,11,Autumn,French Fries,Sides,2,3.99,7.98,Cash,Dine-In,7,18.0,No,Sunny,,5.0,Potatoes,0.4322,80.43,32.04,Adequate,0.0117,Completed,Airport,1,,Yes,4,12,Saturday,Saturday,2,35-44,Silver,9,2,3,4,0,0,3,1.0,2.142857142857143
ORD-10674,CUST-1489,2024-11-06,14:27,Wednesday,45,11,Autumn,Classic Burger,Burgers,1,7.64,7.64,Online,Dine-In,11,20.0,Yes,Cloudy,,3.0,Beef Patty,0.1882,116.87,22.53,Adequate,0.0367,Completed,Mall Branch,1,,Yes,3,4,Monday,Sunday,2,25-34,Bronze,3,2,3,3,0,1,0,1.0,1.7142857142857142
ORD-10516,CUST-1126,2024-11-07,15:19,Thursday,45,11,Autumn,Double Cheeseburger,Burgers,3,11.49,34.47,Digital Wallet,Dine-In,14,13.0,No,Windy,,3.0,Beef Patty,1.0891,95.04,29.7,Adequate,0.0815,Completed,City Center,0,,Yes,1,3,Sunday,Saturday,3,18-24,Bronze,3,3,3,5,0,0,4,2.0,2.142857142857143
ORD-10481,CUST-1102,2024-11-07,17:46,Thursday,45,11,Autumn,French Fries,Sides,4,3.99,15.96,Debit Card,Dine-In,5,1.0,No,Windy,,3.0,Potatoes,0.9184,117.73,23.25,Adequate,0.0825,Pending,Downtown,0,,No,4,12,Saturday,Saturday,3,35-44,Silver,9,3,3,5,0,0,1,3.0,2.2857142857142856
ORD-10319,CUST-1269,2024-11-07,12:35,Thursday,45,11,Autumn,Lamb Biryani,Rice Dishes,4,16.49,65.96,Credit Card,Takeaway,23,,No,Windy,,5.0,Basmati Rice,1.2219,100.62,30.57,Adequate,0.1341,Completed,City Center,1,40.0,Yes,1,4,Saturday,Saturday,3,55+,Platinum,8,3,3,5,1,0,4,4.0,3.0
ORD-10057,CUST-1475,2024-11-08,19:48,Friday,45,11,Autumn,Classic Burger,Burgers,1,8.99,8.99,Debit Card,Dine-In,9,4.0,No,Rainy,,1.0,Beef Patty,0.1746,88.86,17.64,Adequate,0.0356,Pending,Suburbs,1,,No,3,4,Monday,Sunday,4,55+,Gold,3,4,3,2,0,0,2,1.0,1.7142857142857142
ORD-10261,CUST-1260,2024-11-10,12:54,Sunday,45,11,Autumn,Margherita Pizza,Pizza,1,12.99,12.99,Debit Card,Dine-In,17,24.0,No,Sunny,,,Pizza Dough,0.2774,81.85,18.41,Adequate,0.0358,Cancelled,City Center,1,,Yes,1,1,Saturday,Saturday,6,55+,Platinum,6,6,3,4,0,0,4,3.0,2.0
ORD-10520,CUST-1226,2024-11-10,13:13,Sunday,45,11,Autumn,Pepperoni Pizza,Pizza,2,14.49,28.98,Credit Card,Takeaway,15,,No,Rainy,,,Pizza Dough,0.5647,63.0,18.87,Adequate,0.0611,Completed,Airport,1,59.0,Yes,1,2,Sunday,Saturday,6,18-24,Gold,6,6,3,2,1,0,3,3.0,2.2857142857142856
ORD-10842,CUST-1383,2024-11-10,17:01,Sunday,45,11,Autumn,Penne Arrabbiata,Pasta,2,11.99,23.98,Cash,Takeaway,17,,No,Cloudy,,4.0,Penne Pasta,0.35,56.48,19.27,Adequate,0.0297,Completed,Suburbs,0,28.0,Yes,1,2,Saturday,Sunday,6,18-24,Bronze,0,6,3,3,1,0,2,1.0,1.8571428571428572
ORD-10350,CUST-1422,2024-11-11,17:22,Monday,46,11,Autumn,Classic Burger,Burgers,3,8.99,26.97,Debit Card,Dine-In,8,21.0,No,Rainy,,2.0,Beef Patty,0.5435,113.25,16.34,Adequate,0.0567,Completed,Mall Branch,0,,No,2,4,Monday,Sunday,0,55+,Bronze,3,0,3,2,0,0,0,1.0,2.0
ORD-10277,CUST-1180,2024-11-11,18:48,Monday,46,11,Autumn,BBQ Chicken Pizza,Pizza,3,15.99,47.97,Cash,Takeaway,22,,No,Cloudy,,5.0,Pizza Dough,0.8246,50.58,33.28,Adequate,0.0479,Completed,Mall Branch,1,41.0,No,1,3,Monday,Sunday,0,25-34,Bronze,6,0,3,3,1,0,0,2.0,2.142857142857143
ORD-10910,CUST-1052,2024-11-12,10:33,Tuesday,46,11,Autumn,Falafel Wrap,Wraps,1,7.22,7.22,Debit Card,Takeaway,9,,Yes,Rainy,,5.0,Chickpeas,0.1399,83.2,15.83,Adequate,0.0074,Completed,Downtown,0,38.0,Yes,1,1,Monday,Saturday,1,25-34,Platinum,4,1,3,2,1,1,1,3.0,1.8571428571428572
ORD-10754,CUST-1161,2024-11-12,15:15,Tuesday,46,11,Autumn,Onion Rings,Sides,1,4.49,4.49,Debit Card,Dine-In,9,5.0,No,Rainy,,,Onions,0.1732,60.94,34.27,Adequate,0.035,Cancelled,Downtown,0,,No,1,1,Sunday,Saturday,1,35-44,Platinum,9,1,3,2,0,0,1,3.0,2.5714285714285716
ORD-10876,CUST-1161,2024-11-12,17:53,Tuesday,46,11,Autumn,Chicken Biryani,Rice Dishes,3,13.99,41.97,Online,Dine-In,21,4.0,No,Cloudy,,4.0,Basmati Rice,0.9085,91.42,23.02,Adequate,0.0254,Completed,City Center,0,,Yes,3,7,Friday,Saturday,1,35-44,Platinum,8,1,3,3,0,0,4,2.0,2.0
ORD-10690,CUST-1132,2024-11-13,12:27,Wednesday,46,11,Autumn,Classic Burger,Burgers,1,8.99,8.99,Cash,Dine-In,9,13.0,No,Cloudy,,5.0,Beef Patty,0.1732,94.17,16.64,Adequate,0.0112,Completed,City Center,1,,No,2,4,Monday,Saturday,2,45-54,Silver,3,2,3,3,0,0,4,2.0,1.8571428571428572
ORD-10540,CUST-1403,2024-11-13,17:19,Wednesday,46,11,Autumn,Chicken Biryani,Rice Dishes,3,13.99,41.97,Online,Dine-In,25,5.0,No,Sunny,,4.0,Basmati Rice,0.8808,54.49,24.85,Adequate,0.1051,Completed,Downtown,0,,No,3,7,Friday,Saturday,2,35-44,Gold,8,2,3,4,0,0,1,2.0,2.142857142857143
ORD-10376,CUST-1347,2024-11-13,17:20,Wednesday,46,11,Autumn,Mushroom Soup,Soups,1,5.94,5.94,Cash,Dine-In,10,20.0,Yes,Sunny,,5.0,Mushrooms,0.2924,112.87,32.78,Adequate,0.009,Completed,Airport,0,,No,1,1,Sunday,Saturday,2,18-24,Silver,1,2,3,4,0,1,3,4.0,1.2857142857142858
ORD-10622,CUST-1407,2024-11-14,16:06,Thursday,46,11,Autumn,Double Cheeseburger,Burgers,1,11.49,11.49,Digital Wallet,Dine-In,11,20.0,No,Sunny,,5.0,Beef Patty,0.3753,28.94,15.98,Adequate,0.0256,Completed,Mall Branch,0,,Yes,1,1,Sunday,Sunday,3,25-34,Gold,3,3,3,4,0,0,0,3.0,1.8571428571428572
ORD-10732,CUST-1338,2024-11-14,19:20,Thursday,46,11,Autumn,Penne Arrabbiata,Pasta,2,11.99,23.98,Digital Wallet,Dine-In,17,19.0,No,Cloudy,,,Penne Pasta,0.3429,32.87,33.65,Low Stock,0.0943,Cancelled,Suburbs,1,,Yes,2,3,Saturday,Sunday,3,18-24,Silver,0,3,3,3,0,0,2,3.0,1.7142857142857142
ORD-10693,CUST-1276,2024-11-15,20:31,Friday,46,11,Autumn,Spaghetti Carbonara,Pasta,2,13.49,26.98,Cash,Takeaway,17,,No,Sunny,,2.0,Spaghetti,0.3746,98.9,29.81,Adequate,0.0261,Completed,Mall Branch,1,36.0,Yes,1,2,Friday,Sunday,4,25-34,Platinum,0,4,3,4,1,0,0,4.0,2.0
ORD-10930,CUST-1486,2024-11-15,11:19,Friday,46,11,Autumn,French Fries,Sides,2,3.99,7.98,Cash,Takeaway,7,,No,Rainy,,,Potatoes,0.4554,109.74,19.39,Adequate,0.034,Cancelled,Mall Branch,1,44.0,No,3,7,Saturday,Sunday,4,35-44,Bronze,9,4,3,2,1,0,0,1.0,2.4285714285714284
ORD-10440,CUST-1286,2024-11-15,12:53,Friday,46,11,Autumn,Pepperoni Pizza,Pizza,5,14.49,72.45,Credit Card,Dine-In,23,22.0,No,Cloudy,,5.0,Pizza Dough,1.367,68.66,19.17,Adequate,0.1777,Completed,Downtown,1,,Yes,5,14,Sunday,Saturday,4,25-34,Bronze,6,4,3,3,0,0,1,3.0,2.5714285714285716
ORD-10323,CUST-1213,2024-11-16,09:08,Saturday,46,11,Autumn,Pepperoni Pizza,Pizza,2,14.49,28.98,Cash,Takeaway,16,,No,Sunny,,,Pizza Dough,0.5718,100.02,22.46,Adequate,0.0438,Completed,Airport,0,31.0,No,5,14,Sunday,Saturday,5,45-54,Platinum,6,5,3,4,1,0,3,5.0,2.142857142857143
ORD-10821,CUST-1240,2024-11-16,11:25,Saturday,46,11,Autumn,Margherita Pizza,Pizza,1,12.99,12.99,Digital Wallet,Dine-In,19,4.0,No,Sunny,,5.0,Pizza Dough,0.2875,43.56,19.15,Adequate,0.0263,Completed,City Center,1,,Yes,1,1,Saturday,Saturday,5,25-34,Gold,6,5,3,4,0,0,4,1.0,2.0
ORD-10220,CUST-1135,2024-11-16,12:57,Saturday,46,11,Autumn,Chicken Biryani,Rice Dishes,1,13.99,13.99,Cash,Dine-In,25,12.0,No,Rainy,,4.0,Basmati Rice,0.2895,70.22,25.16,Adequate,0.0145,Completed,Mall Branch,1,,No,3,7,Friday,Sunday,5,35-44,Bronze,8,5,3,2,0,0,0,1.0,2.142857142857143
ORD-10529,CUST-1002,2024-11-16,17:05,Saturday,46,11,Autumn,Pepperoni Pizza,Pizza,5,14.49,72.45,Online,Dine-In,22,8.0,No,Cloudy,,4.0,Pizza Dough,1.4506,46.07,30.75,Adequate,0.1612,Pending,Suburbs,0,,Yes,5,14,Sunday,Sunday,5,25-34,Platinum,6,5,3,3,0,0,2,1.0,2.7142857142857144
ORD-10029,CUST-1369,2024-11-16,17:09,Saturday,46,11,Autumn,Veggie Burger,Burgers,3,9.49,28.47,Digital Wallet,Takeaway,9,,No,Cloudy,,5.0,Veggie Patty,0.5339,81.06,30.05,Adequate,0.0711,Completed,Mall Branch,0,30.0,No,1,3,Saturday,Sunday,5,55+,Silver,3,5,3,3,1,0,0,2.0,2.4285714285714284
ORD-10782,CUST-1321,2024-11-16,18:04,Saturday,46,11,Autumn,Penne Arrabbiata,Pasta,1,11.99,11.99,Digital Wallet,Dine-In,17,1.0,No,Sunny,,4.0,Penne Pasta,0.1723,39.48,31.27,Adequate,0.0316,Completed,Mall Branch,1,,Yes,2,3,Saturday,Sunday,5,35-44,Gold,0,5,3,4,0,0,0,1.0,1.7142857142857142
ORD-10548,CUST-1265,2024-11-16,22:31,Saturday,46,11,Autumn,French Fries,Sides,3,3.99,11.97,Credit Card,Dine-In,7,25.0,No,Sunny,,4.0,Potatoes,0.6865,118.85,24.96,Adequate,0.0153,Completed,City Center,0,,Yes,3,7,Saturday,Saturday,5,18-24,Bronze,9,5,3,4,0,0,4,2.0,2.5714285714285716
ORD-10764,CUST-1126,2024-11-17,18:22,Sunday,46,11,Autumn,French Fries,Sides,2,3.99,7.98,Credit Card,Takeaway,8,,No,Sunny,,1.0,Potatoes,0.4181,23.93,27.57,Low Stock,0.0341,Pending,Suburbs,1,36.0,Yes,3,7,Saturday,Sunday,6,18-24,Bronze,9,6,3,4,1,0,2,1.0,2.7142857142857144
ORD-10149,CUST-1211,2024-11-17,14:02,Sunday,46,11,Autumn,Pepperoni Pizza,Pizza,1,14.49,14.49,Debit Card,Dine-In,21,24.0,No,Rainy,,4.0,Pizza Dough,0.2891,89.85,25.13,Adequate,0.0261,Pending,Downtown,1,,No,5,14,Sunday,Saturday,6,35-44,Bronze,6,6,3,2,0,0,1,1.0,2.7142857142857144
ORD-10710,CUST-1208,2024-11-17,19:45,Sunday,46,11,Autumn,Pepperoni Pizza,Pizza,1,12.32,12.32,Digital Wallet,Takeaway,22,,Yes,Sunny,,4.0,Pizza Dough,0.2781,40.21,20.83,Adequate,0.0148,Completed,City Center,1,29.0,Yes,5,14,Sunday,Saturday,6,25-34,Platinum,6,6,3,4,1,1,4,1.0,2.7142857142857144
ORD-10003,CUST-1243,2024-11-17,10:31,Sunday,46,11,Autumn,Greek Salad,Salads,5,8.49,42.45,Credit Card,Dine-In,7,22.0,No,Windy,,4.0,Cucumber,0.5954,41.18,25.79,Adequate,0.0948,Pending,City Center,0,,No,1,5,Saturday,Saturday,6,55+,Bronze,7,6,3,5,0,0,4,2.0,2.2857142857142856
ORD-10077,CUST-1233,2024-11-17,10:32,Sunday,46,11,Autumn,Shawarma Wrap,Wraps,1,9.99,9.99,Credit Card,Dine-In,9,10.0,No,Sunny,,,Chicken Breast,0.2005,63.37,28.74,Adequate,0.0558,Cancelled,City Center,0,,No,1,1,Sunday,Saturday,6,25-34,Gold,4,6,3,4,0,0,4,3.0,1.1428571428571428
ORD-10379,CUST-1405,2024-11-18,20:57,Monday,47,11,Autumn,Classic Burger,Burgers,3,8.99,26.97,Credit Card,Takeaway,12,,No,Cloudy,,5.0,Beef Patty,0.521,31.09,18.29,Adequate,0.0414,Completed,Downtown,1,46.0,Yes,3,5,Monday,Saturday,0,45-54,Silver,3,0,3,3,1,0,1,2.0,2.0
ORD-10058,CUST-1004,2024-11-18,18:48,Monday,47,11,Autumn,Lemonade,Beverages,2,3.49,6.98,Digital Wallet,Dine-In,2,19.0,No,Sunny,,4.0,Lemons,0.1823,35.14,23.23,Adequate,0.0161,Completed,Mall Branch,1,,No,2,4,Sunday,Sunday,0,55+,Bronze,5,0,3,4,0,0,0,2.0,2.142857142857143
ORD-10101,CUST-1320,2024-11-18,12:45,Monday,47,11,Autumn,French Fries,Sides,1,3.99,3.99,Digital Wallet,Dine-In,6,14.0,No,Cloudy,,5.0,Potatoes,0.2153,94.29,31.18,Adequate,0.0349,Completed,Airport,1,,Yes,4,10,Saturday,Saturday,0,25-34,Bronze,9,0,3,3,0,0,3,2.0,2.5714285714285716
ORD-10466,CUST-1236,2024-11-18,17:35,Monday,47,11,Autumn,BBQ Chicken Pizza,Pizza,2,15.99,31.98,Online,Takeaway,17,,No,Cloudy,,,Pizza Dough,0.5421,106.12,18.2,Adequate,0.0946,Cancelled,Suburbs,0,28.0,Yes,2,3,Monday,Sunday,0,35-44,Gold,6,0,3,3,1,0,2,2.0,2.142857142857143
ORD-10246,CUST-1188,2024-11-19,08:12,Tuesday,47,11,Autumn,Pepperoni Pizza,Pizza,3,14.49,43.47,Cash,Dine-In,18,10.0,No,Sunny,,4.0,Pizza Dough,0.8519,40.26,26.85,Adequate,0.0444,Completed,City Center,0,,Yes,2,6,Sunday,Saturday,1,35-44,Silver,6,1,3,4,0,0,4,3.0,2.7142857142857144
ORD-10849,CUST-1388,2024-11-19,15:47,Tuesday,47,11,Autumn,Lemonade,Beverages,2,3.49,6.98,Digital Wallet,Dine-In,3,18.0,No,Sunny,,4.0,Lemons,0.1834,85.25,20.95,Adequate,0.0288,Completed,City Center,0,,No,2,4,Sunday,Saturday,1,35-44,Gold,5,1,3,4,0,0,4,1.0,2.2857142857142856
ORD-10869,CUST-1493,2024-11-19,19:46,Tuesday,47,11,Autumn,Caesar Salad,Salads,2,8.99,17.98,Credit Card,Takeaway,6,,No,Sunny,,4.0,Romaine Lettuce,0.5075,109.76,27.92,Adequate,0.0122,Pending,Suburbs,1,58.0,Yes,3,7,Tuesday,Sunday,1,18-24,Platinum,7,1,3,4,1,0,2,2.0,2.0
ORD-10399,CUST-1478,2024-11-20,14:00,Wednesday,47,11,Autumn,French Fries,Sides,3,3.99,11.97,Online,Takeaway,6,,No,Cloudy,,,Potatoes,0.6573,59.79,26.69,Adequate,0.0404,Cancelled,Suburbs,1,34.0,Yes,4,10,Saturday,Sunday,2,25-34,Silver,9,2,3,3,1,0,2,4.0,2.4285714285714284
ORD-10818,CUST-1436,2024-11-20,18:28,Wednesday,47,11,Autumn,Classic Burger,Burgers,1,8.99,8.99,Credit Card,Takeaway,10,,No,Sunny,,3.0,Beef Patty,0.1806,20.76,27.8,Low Stock,0.0398,Completed,Mall Branch,1,50.0,Yes,3,5,Monday,Sunday,2,55+,Bronze,3,2,3,4,1,0,0,3.0,1.7142857142857142
ORD-10743,CUST-1385,2024-11-20,19:34,Wednesday,47,11,Autumn,Shawarma Wrap,Wraps,1,8.49,8.49,Online,Takeaway,12,,Yes,Cloudy,,,Chicken Breast,0.2016,51.91,18.71,Adequate,0.0121,Cancelled,Mall Branch,1,47.0,Yes,2,6,Sunday,Sunday,2,25-34,Platinum,4,2,3,3,1,1,0,1.0,1.1428571428571428
ORD-10332,CUST-1218,2024-11-21,15:18,Thursday,47,11,Autumn,Margherita Pizza,Pizza,1,12.99,12.99,Debit Card,Dine-In,19,6.0,No,Sunny,,,Pizza Dough,0.288,72.96,26.73,Adequate,0.0386,Cancelled,Suburbs,0,,No,1,1,Saturday,Sunday,3,35-44,Silver,6,3,3,4,0,0,2,2.0,1.8571428571428572
ORD-10279,CUST-1460,2024-11-21,18:45,Thursday,47,11,Autumn,Caesar Salad,Salads,1,8.99,8.99,Credit Card,Dine-In,6,12.0,No,Windy,,4.0,Romaine Lettuce,0.2615,33.45,32.2,Adequate,0.0084,Pending,Downtown,1,,Yes,3,7,Tuesday,Saturday,3,18-24,Silver,7,3,3,5,0,0,1,1.0,2.0
ORD-10609,CUST-1204,2024-11-21,21:24,Thursday,47,11,Autumn,Shawarma Wrap,Wraps,5,9.99,49.95,Online,Takeaway,9,,No,Rainy,,3.0,Chicken Breast,1.0038,59.18,30.57,Adequate,0.0408,Completed,Suburbs,1,20.0,No,2,6,Sunday,Sunday,3,25-34,Silver,4,3,3,2,1,0,2,1.0,1.7142857142857142
ORD-10418,CUST-1306,2024-11-22,15:03,Friday,47,11,Autumn,Iced Coffee,Beverages,2,4.49,8.98,Cash,Takeaway,3,,No,Windy,,5.0,Coffee Beans,0.0351,55.5,26.96,Adequate,0.0171,Completed,City Center,0,34.0,Yes,1,2,Sunday,Saturday,4,45-54,Silver,5,4,3,5,1,0,4,4.0,2.5714285714285716
ORD-10275,CUST-1115,2024-11-22,16:37,Friday,47,11,Autumn,Veggie Burger,Burgers,3,9.49,28.47,Digital Wallet,Dine-In,13,10.0,No,Sunny,,5.0,Veggie Patty,0.5286,44.13,32.0,Adequate,0.1161,Completed,City Center,0,,No,1,3,Saturday,Saturday,4,55+,Silver,3,4,3,4,0,0,4,1.0,2.7142857142857144
ORD-10358,CUST-1298,2024-11-22,16:58,Friday,47,11,Autumn,Greek Salad,Salads,2,7.22,14.44,Debit Card,Dine-In,7,25.0,Yes,Windy,,4.0,Cucumber,0.2347,106.26,17.76,Adequate,0.0788,Completed,Suburbs,0,,No,1,2,Saturday,Sunday,4,55+,Bronze,7,4,3,5,0,1,2,2.0,2.2857142857142856
ORD-10005,CUST-1104,2024-11-22,17:39,Friday,47,11,Autumn,Double Cheeseburger,Burgers,2,11.49,22.98,Debit Card,Dine-In,13,9.0,No,Sunny,,,Beef Patty,0.7012,59.58,28.43,Adequate,0.045,Cancelled,Airport,0,,No,1,2,Sunday,Saturday,4,25-34,Platinum,3,4,3,4,0,0,3,1.0,2.0
ORD-10919,CUST-1191,2024-11-23,19:03,Saturday,47,11,Autumn,Lamb Biryani,Rice Dishes,5,14.02,70.1,Cash,Dine-In,30,13.0,Yes,Rainy,,,Basmati Rice,1.5104,30.6,29.99,Adequate,0.1654,Cancelled,Suburbs,1,,Yes,1,5,Saturday,Sunday,5,45-54,Gold,8,5,3,2,0,1,2,4.0,3.142857142857143
ORD-10877,CUST-1105,2024-11-23,18:59,Saturday,47,11,Autumn,Chicken Biryani,Rice Dishes,4,11.89,47.56,Cash,Dine-In,28,4.0,Yes,Cloudy,,,Basmati Rice,1.2207,65.19,25.65,Adequate,0.1533,Completed,Downtown,1,,Yes,2,9,Friday,Saturday,5,25-34,Bronze,8,5,3,3,0,1,1,2.0,2.4285714285714284
ORD-10255,CUST-1291,2024-11-23,15:39,Saturday,47,11,Autumn,Pepperoni Pizza,Pizza,3,14.49,43.47,Cash,Takeaway,21,,No,Sunny,,4.0,Pizza Dough,0.8492,92.38,31.25,Adequate,0.0688,Completed,Mall Branch,0,53.0,No,2,6,Sunday,Sunday,5,35-44,Silver,6,5,3,4,1,0,0,2.0,2.857142857142857
ORD-10329,CUST-1035,2024-11-23,09:58,Saturday,47,11,Autumn,Hot Coffee,Beverages,1,3.49,3.49,Cash,Takeaway,3,,No,Rainy,,1.0,Coffee Beans,0.0172,100.95,23.12,Adequate,0.0106,Completed,Suburbs,0,28.0,Yes,1,1,Saturday,Sunday,5,55+,Silver,5,5,3,2,1,0,2,1.0,1.8571428571428572
ORD-10010,CUST-1238,2024-11-23,11:24,Saturday,47,11,Autumn,French Fries,Sides,3,3.39,10.17,Online,Dine-In,8,18.0,Yes,Sunny,,4.0,Potatoes,0.6894,21.95,32.61,Low Stock,0.0651,Completed,City Center,1,,No,4,10,Saturday,Saturday,5,55+,Platinum,9,5,3,4,0,1,4,2.0,2.5714285714285716
ORD-10076,CUST-1160,2024-11-23,11:55,Saturday,47,11,Autumn,French Fries,Sides,3,3.99,11.97,Credit Card,Takeaway,8,,No,Windy,,,Potatoes,0.6408,97.35,26.53,Adequate,0.0974,Completed,Airport,1,31.0,No,4,10,Saturday,Saturday,5,45-54,Bronze,9,5,3,5,1,0,3,4.0,2.4285714285714284
ORD-10393,CUST-1497,2024-11-24,12:08,Sunday,47,11,Autumn,Chocolate Lava Cake,Desserts,4,6.99,27.96,Cash,Dine-In,11,23.0,No,Sunny,,,Chocolate,0.268,49.99,27.27,Adequate,0.2221,Cancelled,Downtown,1,,Yes,1,4,Friday,Saturday,6,18-24,Gold,2,6,3,4,0,0,1,1.0,3.4285714285714284
ORD-10214,CUST-1140,2024-11-24,16:15,Sunday,47,11,Autumn,Onion Rings,Sides,3,4.49,13.47,Cash,Dine-In,5,2.0,No,Sunny,,1.0,Onions,0.5598,31.09,33.54,Low Stock,0.0299,Completed,City Center,0,,No,1,3,Sunday,Saturday,6,35-44,Platinum,9,6,3,4,0,0,4,4.0,2.4285714285714284
ORD-10160,CUST-1264,2024-11-24,16:43,Sunday,47,11,Autumn,BBQ Chicken Pizza,Pizza,1,13.59,13.59,Credit Card,Dine-In,25,26.0,Yes,Windy,,4.0,Pizza Dough,0.2782,59.33,15.74,Adequate,0.007,Pending,Mall Branch,0,,Yes,2,3,Monday,Sunday,6,18-24,Silver,6,6,3,5,0,1,0,3.0,1.8571428571428572
ORD-10097,CUST-1384,2024-11-24,17:17,Sunday,47,11,Autumn,Chicken Biryani,Rice Dishes,5,13.99,69.95,Credit Card,Dine-In,25,8.0,No,Windy,,5.0,Basmati Rice,1.5659,23.26,21.95,Adequate,0.1959,Completed,Suburbs,0,,No,2,9,Friday,Sunday,6,18-24,Gold,8,6,3,5,0,0,2,2.0,2.857142857142857
ORD-10127,CUST-1294,2024-11-24,17:59,Sunday,47,11,Autumn,Classic Burger,Burgers,1,7.64,7.64,Cash,Dine-In,12,13.0,Yes,Sunny,,5.0,Beef Patty,0.1788,104.4,30.62,Adequate,0.0129,Completed,Suburbs,0,,No,3,5,Monday,Sunday,6,18-24,Gold,3,6,3,4,0,1,2,2.0,1.5714285714285714
ORD-10404,CUST-1290,2024-11-24,19:19,Sunday,47,11,Autumn,Caesar Salad,Salads,4,8.99,35.96,Online,Takeaway,5,,No,Windy,,4.0,Romaine Lettuce,1.0461,88.07,15.36,Adequate,0.0894,Completed,Downtown,1,48.0,Yes,3,7,Tuesday,Saturday,6,45-54,Gold,7,6,3,5,1,0,1,2.0,2.2857142857142856
ORD-10759,CUST-1117,2024-11-25,18:11,Monday,48,11,Autumn,Margherita Pizza,Pizza,1,12.99,12.99,Online,Dine-In,18,25.0,No,Cloudy,,,Pizza Dough,0.2714,98.75,29.31,Adequate,0.0368,Cancelled,Suburbs,1,,Yes,1,1,Saturday,Sunday,0,18-24,Bronze,6,0,3,3,0,0,2,1.0,1.8571428571428572
ORD-10431,CUST-1434,2024-11-25,12:50,Monday,48,11,Autumn,BBQ Chicken Pizza,Pizza,2,15.99,31.98,Cash,Dine-In,18,4.0,No,Sunny,,,Pizza Dough,0.5619,51.25,24.78,Adequate,0.0422,Cancelled,Mall Branch,1,,Yes,3,5,Monday,Sunday,0,55+,Silver,6,0,3,4,0,0,0,1.0,2.0
ORD-10218,CUST-1024,2024-11-26,20:00,Tuesday,48,11,Autumn,Mango Smoothie,Beverages,4,5.49,21.96,Credit Card,Takeaway,5,,No,Cloudy,,4.0,Mango,0.8233,57.96,28.97,Adequate,0.0845,Pending,City Center,1,27.0,Yes,2,8,Saturday,Saturday,1,55+,Gold,5,1,3,3,1,0,4,2.0,2.7142857142857144
ORD-10532,CUST-1401,2024-11-26,14:36,Tuesday,48,11,Autumn,Classic Burger,Burgers,3,8.99,26.97,Cash,Takeaway,14,,No,Rainy,,5.0,Beef Patty,0.5424,47.83,26.52,Adequate,0.059,Completed,Downtown,1,51.0,Yes,2,4,Monday,Saturday,1,35-44,Platinum,3,1,3,2,1,0,1,1.0,1.8571428571428572
ORD-10020,CUST-1321,2024-11-26,12:51,Tuesday,48,11,Autumn,BBQ Chicken Pizza,Pizza,2,15.99,31.98,Debit Card,Takeaway,21,,No,Rainy,,2.0,Pizza Dough,0.5339,56.49,17.63,Adequate,0.0623,Completed,Suburbs,1,28.0,No,3,5,Monday,Sunday,1,35-44,Gold,6,1,3,2,1,0,2,3.0,1.8571428571428572
ORD-10222,CUST-1337,2024-11-26,10:43,Tuesday,48,11,Autumn,Lamb Biryani,Rice Dishes,2,14.02,28.04,Cash,Dine-In,23,8.0,Yes,Cloudy,,2.0,Basmati Rice,0.6145,117.33,22.19,Adequate,0.0744,Pending,City Center,0,,Yes,3,7,Saturday,Saturday,1,25-34,Silver,8,1,3,3,0,1,4,1.0,3.2857142857142856
ORD-10908,CUST-1386,2024-11-27,16:06,Wednesday,48,11,Autumn,Tomato Soup,Soups,2,6.49,12.98,Credit Card,Takeaway,12,,No,Windy,,1.0,Tomatoes,0.6876,49.29,20.74,Adequate,0.0262,Completed,Suburbs,0,27.0,Yes,2,5,Saturday,Sunday,2,18-24,Platinum,1,2,3,5,1,0,2,1.0,2.2857142857142856
ORD-10578,CUST-1212,2024-11-27,16:22,Wednesday,48,11,Autumn,Lamb Biryani,Rice Dishes,3,14.02,42.06,Online,Dine-In,24,11.0,Yes,Windy,,5.0,Basmati Rice,0.8778,88.0,19.23,Adequate,0.0573,Completed,Mall Branch,0,,Yes,3,7,Saturday,Sunday,2,25-34,Silver,8,2,3,5,0,1,0,4.0,3.142857142857143
ORD-10023,CUST-1055,2024-11-28,12:41,Thursday,48,11,Autumn,Chocolate Lava Cake,Desserts,1,6.99,6.99,Online,Dine-In,15,22.0,No,Rainy,Thanksgiving,2.0,Chocolate,0.0688,34.83,17.52,Adequate,0.0255,Completed,Downtown,1,,No,1,1,Friday,Saturday,3,45-54,Platinum,2,3,3,2,0,0,1,3.0,3.142857142857143
ORD-10349,CUST-1098,2024-11-28,22:07,Thursday,48,11,Autumn,Mushroom Soup,Soups,3,6.99,20.97,Cash,Dine-In,11,22.0,No,Cloudy,Thanksgiving,,Mushrooms,0.9291,102.33,15.51,Adequate,0.0986,Cancelled,Airport,0,,No,1,3,Sunday,Saturday,3,55+,Bronze,1,3,3,3,0,0,3,1.0,1.5714285714285714
ORD-10539,CUST-1133,2024-11-29,19:43,Friday,48,11,Autumn,Spaghetti Carbonara,Pasta,4,13.49,53.96,Debit Card,Dine-In,18,14.0,No,Cloudy,,4.0,Spaghetti,0.6959,101.41,26.56,Adequate,0.0368,Completed,Mall Branch,1,,Yes,1,4,Friday,Sunday,4,55+,Gold,0,4,3,3,0,0,0,1.0,2.4285714285714284
ORD-10030,CUST-1191,2024-11-29,19:59,Friday,48,11,Autumn,Classic Burger,Burgers,1,8.99,8.99,Digital Wallet,Dine-In,13,3.0,No,Rainy,,2.0,Beef Patty,0.1852,33.76,20.74,Adequate,0.0341,Completed,Airport,1,,No,2,4,Monday,Saturday,4,45-54,Gold,3,4,3,2,0,0,3,1.0,1.8571428571428572
ORD-10613,CUST-1108,2024-11-29,21:40,Friday,48,11,Autumn,Mango Smoothie,Beverages,4,5.49,21.96,Digital Wallet,Dine-In,4,27.0,No,Sunny,,,Mango,0.7667,80.15,34.47,Adequate,0.1908,Cancelled,Suburbs,1,,No,2,8,Saturday,Sunday,4,45-54,Gold,5,4,3,4,0,0,2,1.0,3.142857142857143
ORD-10176,CUST-1066,2024-11-29,22:08,Friday,48,11,Autumn,Lamb Biryani,Rice Dishes,2,14.02,28.04,Credit Card,Takeaway,28,,Yes,Cloudy,,5.0,Basmati Rice,0.5795,77.51,21.21,Adequate,0.0602,Pending,Suburbs,0,33.0,No,3,7,Saturday,Sunday,4,25-34,Silver,8,4,3,3,1,1,2,5.0,2.7142857142857144
ORD-10969,CUST-1333,2024-11-30,10:26,Saturday,48,11,Autumn,Pepperoni Pizza,Pizza,1,12.32,12.32,Debit Card,Dine-In,21,21.0,Yes,Rainy,,5.0,Pizza Dough,0.2839,56.86,17.81,Adequate,0.0179,Pending,Mall Branch,0,,Yes,2,5,Sunday,Sunday,5,45-54,Silver,6,5,3,2,0,1,0,5.0,2.2857142857142856
ORD-10736,CUST-1353,2024-11-30,11:41,Saturday,48,11,Autumn,BBQ Chicken Pizza,Pizza,1,15.99,15.99,Debit Card,Takeaway,24,,No,Rainy,,5.0,Pizza Dough,0.2912,65.94,16.0,Adequate,0.0062,Completed,Mall Branch,1,24.0,Yes,3,5,Monday,Sunday,5,18-24,Bronze,6,5,3,2,1,0,0,2.0,1.7142857142857142
ORD-10139,CUST-1306,2024-11-30,12:33,Saturday,48,11,Autumn,Falafel Wrap,Wraps,1,8.49,8.49,Debit Card,Takeaway,9,,No,Cloudy,,,Chickpeas,0.1375,51.62,31.9,Adequate,0.0406,Cancelled,City Center,1,26.0,No,1,1,Monday,Saturday,5,45-54,Silver,4,5,3,3,1,0,4,2.0,1.7142857142857142
ORD-10839,CUST-1350,2024-11-30,20:28,Saturday,48,11,Autumn,Tomato Soup,Soups,3,5.52,16.56,Credit Card,Dine-In,8,23.0,Yes,Windy,,,Tomatoes,1.0569,106.4,22.93,Adequate,0.0882,Cancelled,Airport,1,,Yes,2,5,Saturday,Saturday,5,18-24,Bronze,1,5,3,5,0,1,3,5.0,2.0
ORD-10850,CUST-1309,2024-12-01,18:16,Sunday,48,12,Winter,Pepperoni Pizza,Pizza,4,12.32,49.28,Digital Wallet,Dine-In,17,21.0,Yes,Cold,,5.0,Pizza Dough,1.1759,26.17,22.88,Adequate,0.1195,Pending,Mall Branch,1,,Yes,2,5,Sunday,Sunday,6,25-34,Silver,6,6,0,1,0,1,0,2.0,2.5714285714285716
ORD-10661,CUST-1229,2024-12-03,18:11,Tuesday,49,12,Winter,Shawarma Wrap,Wraps,4,9.99,39.96,Online,Takeaway,11,,No,Cloudy,,2.0,Chicken Breast,0.8136,103.97,18.35,Adequate,0.0978,Pending,Downtown,1,38.0,No,4,7,Sunday,Saturday,1,55+,Bronze,4,1,0,3,1,0,1,1.0,2.142857142857143
ORD-10233,CUST-1172,2024-12-04,08:51,Wednesday,49,12,Winter,Onion Rings,Sides,1,4.49,4.49,Online,Takeaway,5,,No,Cold,,,Onions,0.1775,85.92,30.65,Adequate,0.0094,Completed,Airport,0,38.0,No,1,1,Sunday,Saturday,2,35-44,Bronze,9,2,0,1,1,0,3,2.0,2.2857142857142856
ORD-10630,CUST-1184,2024-12-04,11:36,Wednesday,49,12,Winter,Cheesecake,Desserts,2,5.99,11.98,Credit Card,Takeaway,4,,No,Cold,,,Cream Cheese,0.2355,89.47,26.71,Adequate,0.0539,Completed,Downtown,1,34.0,No,2,5,Saturday,Saturday,2,35-44,Platinum,2,2,0,1,1,0,1,4.0,2.7142857142857144
ORD-10049,CUST-1300,2024-12-04,12:34,Wednesday,49,12,Winter,Shawarma Wrap,Wraps,1,9.99,9.99,Digital Wallet,Dine-In,12,7.0,No,Cloudy,,5.0,Chicken Breast,0.196,76.4,26.33,Adequate,0.0364,Completed,Downtown,1,,No,4,7,Sunday,Saturday,2,45-54,Platinum,4,2,0,3,0,0,1,1.0,2.142857142857143
ORD-10879,CUST-1330,2024-12-04,15:55,Wednesday,49,12,Winter,BBQ Chicken Pizza,Pizza,3,13.59,40.77,Cash,Dine-In,19,11.0,Yes,Cold,,,Pizza Dough,0.8061,108.17,24.52,Adequate,0.1154,Cancelled,Downtown,0,,Yes,2,5,Monday,Saturday,2,55+,Bronze,6,2,0,1,0,1,1,1.0,2.0
ORD-10589,CUST-1472,2024-12-05,08:05,Thursday,49,12,Winter,Cheesecake,Desserts,3,5.99,17.97,Cash,Dine-In,3,1.0,No,Cloudy,,4.0,Cream Cheese,0.3745,27.96,26.55,Adequate,0.0684,Completed,Suburbs,0,,Yes,2,5,Saturday,Sunday,3,25-34,Silver,2,3,0,3,0,0,2,3.0,2.7142857142857144
ORD-10361,CUST-1489,2024-12-05,11:36,Thursday,49,12,Winter,Chocolate Lava Cake,Desserts,4,6.99,27.96,Credit Card,Dine-In,11,6.0,No,Cold,,4.0,Chocolate,0.2681,50.32,26.06,Adequate,0.1455,Completed,City Center,1,,Yes,2,6,Friday,Saturday,3,25-34,Bronze,2,3,0,1,0,0,4,2.0,3.4285714285714284
ORD-10889,CUST-1143,2024-12-05,20:57,Thursday,49,12,Winter,Lemonade,Beverages,4,3.49,13.96,Online,Dine-In,2,26.0,No,Cloudy,,2.0,Lemons,0.3653,99.89,27.03,Adequate,0.025,Completed,Suburbs,1,,Yes,2,5,Sunday,Sunday,3,18-24,Platinum,5,3,0,3,0,0,2,3.0,2.4285714285714284
ORD-10859,CUST-1148,2024-12-06,18:44,Friday,49,12,Winter,Chocolate Lava Cake,Desserts,2,5.94,11.88,Digital Wallet,Dine-In,10,12.0,Yes,Cloudy,,,Chocolate,0.1373,27.84,22.02,Adequate,0.0147,Completed,City Center,1,,No,2,6,Friday,Saturday,4,45-54,Bronze,2,4,0,3,0,1,4,4.0,3.142857142857143
ORD-10248,CUST-1468,2024-12-07,11:23,Saturday,49,12,Winter,Shawarma Wrap,Wraps,1,9.99,9.99,Debit Card,Dine-In,9,12.0,No,Rainy,,4.0,Chicken Breast,0.2029,84.17,22.97,Adequate,0.0269,Completed,Downtown,1,,No,4,7,Sunday,Saturday,5,18-24,Bronze,4,5,0,2,0,0,1,1.0,2.142857142857143
ORD-10777,CUST-1334,2024-12-07,12:23,Saturday,49,12,Winter,Shawarma Wrap,Wraps,1,8.49,8.49,Debit Card,Takeaway,12,,Yes,Rainy,,5.0,Chicken Breast,0.1944,91.17,31.4,Adequate,0.0326,Completed,Mall Branch,1,49.0,Yes,4,7,Sunday,Sunday,5,18-24,Bronze,4,5,0,2,1,1,0,2.0,2.0
ORD-10827,CUST-1112,2024-12-07,16:49,Saturday,49,12,Winter,Pepperoni Pizza,Pizza,1,14.49,14.49,Online,Dine-In,15,5.0,No,Cloudy,,5.0,Pizza Dough,0.2734,34.8,26.17,Adequate,0.0118,Completed,Suburbs,0,,Yes,1,1,Sunday,Sunday,5,35-44,Bronze,6,5,0,3,0,0,2,5.0,2.0
ORD-10851,CUST-1235,2024-12-07,17:10,Saturday,49,12,Winter,Tomato Soup,Soups,2,6.49,12.98,Cash,Dine-In,9,15.0,No,Snowy,,4.0,Tomatoes,0.7065,91.42,15.74,Adequate,0.0585,Completed,City Center,0,,No,1,2,Saturday,Saturday,5,18-24,Silver,1,5,0,0,0,0,4,1.0,2.142857142857143
ORD-10522,CUST-1280,2024-12-07,18:35,Saturday,49,12,Winter,Lemonade,Beverages,1,3.49,3.49,Online,Takeaway,2,,No,Rainy,,3.0,Lemons,0.0857,98.48,22.87,Adequate,0.0154,Completed,City Center,1,46.0,Yes,2,5,Sunday,Saturday,5,18-24,Gold,5,5,0,2,1,0,4,2.0,2.2857142857142856
ORD-10256,CUST-1139,2024-12-08,18:11,Sunday,49,12,Winter,BBQ Chicken Pizza,Pizza,2,15.99,31.98,Debit Card,Takeaway,17,,No,Cold,,5.0,Pizza Dough,0.5474,66.24,30.81,Adequate,0.0255,Completed,Mall Branch,1,38.0,No,2,5,Monday,Sunday,6,25-34,Silver,6,6,0,1,1,0,0,3.0,1.8571428571428572
ORD-10528,CUST-1309,2024-12-08,16:45,Sunday,49,12,Winter,French Fries,Sides,2,3.99,7.98,Debit Card,Dine-In,8,13.0,No,Snowy,,5.0,Potatoes,0.4612,23.06,17.12,Adequate,0.0416,Completed,Mall Branch,0,,Yes,1,2,Saturday,Sunday,6,25-34,Silver,9,6,0,0,0,0,0,2.0,2.4285714285714284
ORD-10366,CUST-1454,2024-12-08,16:24,Sunday,49,12,Winter,Spaghetti Carbonara,Pasta,4,13.49,53.96,Digital Wallet,Dine-In,12,3.0,No,Snowy,,,Spaghetti,0.6858,119.01,33.6,Adequate,0.0989,Cancelled,Mall Branch,0,,No,1,4,Friday,Sunday,6,25-34,Gold,0,6,0,0,0,0,0,3.0,2.5714285714285716
ORD-10723,CUST-1062,2024-12-09,12:37,Monday,50,12,Winter,Spaghetti Carbonara,Pasta,2,13.49,26.98,Credit Card,Dine-In,14,29.0,No,Cloudy,,5.0,Spaghetti,0.3701,34.59,28.3,Adequate,0.0369,Completed,City Center,1,,Yes,2,6,Friday,Saturday,0,25-34,Platinum,0,0,0,3,0,0,4,1.0,2.7142857142857144
ORD-10105,CUST-1039,2024-12-09,13:45,Monday,50,12,Winter,Classic Burger,Burgers,2,8.99,17.98,Credit Card,Takeaway,12,,No,Snowy,,2.0,Beef Patty,0.3611,38.95,25.52,Adequate,0.0538,Pending,Mall Branch,1,39.0,No,3,6,Monday,Sunday,0,18-24,Platinum,3,0,0,0,1,0,0,3.0,1.7142857142857142
ORD-10602,CUST-1165,2024-12-09,17:10,Monday,50,12,Winter,Classic Burger,Burgers,1,8.99,8.99,Cash,Dine-In,9,8.0,No,Cold,,2.0,Beef Patty,0.179,74.17,33.23,Adequate,0.0051,Completed,Mall Branch,0,,Yes,3,6,Monday,Sunday,0,25-34,Silver,3,0,0,1,0,0,0,1.0,1.7142857142857142
ORD-10456,CUST-1301,2024-12-09,20:30,Monday,50,12,Winter,Iced Coffee,Beverages,1,4.49,4.49,Digital Wallet,Dine-In,2,4.0,No,Cold,,,Coffee Beans,0.0178,98.07,17.1,Adequate,0.0443,Cancelled,City Center,1,,Yes,1,1,Sunday,Saturday,0,45-54,Platinum,5,0,0,1,0,0,4,2.0,2.4285714285714284
ORD-10229,CUST-1294,2024-12-10,12:45,Tuesday,50,12,Winter,Spaghetti Carbonara,Pasta,4,11.47,45.88,Cash,Dine-In,16,18.0,Yes,Rainy,,4.0,Spaghetti,0.7127,25.66,28.95,Low Stock,0.0859,Completed,Airport,1,,Yes,2,6,Friday,Saturday,1,18-24,Gold,0,1,0,2,0,1,3,3.0,2.857142857142857
ORD-10315,CUST-1418,2024-12-10,12:51,Tuesday,50,12,Winter,Chocolate Lava Cake,Desserts,2,5.94,11.88,Credit Card,Takeaway,11,,Yes,Rainy,,,Chocolate,0.1347,66.25,30.22,Adequate,0.0663,Cancelled,City Center,1,37.0,No,1,2,Friday,Saturday,1,25-34,Gold,2,1,0,2,1,1,4,5.0,2.7142857142857144
ORD-10074,CUST-1154,2024-12-11,18:17,Wednesday,50,12,Winter,Chicken Biryani,Rice Dishes,1,13.99,13.99,Debit Card,Dine-In,26,15.0,No,Cloudy,,,Basmati Rice,0.2969,30.23,25.23,Adequate,0.0387,Cancelled,City Center,1,,No,1,1,Friday,Saturday,2,25-34,Gold,8,2,0,3,0,0,4,3.0,2.5714285714285716
ORD-10384,CUST-1099,2024-12-11,18:50,Wednesday,50,12,Winter,Lamb Biryani,Rice Dishes,2,16.49,32.98,Credit Card,Takeaway,20,,No,Snowy,,5.0,Basmati Rice,0.6199,99.01,15.7,Adequate,0.042,Completed,Airport,1,28.0,Yes,3,11,Saturday,Saturday,2,25-34,Gold,8,2,0,0,1,0,3,1.0,2.857142857142857
ORD-10508,CUST-1407,2024-12-12,11:10,Thursday,50,12,Winter,Pepperoni Pizza,Pizza,2,14.49,28.98,Online,Dine-In,22,27.0,No,Cold,,,Pizza Dough,0.5497,47.27,30.99,Adequate,0.0195,Cancelled,Suburbs,1,,Yes,2,3,Sunday,Sunday,3,25-34,Gold,6,3,0,1,0,0,2,1.0,2.142857142857143
ORD-10828,CUST-1076,2024-12-12,11:47,Thursday,50,12,Winter,Double Cheeseburger,Burgers,1,11.49,11.49,Online,Dine-In,16,11.0,No,Rainy,,2.0,Beef Patty,0.3508,58.55,20.35,Adequate,0.0358,Completed,Airport,1,,Yes,2,2,Sunday,Saturday,3,35-44,Bronze,3,3,0,2,0,0,3,1.0,2.0
ORD-10888,CUST-1319,2024-12-12,17:38,Thursday,50,12,Winter,Classic Burger,Burgers,3,8.99,26.97,Debit Card,Takeaway,11,,No,Cloudy,,5.0,Beef Patty,0.562,94.8,15.68,Adequate,0.0726,Completed,Mall Branch,0,48.0,No,3,6,Monday,Sunday,3,35-44,Silver,3,3,0,3,1,0,0,3.0,1.7142857142857142
ORD-10013,CUST-1405,2024-12-13,18:31,Friday,50,12,Winter,Shawarma Wrap,Wraps,1,9.99,9.99,Online,Takeaway,9,,No,Cold,,4.0,Chicken Breast,0.1961,78.16,24.47,Adequate,0.0199,Completed,Mall Branch,1,48.0,No,3,7,Sunday,Sunday,4,45-54,Silver,4,4,0,1,1,0,0,1.0,2.0
ORD-10678,CUST-1443,2024-12-14,19:21,Saturday,50,12,Winter,Shawarma Wrap,Wraps,1,9.99,9.99,Cash,Takeaway,10,,No,Snowy,,2.0,Chicken Breast,0.2058,47.76,33.65,Adequate,0.0305,Pending,City Center,1,53.0,Yes,3,7,Sunday,Saturday,5,45-54,Platinum,4,5,0,0,1,0,4,1.0,2.0
ORD-10544,CUST-1072,2024-12-14,17:37,Saturday,50,12,Winter,Tomato Soup,Soups,2,6.49,12.98,Debit Card,Dine-In,11,22.0,No,Rainy,,5.0,Tomatoes,0.7042,26.65,21.61,Adequate,0.0399,Completed,Airport,0,,Yes,1,2,Saturday,Saturday,5,45-54,Gold,1,5,0,2,0,0,3,2.0,2.142857142857143
ORD-10576,CUST-1334,2024-12-14,15:21,Saturday,50,12,Winter,Penne Arrabbiata,Pasta,3,11.99,35.97,Debit Card,Takeaway,16,,No,Rainy,,4.0,Penne Pasta,0.5501,58.44,28.24,Adequate,0.1081,Completed,Downtown,0,20.0,Yes,1,3,Saturday,Saturday,5,18-24,Bronze,0,5,0,2,1,0,1,1.0,2.0
ORD-10450,CUST-1168,2024-12-14,10:56,Saturday,50,12,Winter,Double Cheeseburger,Burgers,1,11.49,11.49,Cash,Takeaway,10,,No,Cold,,5.0,Beef Patty,0.3474,21.82,27.72,Low Stock,0.0177,Completed,Airport,0,36.0,Yes,2,2,Sunday,Saturday,5,18-24,Gold,3,5,0,1,1,0,3,1.0,2.0
ORD-10662,CUST-1386,2024-12-15,11:34,Sunday,50,12,Winter,Pepperoni Pizza,Pizza,1,14.49,14.49,Credit Card,Dine-In,17,28.0,No,Cold,,,Pizza Dough,0.2794,54.21,23.51,Adequate,0.0491,Cancelled,Airport,1,,Yes,2,3,Sunday,Saturday,6,18-24,Platinum,6,6,0,1,0,0,3,1.0,2.142857142857143
ORD-10608,CUST-1392,2024-12-15,14:13,Sunday,50,12,Winter,Lamb Biryani,Rice Dishes,4,16.49,65.96,Credit Card,Dine-In,29,20.0,No,Cloudy,,5.0,Basmati Rice,1.2115,66.84,30.14,Adequate,0.0991,Pending,Suburbs,1,,No,3,11,Saturday,Sunday,6,25-34,Bronze,8,6,0,3,0,0,2,2.0,3.142857142857143
ORD-10282,CUST-1307,2024-12-15,17:11,Sunday,50,12,Winter,Shawarma Wrap,Wraps,5,8.49,42.45,Online,Takeaway,7,,Yes,Cold,,4.0,Chicken Breast,1.0007,101.44,23.9,Adequate,0.1887,Completed,Mall Branch,0,29.0,No,3,7,Sunday,Sunday,6,35-44,Bronze,4,6,0,1,1,1,0,5.0,2.0
ORD-10343,CUST-1439,2024-12-15,17:32,Sunday,50,12,Winter,Lamb Biryani,Rice Dishes,5,16.49,82.45,Cash,Dine-In,29,17.0,No,Rainy,,5.0,Basmati Rice,1.4266,38.48,31.41,Adequate,0.0437,Completed,Downtown,0,,No,3,11,Saturday,Saturday,6,55+,Bronze,8,6,0,2,0,0,1,4.0,3.2857142857142856
ORD-10865,CUST-1347,2024-12-16,10:57,Monday,51,12,Winter,Classic Burger,Burgers,4,8.99,35.96,Credit Card,Dine-In,10,4.0,No,Rainy,,2.0,Beef Patty,0.7022,46.11,23.18,Adequate,0.0815,Completed,Suburbs,0,,Yes,4,12,Monday,Sunday,0,18-24,Silver,3,0,0,2,0,0,2,1.0,2.142857142857143
ORD-10197,CUST-1219,2024-12-16,11:22,Monday,51,12,Winter,Lamb Biryani,Rice Dishes,3,16.49,49.47,Online,Takeaway,22,,No,Cloudy,,4.0,Basmati Rice,0.8804,28.26,23.58,Adequate,0.0916,Pending,Airport,1,41.0,No,1,3,Saturday,Saturday,0,35-44,Silver,8,0,0,3,1,0,3,5.0,3.0
ORD-10213,CUST-1219,2024-12-16,12:25,Monday,51,12,Winter,Margherita Pizza,Pizza,2,12.99,25.98,Credit Card,Takeaway,16,,No,Rainy,,5.0,Pizza Dough,0.5546,51.81,18.17,Adequate,0.0597,Completed,Mall Branch,1,56.0,Yes,1,2,Saturday,Sunday,0,35-44,Silver,6,0,0,2,1,0,0,4.0,1.5714285714285714
ORD-10688,CUST-1066,2024-12-17,15:35,Tuesday,51,12,Winter,Hot Coffee,Beverages,3,3.49,10.47,Credit Card,Takeaway,3,,No,Cold,,5.0,Coffee Beans,0.0537,111.84,16.76,Adequate,0.0719,Completed,Suburbs,0,40.0,Yes,2,5,Saturday,Sunday,1,25-34,Silver,5,1,0,1,1,0,2,3.0,1.8571428571428572
ORD-10465,CUST-1424,2024-12-17,16:06,Tuesday,51,12,Winter,Cheesecake,Desserts,4,5.99,23.96,Credit Card,Dine-In,3,16.0,No,Snowy,,1.0,Cream Cheese,0.4776,108.35,30.19,Adequate,0.076,Completed,Downtown,0,,Yes,2,5,Saturday,Saturday,1,35-44,Gold,2,1,0,0,0,0,1,4.0,2.7142857142857144
ORD-10672,CUST-1280,2024-12-18,16:10,Wednesday,51,12,Winter,Mushroom Soup,Soups,1,6.99,6.99,Credit Card,Dine-In,9,7.0,No,Rainy,,,Mushrooms,0.2969,76.26,27.7,Adequate,0.0331,Cancelled,Mall Branch,0,,Yes,2,3,Sunday,Sunday,2,18-24,Gold,1,2,0,2,0,0,0,2.0,1.4285714285714286
ORD-10241,CUST-1489,2024-12-18,18:26,Wednesday,51,12,Winter,Chocolate Lava Cake,Desserts,1,6.99,6.99,Digital Wallet,Dine-In,14,15.0,No,Rainy,,5.0,Chocolate,0.0719,68.37,31.09,Adequate,0.0194,Completed,Mall Branch,1,,Yes,1,1,Friday,Sunday,2,25-34,Bronze,2,2,0,2,0,0,0,4.0,2.2857142857142856
ORD-10046,CUST-1282,2024-12-18,22:30,Wednesday,51,12,Winter,Hot Coffee,Beverages,2,3.49,6.98,Digital Wallet,Dine-In,2,8.0,No,Cold,,4.0,Coffee Beans,0.0353,55.96,32.66,Adequate,0.0662,Completed,Airport,0,,No,2,5,Saturday,Saturday,2,55+,Gold,5,2,0,1,0,0,3,1.0,2.0
ORD-10192,CUST-1150,2024-12-19,22:42,Thursday,51,12,Winter,Classic Burger,Burgers,1,8.99,8.99,Online,Dine-In,12,26.0,No,Cold,,4.0,Beef Patty,0.1804,118.6,22.04,Adequate,0.0123,Completed,Airport,0,,Yes,4,12,Monday,Saturday,3,55+,Platinum,3,3,0,1,0,0,3,1.0,2.142857142857143
ORD-10324,CUST-1427,2024-12-19,19:26,Thursday,51,12,Winter,Lemonade,Beverages,4,3.49,13.96,Digital Wallet,Dine-In,3,11.0,No,Cold,,4.0,Lemons,0.3714,86.84,26.59,Adequate,0.0206,Completed,Downtown,1,,Yes,1,4,Sunday,Saturday,3,55+,Bronze,5,3,0,1,0,0,1,3.0,2.4285714285714284
ORD-10658,CUST-1109,2024-12-20,08:58,Friday,51,12,Winter,French Fries,Sides,5,3.99,19.95,Debit Card,Dine-In,5,23.0,No,Cold,,1.0,Potatoes,1.1509,63.5,28.91,Adequate,0.1979,Completed,Airport,0,,Yes,1,5,Saturday,Saturday,4,45-54,Silver,9,4,0,1,0,0,3,3.0,2.7142857142857144
ORD-10706,CUST-1299,2024-12-20,11:12,Friday,51,12,Winter,Penne Arrabbiata,Pasta,1,11.99,11.99,Debit Card,Takeaway,15,,No,Cold,,5.0,Penne Pasta,0.1881,29.72,33.68,Low Stock,0.0296,Completed,City Center,1,36.0,Yes,1,1,Saturday,Saturday,4,45-54,Bronze,0,4,0,1,1,0,4,2.0,1.8571428571428572
ORD-10503,CUST-1198,2024-12-20,18:20,Friday,51,12,Winter,Shawarma Wrap,Wraps,2,9.99,19.98,Credit Card,Dine-In,10,26.0,No,Cold,,3.0,Chicken Breast,0.4143,105.81,23.9,Adequate,0.0663,Completed,Downtown,1,,Yes,2,4,Sunday,Saturday,4,18-24,Gold,4,4,0,1,0,0,1,4.0,1.7142857142857142
ORD-10572,CUST-1386,2024-12-21,12:42,Saturday,51,12,Winter,Cheesecake,Desserts,1,5.99,5.99,Online,Dine-In,4,27.0,No,Rainy,,4.0,Cream Cheese,0.1182,109.44,16.82,Adequate,0.028,Completed,Suburbs,1,,Yes,2,5,Saturday,Sunday,5,18-24,Platinum,2,5,0,2,0,0,2,2.0,2.5714285714285716
ORD-10471,CUST-1450,2024-12-21,16:31,Saturday,51,12,Winter,Classic Burger,Burgers,2,8.99,17.98,Cash,Dine-In,9,7.0,No,Cold,,4.0,Beef Patty,0.3575,29.53,32.45,Low Stock,0.0338,Completed,City Center,0,,Yes,4,12,Monday,Saturday,5,18-24,Gold,3,5,0,1,0,0,4,3.0,2.0
ORD-10305,CUST-1107,2024-12-21,16:58,Saturday,51,12,Winter,Classic Burger,Burgers,5,8.99,44.95,Cash,Dine-In,8,27.0,No,Cloudy,,5.0,Beef Patty,0.8565,49.58,19.14,Adequate,0.0694,Completed,Downtown,0,,No,4,12,Monday,Saturday,5,45-54,Silver,3,5,0,3,0,0,1,1.0,2.5714285714285716
ORD-10641,CUST-1303,2024-12-21,20:22,Saturday,51,12,Winter,Mushroom Soup,Soups,2,6.99,13.98,Credit Card,Dine-In,10,25.0,No,Cold,,4.0,Mushrooms,0.6196,33.12,27.18,Adequate,0.077,Completed,Airport,1,,Yes,2,3,Sunday,Saturday,5,25-34,Platinum,1,5,0,1,0,0,3,1.0,1.5714285714285714
ORD-10964,CUST-1248,2024-12-22,10:43,Sunday,51,12,Winter,Spaghetti Carbonara,Pasta,5,11.47,57.35,Credit Card,Dine-In,17,13.0,Yes,Snowy,,5.0,Spaghetti,0.8875,78.0,28.86,Adequate,0.0475,Completed,City Center,0,,Yes,1,5,Friday,Saturday,6,55+,Platinum,0,6,0,0,0,1,4,1.0,3.4285714285714284
ORD-10017,CUST-1467,2024-12-22,12:10,Sunday,51,12,Winter,BBQ Chicken Pizza,Pizza,1,15.99,15.99,Debit Card,Dine-In,22,27.0,No,Cloudy,,4.0,Pizza Dough,0.28,91.66,25.18,Adequate,0.0342,Completed,Mall Branch,1,,No,1,1,Monday,Sunday,6,25-34,Platinum,6,6,0,3,0,0,0,2.0,1.7142857142857142
ORD-10979,CUST-1054,2024-12-22,22:00,Sunday,51,12,Winter,Shawarma Wrap,Wraps,2,9.99,19.98,Debit Card,Takeaway,12,,No,Cloudy,,1.0,Chicken Breast,0.4081,43.17,22.96,Adequate,0.068,Completed,Airport,0,25.0,Yes,2,4,Sunday,Saturday,6,35-44,Platinum,4,6,0,3,1,0,3,1.0,1.8571428571428572
ORD-10181,CUST-1464,2024-12-23,12:01,Monday,52,12,Winter,Pepperoni Pizza,Pizza,3,14.49,43.47,Digital Wallet,Dine-In,15,2.0,No,Cloudy,,5.0,Pizza Dough,0.8491,58.15,21.43,Adequate,0.0218,Pending,Mall Branch,1,,No,3,9,Sunday,Sunday,0,55+,Silver,6,0,0,3,0,0,0,3.0,2.142857142857143
ORD-10320,CUST-1109,2024-12-23,13:19,Monday,52,12,Winter,Pepperoni Pizza,Pizza,4,14.49,57.96,Online,Takeaway,21,,No,Cold,,4.0,Pizza Dough,1.1541,53.61,26.96,Adequate,0.1394,Completed,City Center,1,57.0,No,3,9,Sunday,Saturday,0,45-54,Silver,6,0,0,1,1,0,4,3.0,2.2857142857142856
ORD-10883,CUST-1442,2024-12-23,22:08,Monday,52,12,Winter,French Fries,Sides,3,3.99,11.97,Digital Wallet,Takeaway,8,,No,Cloudy,,,Potatoes,0.6507,104.84,28.68,Adequate,0.1103,Cancelled,Airport,0,20.0,Yes,2,5,Saturday,Saturday,0,55+,Silver,9,0,0,3,1,0,3,2.0,2.857142857142857
ORD-10840,CUST-1051,2024-12-24,19:19,Tuesday,52,12,Winter,Pepperoni Pizza,Pizza,2,14.49,28.98,Debit Card,Dine-In,18,21.0,No,Cloudy,Christmas Eve,4.0,Pizza Dough,0.581,90.64,26.27,Adequate,0.0656,Completed,Mall Branch,1,,No,3,9,Sunday,Sunday,1,25-34,Bronze,6,1,0,3,0,0,0,1.0,2.4285714285714284
ORD-10351,CUST-1456,2024-12-24,16:34,Tuesday,52,12,Winter,Falafel Wrap,Wraps,1,7.22,7.22,Credit Card,Dine-In,11,3.0,Yes,Cold,Christmas Eve,,Chickpeas,0.1373,79.26,29.52,Adequate,0.0228,Cancelled,Airport,0,,No,2,3,Monday,Saturday,1,35-44,Silver,4,1,0,1,0,1,3,2.0,1.5714285714285714
ORD-10056,CUST-1402,2024-12-24,17:54,Tuesday,52,12,Winter,Shawarma Wrap,Wraps,4,9.99,39.96,Debit Card,Dine-In,8,25.0,No,Cold,Christmas Eve,4.0,Chicken Breast,0.8161,33.27,17.92,Adequate,0.1266,Completed,Mall Branch,0,,No,1,4,Sunday,Sunday,1,18-24,Platinum,4,1,0,1,0,0,0,1.0,2.2857142857142856
ORD-10180,CUST-1500,2024-12-25,17:49,Wednesday,52,12,Winter,Onion Rings,Sides,1,4.49,4.49,Credit Card,Takeaway,9,,No,Cloudy,Christmas Day,4.0,Onions,0.1874,64.89,25.22,Adequate,0.0256,Pending,City Center,0,40.0,No,1,1,Sunday,Saturday,2,35-44,Gold,9,2,0,3,1,0,4,4.0,1.8571428571428572
ORD-10459,CUST-1458,2024-12-25,18:56,Wednesday,52,12,Winter,Mango Smoothie,Beverages,1,4.67,4.67,Online,Dine-In,4,14.0,Yes,Rainy,Christmas Day,2.0,Mango,0.2086,41.76,22.28,Adequate,0.0362,Completed,Suburbs,1,,Yes,1,1,Saturday,Sunday,2,18-24,Bronze,5,2,0,2,0,1,2,4.0,2.7142857142857144
ORD-10898,CUST-1345,2024-12-26,17:16,Thursday,52,12,Winter,Veggie Burger,Burgers,2,9.49,18.98,Credit Card,Takeaway,11,,No,Cloudy,,5.0,Veggie Patty,0.3531,72.99,21.0,Adequate,0.0604,Completed,Airport,0,55.0,No,3,10,Saturday,Saturday,3,55+,Silver,3,3,0,3,1,0,3,1.0,2.857142857142857
ORD-10438,CUST-1271,2024-12-26,17:20,Thursday,52,12,Winter,Spaghetti Carbonara,Pasta,1,13.49,13.49,Credit Card,Dine-In,14,23.0,No,Cold,,3.0,Spaghetti,0.1839,24.27,21.55,Adequate,0.0124,Completed,City Center,0,,No,3,5,Friday,Saturday,3,18-24,Silver,0,3,0,1,0,0,4,3.0,3.142857142857143
ORD-10183,CUST-1394,2024-12-27,19:58,Friday,52,12,Winter,Veggie Burger,Burgers,4,8.07,32.28,Digital Wallet,Takeaway,11,,Yes,Cold,,4.0,Veggie Patty,0.6892,56.82,16.15,Adequate,0.123,Pending,Suburbs,1,36.0,No,3,10,Saturday,Sunday,4,18-24,Gold,3,4,0,1,1,1,2,5.0,2.7142857142857144
ORD-10480,CUST-1306,2024-12-28,08:18,Saturday,52,12,Winter,Spaghetti Carbonara,Pasta,2,13.49,26.98,Online,Dine-In,13,13.0,No,Cloudy,,5.0,Spaghetti,0.3488,56.79,34.92,Adequate,0.0771,Completed,Suburbs,0,,Yes,3,5,Friday,Sunday,5,45-54,Silver,0,5,0,3,0,0,2,2.0,3.142857142857143
ORD-10738,CUST-1356,2024-12-28,11:07,Saturday,52,12,Winter,Hot Coffee,Beverages,1,3.49,3.49,Credit Card,Dine-In,4,23.0,No,Cold,,4.0,Coffee Beans,0.018,106.01,30.01,Adequate,0.0153,Completed,Downtown,1,,Yes,1,1,Saturday,Saturday,5,25-34,Gold,5,5,0,1,0,0,1,3.0,1.7142857142857142
ORD-10624,CUST-1193,2024-12-28,13:32,Saturday,52,12,Winter,French Fries,Sides,2,3.99,7.98,Credit Card,Dine-In,5,26.0,No,Snowy,,4.0,Potatoes,0.4458,25.57,18.32,Adequate,0.0191,Completed,Airport,1,,No,2,5,Saturday,Saturday,5,18-24,Silver,9,5,0,0,0,0,3,1.0,3.0
ORD-10816,CUST-1006,2024-12-28,15:02,Saturday,52,12,Winter,Spaghetti Carbonara,Pasta,2,13.49,26.98,Credit Card,Dine-In,14,27.0,No,Cold,,,Spaghetti,0.3596,68.22,26.89,Adequate,0.0632,Completed,Suburbs,0,,Yes,3,5,Friday,Sunday,5,18-24,Gold,0,5,0,1,0,0,2,4.0,2.857142857142857
ORD-10189,CUST-1030,2024-12-28,22:45,Saturday,52,12,Winter,Falafel Wrap,Wraps,2,8.49,16.98,Cash,Dine-In,8,13.0,No,Cold,,5.0,Chickpeas,0.2897,113.44,19.5,Adequate,0.07,Pending,Mall Branch,0,,No,2,3,Monday,Sunday,5,45-54,Bronze,4,5,0,1,0,0,0,2.0,1.5714285714285714
ORD-10215,CUST-1015,2024-12-29,17:34,Sunday,52,12,Winter,Classic Burger,Burgers,2,8.99,17.98,Debit Card,Dine-In,9,20.0,No,Snowy,,5.0,Beef Patty,0.3732,31.48,19.34,Adequate,0.0254,Completed,Mall Branch,0,,No,1,2,Monday,Sunday,6,45-54,Platinum,3,6,0,0,0,0,0,2.0,2.5714285714285716
ORD-10771,CUST-1215,2024-12-29,20:27,Sunday,52,12,Winter,Veggie Burger,Burgers,4,9.49,37.96,Online,Dine-In,10,16.0,No,Cloudy,,,Veggie Patty,0.6862,59.33,32.71,Adequate,0.0549,Cancelled,Mall Branch,1,,Yes,3,10,Saturday,Sunday,6,45-54,Gold,3,6,0,3,0,0,0,3.0,2.857142857142857
ORD-10002,CUST-1305,2024-12-30,16:48,Monday,1,12,Winter,Classic Burger,Burgers,1,8.99,8.99,Cash,Takeaway,13,,No,Cold,,5.0,Beef Patty,0.1755,75.32,33.85,Adequate,0.036,Completed,City Center,0,47.0,No,4,11,Monday,Saturday,0,55+,Silver,3,0,0,1,1,0,4,1.0,2.5714285714285716
ORD-10652,CUST-1043,2024-12-30,18:15,Monday,1,12,Winter,Ice Cream Sundae,Desserts,2,5.49,10.98,Cash,Takeaway,4,,No,Cold,,4.0,Ice Cream,0.362,72.23,15.06,Adequate,0.0101,Completed,Airport,1,21.0,No,1,2,Wednesday,Saturday,0,35-44,Silver,2,0,0,1,1,0,3,1.0,2.5714285714285716
ORD-10878,CUST-1117,2024-12-31,12:25,Tuesday,1,12,Winter,Mango Smoothie,Beverages,1,5.49,5.49,Online,Dine-In,4,5.0,No,Cold,New Year's Eve,4.0,Mango,0.1925,27.33,16.58,Adequate,0.019,Pending,Airport,1,,Yes,1,1,Saturday,Saturday,1,18-24,Bronze,5,1,0,1,0,0,3,3.0,2.4285714285714284
ORD-10231,CUST-1361,2024-12-31,14:42,Tuesday,1,12,Winter,Veggie Burger,Burgers,1,9.49,9.49,Debit Card,Dine-In,10,16.0,No,Cold,New Year's Eve,,Veggie Patty,0.1768,105.88,23.87,Adequate,0.0452,Cancelled,Airport,1,,No,2,3,Saturday,Saturday,1,25-34,Bronze,3,1,0,1,0,0,3,1.0,2.857142857142857
